boroct2020,geoid,borough,nta,tract,risk_score,priority_score,archetype,units_res,at_risk_units,estimated_protected_units_per_1m,evictions,displacement_pressure_raw,market_heat_raw,stock_vuln_raw,early_risk_score
1013900,36061013900,Manhattan,Hell's Kitchen,139,86.7,100.0,Preserve,7415,5665.0,340.0,109.0,14.699932569116655,128599.92892784896,100.49668874172198,84.1
1015700,36061015700,Manhattan,Upper West Side-Lincoln Square,157,66.1,100.0,Preserve,7410,7323.0,439.0,44.0,5.937921727395412,174960.8338731444,129.73489932885923,70.7
1011000,36061011000,Manhattan,Upper East Side-Lenox Hill-Roosevelt Island,110,90.2,99.9,Preserve,5386,5105.0,306.0,77.0,14.296323802450798,159449.34441143705,115.39726027397273,90.5
1013400,36061013400,Manhattan,Upper East Side-Lenox Hill-Roosevelt Island,134,70.1,99.9,Preserve,7825,6678.0,400.0,59.0,7.539936102236422,150836.576485623,105.27490039840632,76.3
1018900,36061018900,Manhattan,Upper West Side-Manhattan Valley,189,91.1,99.8,Preserve,5304,4839.0,290.0,100.0,18.85369532428356,67610.50546757164,110.49704142011842,91.5
1013800,36061013800,Manhattan,Upper East Side-Yorkville,138,67.7,99.8,Preserve,8658,6455.0,387.0,68.0,7.854007854007854,136015.09274659274,99.72142857142876,68.3
1024500,36061024500,Manhattan,Washington Heights (South),245,93.6,99.7,Preserve,5162,4610.0,276.0,271.0,52.499031383184814,42374.38066640837,108.71028037383189,91.8
1003800,36061003800,Manhattan,East Village,38,80.1,99.7,Preserve,5545,5413.0,324.0,51.0,9.197475202885483,138174.10333633903,123.4610951008649,75.3
1003200,36061003200,Manhattan,East Village,32,87.3,99.6,Preserve,5066,4879.0,292.0,63.0,12.435846821950257,126929.33241215949,119.46718146718149,85.9
1017300,36061017300,Manhattan,Upper West Side (Central),173,80.8,99.6,Preserve,5296,5217.0,312.0,48.0,9.06344410876133,167508.33459214502,128.17664670658678,86.1
1017900,36061017900,Manhattan,Upper West Side (Central),179,94.4,99.6,Preserve,4735,4543.0,271.0,87.0,18.373812038014783,137996.70559662092,118.34228187919484,96.7
1009800,36061009800,Manhattan,East Midtown-Turtle Bay,98,78.8,99.5,Preserve,6363,5336.0,319.0,61.0,9.586672953009588,173353.8818167531,104.1621621621623,78.7
1017700,36061017700,Manhattan,Upper West Side (Central),177,78.5,99.5,Preserve,5725,5316.0,317.0,54.0,9.43231441048035,110775.63441048034,112.48739495798327,81.6
1012700,36061012700,Manhattan,Hell's Kitchen,127,99.9,99.4,Preserve,4596,4100.0,245.0,184.0,40.034812880765884,137633.20604873804,108.63250883392243,99.4
1009300,36061009300,Manhattan,Chelsea-Hudson Yards,93,82.6,99.4,Preserve,4963,4930.0,294.0,48.0,9.671569615152125,163370.30344549668,132.8958333333337,88.6
1015900,36061015900,Manhattan,Upper West Side-Lincoln Square,159,63.3,99.3,Preserve,6468,6276.0,374.0,36.0,5.565862708719852,180025.8658008658,121.91499999999996,65.2
3003300,36047003300,Brooklyn,Fort Greene,33,83.6,99.3,Preserve,5011,4756.0,283.0,54.0,10.77629215725404,134415.59548992218,115.74793388429771,86.3
1019300,36061019300,Manhattan,Upper West Side-Manhattan Valley,193,93.0,99.2,Preserve,4780,4208.0,250.0,97.0,20.292887029288703,82825.58242677824,107.3710691823901,87.1
1018700,36061018700,Manhattan,Upper West Side-Manhattan Valley,187,90.5,99.2,Preserve,4533,4309.0,256.0,69.0,15.221707478491066,108628.84469446282,116.03311258278154,91.2
1000700,36061000700,Manhattan,Financial District-Battery Park City,7,77.4,99.1,Preserve,9132,4841.0,288.0,120.0,13.140604467805518,161964.67783618046,91.03846153846166,70.1
1003400,36061003400,Manhattan,East Village,34,89.0,99.1,Preserve,4677,4332.0,258.0,65.0,13.897797733589908,139065.62369039984,112.3159722222224,90.8
1017100,36061017100,Manhattan,Upper West Side (Central),171,75.8,99.1,Preserve,5080,4966.0,295.0,39.0,7.677165354330708,161256.79881889763,123.73595505618005,80.2
1000600,36061000600,Manhattan,Chinatown-Two Bridges,6,89.8,99.0,Preserve,5233,4151.0,247.0,90.0,17.198547678196064,117289.17389642652,101.68503937007881,85.9
1023000,36061023000,Manhattan,Harlem (North),230,99.4,99.0,Preserve,4051,3765.0,224.0,297.0,73.3152308072081,51365.54949395211,112.59482758620675,99.0
1011800,36061011800,Manhattan,Upper East Side-Lenox Hill-Roosevelt Island,118,67.2,98.9,Preserve,6313,5464.0,324.0,43.0,6.811341675906858,176004.1241881831,106.19841269841277,69.7
1021600,36061021600,Manhattan,Harlem (South),216,99.5,98.9,Preserve,3946,3737.0,222.0,158.0,40.040547389761784,71970.70729853016,115.35046728971952,98.7
1013300,36061013300,Manhattan,Hell's Kitchen,133,95.1,98.8,Preserve,4651,3748.0,222.0,105.0,22.57579015265534,161482.7295205332,102.2828282828284,94.7
1018300,36061018300,Manhattan,Upper West Side (Central),183,86.6,98.8,Preserve,4763,4148.0,246.0,62.0,13.017006088599622,130044.19483518791,106.5714285714289,87.0
1007300,36061007300,Manhattan,West Village,73,82.8,98.7,Preserve,4250,4239.0,251.0,41.0,9.647058823529411,178784.53788235295,139.19191919191917,90.2
1018100,36061018100,Manhattan,Upper West Side (Central),181,72.2,98.7,Preserve,4792,4602.0,273.0,36.0,7.512520868113523,126938.06740400668,118.68023255813955,70.1
1012400,36061012400,Manhattan,Upper East Side-Lenox Hill-Roosevelt Island,124,63.9,98.7,Preserve,6673,5314.0,315.0,46.0,6.893451221339727,149265.1539037914,101.80769230769238,57.3
1019100,36061019100,Manhattan,Upper West Side-Manhattan Valley,191,70.1,98.6,Preserve,5012,4721.0,279.0,38.0,7.581803671189146,98810.63328012769,114.14201183431965,64.6
1022500,36061022500,Manhattan,Hamilton Heights-Sugar Hill,225,94.5,98.6,Preserve,3736,3494.0,207.0,145.0,38.811563169164884,46148.23875802998,113.26404494382041,92.9
1006600,36061006600,Manhattan,Murray Hill-Kips Bay,66,74.8,98.5,Preserve,7174,4390.0,259.0,81.0,11.290772233063842,117796.26944521884,94.23664122137393,74.8
1016900,36061016900,Manhattan,Upper West Side (Central),169,66.0,98.5,Preserve,5049,4976.0,294.0,31.0,6.1398296692414345,147097.54644484055,128.29084967320273,77.0
1021100,36061021100,Manhattan,Morningside Heights,211,77.7,98.4,Preserve,5024,4215.0,249.0,57.0,11.345541401273884,68587.47511942674,104.219178082192,84.8
1009000,36061009000,Manhattan,East Midtown-Turtle Bay,90,70.7,98.4,Preserve,6379,4637.0,274.0,53.0,8.308512306004076,165836.34362752782,98.67272727272712,79.4
1016100,36061016100,Manhattan,Upper West Side (Central),161,77.2,98.3,Preserve,4236,4198.0,248.0,33.0,7.790368271954674,186779.71860245513,131.82965299684565,78.0
1016600,36061016600,Manhattan,East Harlem (South),166,97.8,98.3,Preserve,3548,3215.0,190.0,114.0,32.13077790304396,70501.22125140924,109.68205128205113,97.0
1006500,36061006500,Manhattan,Greenwich Village,65,86.9,98.2,Preserve,3677,3611.0,213.0,42.0,11.422355180853957,162472.55806363883,125.93854748603371,91.4
1019500,36061019500,Manhattan,Upper West Side-Manhattan Valley,195,84.9,98.2,Preserve,4005,3659.0,216.0,48.0,11.985018726591761,110844.05393258427,110.59420289855075,69.9
1024100,36061024100,Manhattan,Washington Heights (South),241,95.3,98.2,Preserve,3552,3288.0,194.0,124.0,34.909909909909906,51075.498592342345,112.24175824175836,94.8
1025300,36061025300,Manhattan,Washington Heights (South),253,88.1,98.1,Preserve,3971,3517.0,207.0,182.0,45.83228405943087,39295.51246537396,107.64285714285711,84.5
1008000,36061008000,Manhattan,Murray Hill-Kips Bay,80,74.2,98.1,Preserve,4242,4154.0,245.0,32.0,7.5436115040075435,151341.93611504007,124.28571428571445,74.6
1022900,36061022900,Manhattan,Hamilton Heights-Sugar Hill,229,96.3,98.0,Preserve,3474,3183.0,187.0,151.0,43.465745538284395,48542.28123200921,111.01874999999995,95.5
1026100,36061026100,Manhattan,Washington Heights (South),261,85.6,98.0,Preserve,3801,3570.0,210.0,255.0,67.0876085240726,36094.47250723494,113.85815602836874,84.6
1007700,36061007700,Manhattan,West Village,77,75.0,97.9,Preserve,4006,3988.0,234.0,30.0,7.488766849725412,173774.46205691464,135.35514018691606,86.8
1014402,36061014402,Manhattan,Upper East Side-Yorkville,144.02,73.9,97.9,Preserve,4452,4116.0,242.0,35.0,7.861635220125786,130577.10601976639,112.08762886597924,72.1
1017500,36061017500,Manhattan,Upper West Side (Central),175,56.9,97.8,Preserve,5339,5152.0,302.0,23.0,4.30792283199101,173522.15527252294,120.30555555555566,58.2
1008100,36061008100,Manhattan,Chelsea-Hudson Yards,81,59.4,97.8,Preserve,5768,4964.0,291.0,32.0,5.547850208044383,171097.21012482664,105.89237668161445,61.2
1022800,36061022800,Manhattan,Harlem (North),228,99.4,97.8,Preserve,3140,2934.0,172.0,168.0,53.503184713375795,57173.95477707007,112.97360703812319,98.2
1001800,36061001800,Manhattan,Lower East Side,18,86.3,97.7,Preserve,3805,3355.0,197.0,47.0,12.35216819973719,144202.22049934298,107.5353982300885,85.3
1017000,36061017000,Manhattan,East Harlem (South),170,90.1,97.7,Preserve,4073,3225.0,189.0,118.0,28.971274245028237,49398.83059170145,101.63888888888869,91.5
1009100,36061009100,Manhattan,Chelsea-Hudson Yards,91,76.2,97.6,Preserve,4937,3760.0,220.0,46.0,9.317399230301803,178319.8377557221,100.41843971631192,79.3
1023200,36061023200,Manhattan,Harlem (North),232,95.6,97.6,Preserve,3559,2988.0,175.0,236.0,66.31076144984546,43677.816802472604,104.2393162393164,94.1
1023100,36061023100,Manhattan,Hamilton Heights-Sugar Hill,231,96.6,97.5,Preserve,2974,2880.0,168.0,160.0,53.79959650302623,44758.801277740415,121.4099616858241,94.6
1004100,36061004100,Manhattan,SoHo-Little Italy-Hudson Square,41,73.7,97.5,Preserve,4116,3788.0,222.0,32.0,7.774538386783284,135729.37706511177,111.57633587786245,80.5
1007200,36061007200,Manhattan,Murray Hill-Kips Bay,72,57.4,97.4,Preserve,5922,4814.0,281.0,33.0,5.572441742654508,144456.56484295847,102.69230769230762,61.9
1008900,36061008900,Manhattan,Chelsea-Hudson Yards,89,89.7,97.4,Preserve,3125,3090.0,181.0,41.0,13.12,182918.4256,129.95000000000005,89.8
1004900,36061004900,Manhattan,SoHo-Little Italy-Hudson Square,49,85.3,97.3,Preserve,3226,3201.0,187.0,33.0,10.229386236825789,459393.18381897087,132.20161290322608,82.1
1022000,36061022000,Manhattan,Harlem (South),220,96.8,97.3,Preserve,2891,2818.0,165.0,76.0,26.288481494292633,73713.26911103424,123.0028985507247,94.5
1023501,36061023501,Manhattan,Hamilton Heights-Sugar Hill,235.01,97.7,97.3,Preserve,2967,2814.0,164.0,142.0,47.8597910347152,49567.46545331985,115.56687898089194,96.6
1006700,36061006700,Manhattan,West Village,67,78.1,97.2,Preserve,3506,3470.0,202.0,29.0,8.27153451226469,154099.5784369652,130.81308411214968,81.8
1014000,36061014000,Manhattan,Upper East Side-Carnegie Hill,140,64.3,97.2,Preserve,4745,4195.0,245.0,29.0,6.111696522655427,242453.8611169652,107.58984375,73.9
3082200,36047082200,Brooklyn,East Flatbush-Erasmus,822,96.4,97.1,Preserve,4035,2792.0,163.0,275.0,68.15365551425032,49881.41833952912,97.13304721030045,94.2
1022700,36061022700,Manhattan,Hamilton Heights-Sugar Hill,227,98.2,97.1,Preserve,2782,2718.0,158.0,112.0,40.2588066139468,53990.65600287563,123.72923076923075,97.2
1022600,36061022600,Manhattan,Harlem (North),226,98.1,97.0,Preserve,2879,2709.0,158.0,130.0,45.15456755817993,52388.97499131643,114.05487804878044,96.4
1023700,36061023700,Manhattan,Hamilton Heights-Sugar Hill,237,94.7,97.0,Preserve,2966,2799.0,163.0,141.0,47.53877275792313,43826.4012137559,114.41304347826076,93.9
1019900,36061019900,Manhattan,Morningside Heights,199,65.5,96.9,Preserve,4325,4008.0,233.0,31.0,7.167630057803468,84585.83514450867,112.36036036036035,70.6
1000800,36061000800,Manhattan,Chinatown-Two Bridges,8,71.7,96.9,Preserve,3952,3682.0,214.0,40.0,10.121457489878543,54868.56072874494,112.87662337662323,66.5
1022400,36061022400,Manhattan,Harlem (North),224,97.1,96.9,Preserve,3245,2693.0,157.0,128.0,39.44530046224962,55865.81171032358,103.66137566137559,97.6
1018200,36061018200,Manhattan,East Harlem (North),182,97.6,96.8,Preserve,3155,2661.0,155.0,131.0,41.521394611727416,55686.428209191756,104.44262295081967,98.1
1002800,36061002800,Manhattan,East Village,28,89.1,96.8,Preserve,4198,2882.0,167.0,79.0,18.81848499285374,104736.44354454502,96.9140625,89.3
1014602,36061014602,Manhattan,Upper East Side-Yorkville,146.02,63.8,96.7,Preserve,5680,4010.0,233.0,43.0,7.570422535211268,131222.66390845072,97.81428571428569,78.4
1003900,36061003900,Manhattan,Tribeca-Civic Center,39,76.1,96.7,Preserve,3526,3345.0,194.0,27.0,7.657402155416903,343259.84288145206,115.61931818181847,86.1
3031500,36047031500,Brooklyn,Crown Heights (North),315,97.1,96.6,Preserve,2673,2585.0,150.0,79.0,29.55480733258511,64872.0860456416,121.14985590778087,97.8
1017200,36061017200,Manhattan,East Harlem (South),172,96.8,96.6,Preserve,2942,2586.0,150.0,96.0,32.63086335825969,61491.68898708362,107.29834254143634,96.9
1008700,36061008700,Manhattan,Chelsea-Hudson Yards,87,65.4,96.5,Preserve,4487,3745.0,217.0,30.0,6.685981724983285,186891.32404724762,103.86111111111131,75.7
1023300,36061023300,Manhattan,Hamilton Heights-Sugar Hill,233,97.2,96.5,Preserve,2801,2535.0,147.0,113.0,40.342734737593716,52218.92252766869,109.6470588235295,94.7
1026500,36061026500,Manhattan,Washington Heights (North),265,93.0,96.4,Preserve,2953,2551.0,148.0,115.0,38.94344734168642,45038.66000677277,106.0563380281692,93.6
1018800,36061018800,Manhattan,East Harlem (North),188,99.7,96.4,Preserve,2661,2413.0,140.0,158.0,59.37617437053739,60413.40210447201,109.8122605363983,98.7
1029100,36061029100,Manhattan,Inwood,291,81.6,96.4,Preserve,3940,2987.0,173.0,253.0,64.21319796954316,36345.861421319794,100.21359223300965,78.1
1016300,36061016300,Manhattan,Upper West Side (Central),163,57.1,96.3,Preserve,4243,4102.0,237.0,18.0,4.242281404666509,211586.7209521565,121.00526315789489,61.3
1009700,36061009700,Manhattan,Chelsea-Hudson Yards,97,83.3,96.3,Preserve,3142,2828.0,163.0,36.0,11.457670273711011,105269.88733290897,109.21276595744689,85.0
1026300,36061026300,Manhattan,Washington Heights (South),263,92.9,96.2,Preserve,2926,2519.0,145.0,171.0,58.44155844155844,41426.60628844839,105.91666666666674,91.8
1027100,36061027100,Manhattan,Washington Heights (North),271,90.7,96.2,Preserve,3070,2579.0,149.0,122.0,39.73941368078176,42605.524755700324,104.26136363636351,88.7
1020800,36061020800,Manhattan,Harlem (North),208,98.0,96.1,Preserve,2696,2381.0,137.0,143.0,53.04154302670623,51299.62982195846,107.560606060606,97.5
1016500,36061016500,Manhattan,Upper West Side (Central),165,56.6,96.1,Preserve,4170,4118.0,237.0,17.0,4.07673860911271,177406.0793764988,129.39024390243912,56.1
3019900,36047019900,Brooklyn,Clinton Hill,199,87.8,96.0,Preserve,2753,2634.0,152.0,36.0,13.076643661460226,113627.27351979658,117.31636363636358,82.3
4020800,36081020800,Queens,Jamaica,208,93.3,96.0,Preserve,3391,2478.0,143.0,107.0,31.554113830728397,56580.964907107045,98.86684782608722,49.5
1004800,36061004800,Manhattan,Gramercy,48,56.7,96.0,Preserve,4282,4089.0,236.0,20.0,4.670714619336758,142157.03643157403,116.64974619289364,56.4
1012200,36061012200,Manhattan,Upper East Side-Carnegie Hill,122,76.8,95.9,Preserve,3023,2973.0,171.0,23.0,7.608336089976844,456196.63579225936,126.4434782608696,79.5
1014802,36061014802,Manhattan,Upper East Side-Carnegie Hill,148.02,66.2,95.9,Preserve,4288,3467.0,199.0,30.0,6.996268656716418,198738.10237873133,102.39130434782601,64.7
1006300,36061006300,Manhattan,Greenwich Village,63,54.5,95.8,Preserve,4168,4127.0,237.0,15.0,3.598848368522073,196308.5321497121,131.14012738853512,56.6
1005000,36061005000,Manhattan,Gramercy,50,64.5,95.8,Preserve,3656,3529.0,203.0,21.0,5.743982494529541,174337.9816739606,120.31404958677672,68.5
1004300,36061004300,Manhattan,SoHo-Little Italy-Hudson Square,43,90.1,95.7,Preserve,2672,2471.0,142.0,37.0,13.847305389221557,264530.66167664673,112.09392265193355,94.0
1022301,36061022301,Manhattan,Manhattanville-West Harlem,223.01,94.2,95.7,Preserve,2552,2374.0,136.0,112.0,43.8871473354232,44067.2025862069,112.85087719298235,91.9
3016300,36047016300,Brooklyn,Prospect Heights,163,79.3,95.6,Preserve,2766,2757.0,158.0,24.0,8.676789587852495,139324.7903109183,137.26299694189606,84.0
2037900,36005037900,Bronx,Mount Hope,379,96.9,95.6,Preserve,2475,2230.0,128.0,200.0,80.80808080808082,43287.09090909091,109.25179856115119,95.8
1011500,36061011500,Manhattan,Hell's Kitchen,115,87.4,95.5,Preserve,3595,2460.0,141.0,55.0,15.2990264255911,188864.4478442281,96.7777777777776,70.7
3031300,36047031300,Brooklyn,Crown Heights (North),313,96.9,95.5,Preserve,2290,2225.0,127.0,82.0,35.80786026200873,53012.68864628821,122.16809116809122,98.5
1011100,36061011100,Manhattan,Chelsea-Hudson Yards,111,84.6,95.5,Preserve,4072,2549.0,146.0,66.0,16.208251473477407,110682.23035363457,94.63157894736833,80.8
1005800,36061005800,Manhattan,Midtown South-Flatiron-Union Square,58,79.2,95.4,Preserve,2832,2691.0,154.0,24.0,8.474576271186441,255766.4699858757,115.859375,82.0
3007700,36047007700,Brooklyn,Carroll Gardens-Cobble Hill-Gowanus-Red Hook,77,71.5,95.4,Preserve,3209,3007.0,172.0,24.0,7.47896540978498,132110.98286070427,113.5697074010327,69.6
3007500,36047007500,Brooklyn,Carroll Gardens-Cobble Hill-Gowanus-Red Hook,75,43.3,95.3,Produce,5158,4919.0,281.0,6.0,1.1632415664986429,108199.43291973633,116.3695937090431,45.8
1007100,36061007100,Manhattan,West Village,71,61.5,95.3,Preserve,3530,3462.0,198.0,18.0,5.09915014164306,193622.23937677054,125.06201550387595,67.2
1021303,36061021303,Manhattan,Manhattanville-West Harlem,213.03,91.6,95.2,Preserve,2596,2308.0,132.0,107.0,41.217257318952235,42296.01502311248,108.12962962962956,88.0
1027900,36061027900,Manhattan,Washington Heights (North),279,63.7,95.2,Preserve,4231,3316.0,189.0,225.0,53.17891751359017,33183.75088631529,101.32673267326709,55.1
3012902,36047012902,Brooklyn,Park Slope,129.02,83.2,95.1,Preserve,2538,2467.0,141.0,26.0,10.24428684003152,149733.21315996847,122.21070234113722,76.5
1012800,36061012800,Manhattan,Upper East Side-Carnegie Hill,128,53.4,95.1,Preserve,3967,3853.0,220.0,13.0,3.277035543231661,289014.11267960677,122.11344537815125,58.0
1008800,36061008800,Manhattan,Murray Hill-Kips Bay,88,45.2,95.1,Produce,8820,4632.0,264.0,46.0,5.215419501133787,118277.67857142857,90.89795918367349,43.7
1003300,36061003300,Manhattan,Tribeca-Civic Center,33,60.3,95.0,Preserve,3423,3403.0,194.0,16.0,4.674262342973999,425550.35086181713,133.1992337164752,51.9
1021900,36061021900,Manhattan,Manhattanville-West Harlem,219,83.5,95.0,Preserve,2692,2450.0,140.0,62.0,23.031203566121842,43496.209881129274,110.34782608695673,82.1
3032100,36047032100,Brooklyn,Crown Heights (South),321,97.9,94.9,Preserve,2378,2079.0,118.0,116.0,48.78048780487805,52758.99873843566,106.8493150684933,98.3
1024700,36061024700,Manhattan,Washington Heights (South),247,87.6,94.9,Preserve,2582,2322.0,132.0,79.0,30.596436870642915,42247.44810224632,109.16666666666674,84.7
1013700,36061013700,Manhattan,Midtown-Times Square,137,53.1,94.8,Preserve,6480,3811.0,217.0,39.0,6.018518518518518,310921.2512345679,93.3472222222224,60.9
1010601,36061010601,Manhattan,East Midtown-Turtle Bay,106.01,51.8,94.8,Preserve,5723,3906.0,222.0,29.0,5.067272409575398,188926.66486108684,96.71764705882356,59.8
3079802,36047079802,Brooklyn,Prospect Lefferts Gardens-Wingate,798.02,88.4,94.7,Preserve,2726,2281.0,130.0,100.0,36.68378576669112,41643.89361702128,103.97979797979792,88.1
1019400,36061019400,Manhattan,East Harlem (North),194,93.9,94.7,Preserve,2904,2147.0,122.0,114.0,39.256198347107436,50869.54579889807,99.4363636363637,91.6
3051400,36047051400,Brooklyn,Flatbush,514,83.0,94.6,Preserve,2744,2378.0,135.0,98.0,35.714285714285715,38855.68002915452,106.26347305389231,79.7
3038100,36047038100,Brooklyn,Bedford-Stuyvesant (East),381,95.3,94.6,Preserve,2216,2059.0,117.0,73.0,32.94223826714802,52440.74864620939,112.52184466019435,94.2
1001600,36061001600,Manhattan,Chinatown-Two Bridges,16,82.2,94.6,Preserve,2601,2414.0,137.0,28.0,10.765090349865437,117644.40215301808,112.41588785046724,78.9
1016700,36061016700,Manhattan,Upper West Side (Central),167,52.7,94.5,Preserve,3863,3722.0,211.0,13.0,3.365260160497023,197403.57934247993,119.50967741935483,55.0
1020600,36061020600,Manhattan,East Harlem (North),206,99.5,94.5,Preserve,2296,1962.0,111.0,128.0,55.749128919860624,61316.5862369338,105.30803571428555,99.2
3000900,36047000900,Brooklyn,Brooklyn Heights,9,68.7,94.4,Preserve,2899,2823.0,160.0,19.0,6.553984132459468,162988.63366678165,122.68468468468473,63.9
3024500,36047024500,Brooklyn,Bedford-Stuyvesant (West),245,98.7,94.4,Preserve,2101,1968.0,111.0,73.0,34.74535935268919,73301.28891004284,113.5513833992095,99.1
3020100,36047020100,Brooklyn,Clinton Hill,201,88.7,94.3,Preserve,2175,2152.0,122.0,29.0,13.333333333333334,111159.63126436781,130.50727650727686,88.2
1007800,36061007800,Manhattan,Murray Hill-Kips Bay,78,52.2,94.3,Preserve,6544,3657.0,207.0,44.0,6.723716381418092,127307.13462713937,92.34545454545446,62.7
1020000,36061020000,Manhattan,Harlem (South),200,98.8,94.2,Preserve,1949,1922.0,109.0,62.0,31.81118522319138,79957.52693689072,128.36326530612246,97.8
3033900,36047033900,Brooklyn,Crown Heights (North),339,97.5,94.2,Preserve,2057,1949.0,110.0,70.0,34.03014098201264,57994.710743801654,115.37837837837833,96.0
3036900,36047036900,Brooklyn,Ocean Hill,369,99.3,94.2,Preserve,2272,1920.0,109.0,178.0,78.34507042253522,53120.90052816901,104.53370786516871,99.3
3032900,36047032900,Brooklyn,Prospect Lefferts Gardens-Wingate,329,91.0,94.1,Preserve,2407,2078.0,117.0,120.0,49.85459077690071,40769.454507685914,106.05078125,91.2
3006500,36047006500,Brooklyn,Carroll Gardens-Cobble Hill-Gowanus-Red Hook,65,72.3,94.1,Preserve,2741,2615.0,148.0,20.0,7.296607077708866,184809.177307552,116.63968668407324,66.2
1025700,36061025700,Manhattan,Harlem (South),257,95.2,94.0,Preserve,2197,1979.0,112.0,52.0,23.668639053254438,84677.37141556668,109.23952095808409,95.1
3030500,36047030500,Brooklyn,Crown Heights (North),305,86.7,94.0,Preserve,4118,2174.0,123.0,89.0,21.612433220009713,96793.59883438563,90.94943820224717,87.7
3119800,36047119800,Brooklyn,East New York (North),1198,97.0,93.9,Preserve,2326,1936.0,109.0,101.0,43.422184006878766,53524.39552880482,103.73611111111131,96.6
3034300,36047034300,Brooklyn,Crown Heights (North),343,93.9,93.9,Preserve,2031,1994.0,112.0,65.0,32.00393894633186,48278.73018217627,125.57261410788396,96.8
1030900,36061030900,Manhattan,Kingsbridge-Marble Hill,309,78.6,93.8,Preserve,3269,2369.0,133.0,163.0,49.862343224227594,36589.24839400428,98.62032085561509,79.8
1026900,36061026900,Manhattan,Washington Heights (North),269,72.8,93.8,Preserve,2748,2531.0,142.0,148.0,53.857350800582246,33727.15065502183,111.59999999999991,67.6
3037300,36047037300,Brooklyn,Ocean Hill,373,99.6,93.8,Preserve,1942,1850.0,104.0,94.0,48.40370751802266,62759.06797116375,116.33168316831689,99.6
1022200,36061022200,Manhattan,Harlem (South),222,96.2,93.7,Preserve,2148,1906.0,107.0,52.0,24.208566108007446,105903.0656424581,107.95631067961153,95.3
1017800,36061017800,Manhattan,East Harlem (North),178,97.3,93.7,Preserve,1958,1864.0,105.0,88.0,44.9438202247191,49376.28447395301,116.15178571428555,97.4
3021500,36047021500,Brooklyn,Prospect Heights,215,86.0,93.6,Preserve,2824,2100.0,118.0,45.0,15.93484419263456,79463.5566572238,99.64539007092208,84.4
3038300,36047038300,Brooklyn,Bedford-Stuyvesant (East),383,99.1,93.6,Preserve,1892,1819.0,102.0,70.0,36.99788583509514,69621.63054968287,118.92332789559555,99.6
1006400,36061006400,Manhattan,Gramercy,64,53.3,93.5,Preserve,5840,3369.0,189.0,38.0,6.506849315068493,150613.48801369863,93.0078125,63.0
3024900,36047024900,Brooklyn,Bedford-Stuyvesant (West),249,98.7,93.5,Preserve,1814,1804.0,101.0,58.0,31.97353914002205,76456.95369349504,133.93167701863354,99.1
3007100,36047007100,Brooklyn,Carroll Gardens-Cobble Hill-Gowanus-Red Hook,71,94.8,93.4,Preserve,1855,1851.0,104.0,40.0,21.563342318059302,76426.15956873316,140.5364806866953,93.3
3082000,36047082000,Brooklyn,East Flatbush-Erasmus,820,95.5,93.4,Preserve,2550,1838.0,103.0,163.0,63.92156862745098,47096.23529411765,98.41666666666674,94.3
1011600,36061011600,Manhattan,Upper East Side-Lenox Hill-Roosevelt Island,116,93.8,93.3,Preserve,2243,1869.0,105.0,51.0,22.737405260811414,86159.25635309854,103.75862068965512,94.3
3022700,36047022700,Brooklyn,Bedford-Stuyvesant (West),227,84.8,93.3,Preserve,3322,2069.0,116.0,57.0,17.15833835039133,95341.31366646598,94.54656862745128,83.1
1013000,36061013000,Manhattan,Upper East Side-Carnegie Hill,130,59.5,93.3,Preserve,3015,2942.0,165.0,14.0,4.643449419568823,478506.6580431177,123.3901345291481,73.0
3081800,36047081800,Brooklyn,East Flatbush-Erasmus,818,94.7,93.2,Preserve,2651,1840.0,103.0,104.0,39.23047906450396,55327.36476801207,97.22685185185196,92.7
3021900,36047021900,Brooklyn,Crown Heights (North),219,87.9,93.2,Preserve,2135,1985.0,111.0,31.0,14.519906323185012,80541.15128805621,112.83928571428555,89.8
5000700,36085000700,Staten Island,St. George-New Brighton,7,87.0,93.1,Preserve,2351,1993.0,111.0,176.0,74.86176095278604,36857.7243726074,104.78181818181838,84.5
1008300,36061008300,Manhattan,Chelsea-Hudson Yards,83,94.1,93.1,Preserve,1983,1851.0,103.0,35.0,17.650025214321733,184526.4548663641,112.93670886075961,96.4
3015900,36047015900,Brooklyn,Park Slope,159,62.5,93.0,Preserve,2778,2767.0,154.0,15.0,5.399568034557235,157596.24118070555,136.39717741935488,51.7
1025500,36061025500,Manhattan,Washington Heights (South),255,98.3,93.0,Preserve,2251,1759.0,98.0,77.0,34.207019102621054,107060.41759218126,101.22448979591832,95.9
1020102,36061020102,Manhattan,Harlem (South),201.02,99.0,92.9,Preserve,1819,1714.0,96.0,60.0,32.985156679494224,91402.60472787246,114.17213114754077,97.1
3043700,36047043700,Brooklyn,Bushwick (East),437,99.3,92.9,Preserve,1856,1706.0,95.0,74.0,39.87068965517242,70062.90032327586,111.32366071428555,97.9
3026700,36047026700,Brooklyn,Bedford-Stuyvesant (West),267,94.9,92.9,Preserve,1851,1802.0,100.0,44.0,23.77093462992977,68360.51539708267,122.56702898550725,98.7
3029500,36047029500,Brooklyn,Bedford-Stuyvesant (East),295,95.7,92.8,Preserve,1795,1766.0,98.0,46.0,25.62674094707521,65169.563231197775,126.63730569948211,97.3
3029700,36047029700,Brooklyn,Bedford-Stuyvesant (East),297,96.4,92.8,Preserve,1751,1738.0,97.0,49.0,27.984009137635635,61767.82295830954,132.4145383104128,98.6
1023400,36061023400,Manhattan,Harlem (North),234,90.3,92.7,Preserve,2546,1848.0,103.0,206.0,80.91123330714848,39697.563236449336,98.65333333333365,89.3
3021700,36047021700,Brooklyn,Crown Heights (North),217,98.1,92.7,Preserve,1968,1708.0,95.0,63.0,32.01219512195122,81680.22256097561,106.30625000000009,95.7
3056500,36047056500,Brooklyn,Greenpoint,565,57.7,92.6,Preserve,2933,2874.0,160.0,14.0,4.773269689737471,134700.56188203205,124.30628272251329,55.0
3022100,36047022100,Brooklyn,Crown Heights (North),221,98.5,92.6,Preserve,1950,1682.0,93.0,70.0,35.8974358974359,76024.9076923077,105.97553516819607,99.4
3035900,36047035900,Brooklyn,Crown Heights (North),359,97.3,92.5,Preserve,2440,1692.0,94.0,209.0,85.65573770491804,48742.6487704918,97.2014134275621,97.3
1002100,36061002100,Manhattan,Tribeca-Civic Center,21,49.9,92.5,Produce,3711,3319.0,184.0,11.0,2.9641606036108863,392960.3872271625,108.78125,50.9
3038700,36047038700,Brooklyn,Bedford-Stuyvesant (East),387,98.0,92.4,Preserve,2088,1678.0,93.0,78.0,37.356321839080465,70286.37931034483,102.21261682242994,97.7
3032500,36047032500,Brooklyn,Crown Heights (South),325,78.8,92.4,Preserve,2606,2081.0,115.0,79.0,30.314658480429777,39212.15387567153,101.8532110091744,82.5
1007900,36061007900,Manhattan,West Village,79,60.2,92.4,Preserve,2812,2730.0,151.0,14.0,4.978662873399715,191328.51920341395,121.92920353982322,57.5
3013900,36047013900,Brooklyn,Park Slope,139,65.6,92.3,Preserve,2602,2491.0,138.0,18.0,6.917755572636433,84631.09761721753,117.58178053830238,71.3
3012700,36047012700,Brooklyn,Carroll Gardens-Cobble Hill-Gowanus-Red Hook,127,86.3,92.3,Preserve,2753,1880.0,104.0,46.0,16.70904467853251,93566.96113330912,96.71875,87.6
3019500,36047019500,Brooklyn,Clinton Hill,195,88.2,92.2,Preserve,1886,1828.0,101.0,26.0,13.785790031813361,93482.52704135737,121.80869565217404,93.7
1015801,36061015801,Manhattan,Upper East Side-Carnegie Hill,158.01,55.2,92.2,Preserve,3030,2936.0,162.0,12.0,3.9603960396039604,175884.1696369637,121.41037735849045,63.5
3019700,36047019700,Brooklyn,Clinton Hill,197,89.2,92.1,Preserve,1810,1807.0,100.0,25.0,13.812154696132596,112124.95635359116,141.2410423452768,96.4
3027700,36047027700,Brooklyn,Bedford-Stuyvesant (East),277,99.9,92.1,Preserve,1733,1613.0,89.0,119.0,68.66705135603,57575.99192152337,112.86930091185445,99.7
3024300,36047024300,Brooklyn,Bedford-Stuyvesant (West),243,97.3,92.0,Preserve,2022,1653.0,91.0,68.0,33.63006923837784,70254.3021760633,102.955456570156,97.1
1027300,36061027300,Manhattan,Washington Heights (North),273,76.3,92.0,Preserve,3279,2092.0,115.0,57.0,17.38334858188472,51318.63129002745,95.09803921568641,74.1
3037700,36047037700,Brooklyn,Bedford-Stuyvesant (East),377,99.8,92.0,Preserve,1673,1610.0,89.0,77.0,46.02510460251046,69628.11536162582,119.12248628884845,99.8
1004700,36061004700,Manhattan,SoHo-Little Italy-Hudson Square,47,87.7,91.9,Preserve,1855,1809.0,100.0,21.0,11.320754716981131,445854.6452830189,123.09999999999991,94.4
3031701,36047031701,Brooklyn,Crown Heights (North),317.01,98.4,91.9,Preserve,1775,1614.0,89.0,60.0,33.80281690140845,74317.41633802817,110.19520547945194,98.4
1014401,36061014401,Manhattan,Upper East Side-Yorkville,144.01,59.5,91.8,Preserve,3094,2657.0,146.0,18.0,5.817711700064641,135663.40885585002,105.68224299065446,58.0
3027500,36047027500,Brooklyn,Bedford-Stuyvesant (East),275,99.2,91.8,Preserve,1640,1598.0,88.0,59.0,35.975609756097555,71794.06463414634,122.6848249027239,99.7
1015601,36061015601,Manhattan,Upper East Side-Yorkville,156.01,79.6,91.7,Preserve,3264,1984.0,109.0,46.0,14.093137254901961,103112.2218137255,94.05172413793116,63.8
3050804,36047050804,Brooklyn,Flatbush,508.04,78.9,91.7,Preserve,2744,2000.0,110.0,120.0,43.731778425655975,37210.38702623907,98.7894736842104,78.5
3023300,36047023300,Brooklyn,Bedford-Stuyvesant (West),233,93.7,91.6,Preserve,2348,1661.0,91.0,69.0,29.386712095400338,67615.36073253833,97.85798816568035,96.3
1014601,36061014601,Manhattan,Upper East Side-Yorkville,146.01,68.7,91.6,Preserve,2937,2229.0,123.0,23.0,7.831120190670752,143625.28464419476,100.25714285714275,67.7
3031702,36047031702,Brooklyn,Crown Heights (North),317.02,98.4,91.5,Preserve,1610,1550.0,85.0,53.0,32.91925465838509,71799.90931677018,119.25561797752789,99.1
3079601,36047079601,Brooklyn,Prospect Lefferts Gardens-Wingate,796.01,95.8,91.5,Preserve,1970,1594.0,88.0,90.0,45.68527918781726,49321.429441624365,102.40000000000009,95.0
3083000,36047083000,Brooklyn,East Flatbush-Farragut,830,81.7,91.5,Preserve,2382,1866.0,102.0,291.0,122.16624685138538,35119.535264483624,101.31964809384158,81.3
4059100,36081059100,Queens,Ridgewood,591,91.7,91.4,Preserve,2069,1649.0,90.0,48.0,23.19961333977767,66820.45432576124,101.81999999999994,94.9
3013000,36047013000,Brooklyn,Bay Ridge,130,92.6,91.4,Preserve,1852,1641.0,90.0,46.0,24.838012958963283,57420.50161987041,107.65952890792323,95.6
1024301,36061024301,Manhattan,Washington Heights (South),243.01,95.9,91.3,Preserve,1611,1557.0,85.0,80.0,49.65859714463067,44093.18497827437,120.58974358974365,95.4
1009500,36061009500,Manhattan,Midtown South-Flatiron-Union Square,95,84.4,91.3,Preserve,2369,1779.0,97.0,29.0,12.241452089489236,247800.06120726044,99.91358024691363,91.3
1006100,36061006100,Manhattan,Greenwich Village,61,61.3,91.2,Preserve,2887,2433.0,133.0,17.0,5.888465535157603,220712.05784551438,104.42857142857156,61.4
3080200,36047080200,Brooklyn,Prospect Lefferts Gardens-Wingate,802,96.0,91.2,Preserve,2027,1535.0,84.0,73.0,36.01381351751357,59587.51948692649,100.15567282321922,97.4
3003900,36047003900,Brooklyn,Downtown Brooklyn-DUMBO-Boerum Hill,39,96.3,91.1,Preserve,1848,1524.0,83.0,44.0,23.809523809523807,166443.79761904763,103.26315789473688,98.6
3082600,36047082600,Brooklyn,East Flatbush-Erasmus,826,79.7,91.1,Preserve,2146,1838.0,100.0,136.0,63.373718546132345,35244.1421248835,105.56574394463678,79.4
3023100,36047023100,Brooklyn,Clinton Hill,231,93.8,91.1,Preserve,1811,1568.0,86.0,38.0,20.982882385422418,102465.65875207068,106.21005917159755,95.5
2040702,36005040702,Bronx,Bedford Park,407.02,64.3,91.0,Preserve,2947,2267.0,124.0,208.0,70.58025110281642,32661.3471326773,100.75294117647036,63.6
3038500,36047038500,Brooklyn,Bedford-Stuyvesant (East),385,99.7,91.0,Preserve,1624,1469.0,80.0,82.0,50.49261083743843,69503.75246305419,109.61842105263167,100.0
3032300,36047032300,Brooklyn,Crown Heights (South),323,96.0,90.9,Preserve,1872,1517.0,83.0,61.0,32.585470085470085,60532.78792735043,102.46520146520152,94.2
4028300,36081028300,Queens,Jackson Heights,283,67.6,90.9,Preserve,3155,2148.0,117.0,60.0,19.01743264659271,41273.55847860539,96.59821428571445,63.7
1005600,36061005600,Manhattan,Midtown South-Flatiron-Union Square,56,63.3,90.8,Preserve,2809,2291.0,125.0,18.0,6.407974368102528,210915.74973300108,102.90000000000009,69.5
3006800,36047006800,Brooklyn,Bay Ridge,68,90.3,90.8,Preserve,1832,1607.0,88.0,47.0,25.655021834061134,51179.07041484716,107.20044543429844,91.9
1019600,36061019600,Manhattan,East Harlem (North),196,94.8,90.7,Preserve,2383,1524.0,83.0,91.0,38.18715904322283,61303.1338648762,95.14864864864876,93.2
3052300,36047052300,Brooklyn,Williamsburg,523,84.3,90.7,Preserve,2521,1718.0,93.0,38.0,15.073383577945261,102281.12296707656,96.62068965517233,90.0
1014200,36061014200,Manhattan,Upper East Side-Carnegie Hill,142,48.4,90.6,Produce,3122,2965.0,161.0,6.0,1.9218449711723256,367271.9702114029,115.77056277056272,51.6
2039100,36005039100,Bronx,Belmont,391,86.9,90.6,Preserve,2935,1656.0,90.0,308.0,104.94037478705282,39395.14310051107,92.5903225806453,87.5
1021800,36061021800,Manhattan,Harlem (South),218,94.2,90.6,Preserve,3080,1530.0,83.0,150.0,48.701298701298704,66104.86655844156,89.87567567567567,91.1
3059100,36047059100,Brooklyn,Greenpoint,591,85.5,90.5,Preserve,1970,1656.0,90.0,26.0,13.197969543147208,106887.35279187818,104.28846153846166,85.1
4055100,36081055100,Queens,Ridgewood,551,89.3,90.5,Preserve,1780,1594.0,87.0,30.0,16.853932584269664,74321.59606741572,108.84432717678123,89.5
3026500,36047026500,Brooklyn,Bedford-Stuyvesant (West),265,99.6,90.4,Preserve,1693,1419.0,77.0,83.0,49.0253987005316,74374.80330773775,104.15421686747004,99.8
2019700,36005019700,Bronx,Concourse-Concourse Village,197,91.5,90.4,Preserve,2527,1543.0,84.0,192.0,75.97942223981005,43162.152750296795,94.19512195121956,90.6
3056100,36047056100,Brooklyn,Greenpoint,561,51.1,90.3,Preserve,2950,2760.0,150.0,10.0,3.389830508474576,145999.33355932203,113.3138173302109,54.3
3013100,36047013100,Brooklyn,Park Slope,131,78.5,90.3,Preserve,1903,1797.0,97.0,16.0,8.40777719390436,192021.3935890699,114.51716738197433,77.8
4026100,36081026100,Queens,Woodside,261,80.9,90.2,Preserve,2324,1740.0,94.0,56.0,24.096385542168676,44065.560671256455,99.84597701149437,79.9
3009800,36047009800,Brooklyn,Sunset Park (Central),98,89.7,90.2,Preserve,1724,1566.0,85.0,31.0,17.981438515081205,66790.42575406033,109.96521739130435,88.1
1020901,36061020901,Manhattan,Morningside Heights,209.01,94.2,90.2,Preserve,1713,1489.0,81.0,46.0,26.85347343841214,61758.87273788675,106.44000000000005,93.4
3003500,36047003500,Brooklyn,Fort Greene,35,94.3,90.1,Preserve,1485,1484.0,80.0,26.0,17.50841750841751,155412.56094276093,141.60683760683764,98.2
2006500,36005006500,Bronx,Melrose,65,88.5,90.1,Preserve,2476,1584.0,86.0,204.0,82.39095315024232,39581.69224555735,95.15789473684231,88.6
2002500,36005002500,Bronx,Mott Haven-Port Morris,25,80.7,90.0,Preserve,2717,1730.0,93.0,139.0,51.159366948840635,38274.2031652558,95.03174603174602,78.6
3089000,36047089000,Brooklyn,East Flatbush-Remsen Village,890,94.0,90.0,Preserve,2221,1485.0,80.0,206.0,92.75101305718145,43322.768572714995,96.05337078651678,93.9
3007800,36047007800,Brooklyn,Sunset Park (West),78,95.9,89.9,Preserve,1558,1452.0,78.0,47.0,30.166880616174584,56189.550064184856,112.88585607940445,96.8
1004400,36061004400,Manhattan,Stuyvesant Town-Peter Cooper Village,44,49.8,89.9,Produce,8764,2802.0,151.0,85.0,9.698767685988134,90246.9249201278,81.0,43.3
3052600,36047052600,Brooklyn,Flatbush (West)-Ditmas Park-Parkville,526,84.0,89.8,Preserve,1787,1658.0,89.0,32.0,17.90710688304421,49000.096810296585,112.39737991266406,85.6
1006800,36061006800,Manhattan,Gramercy,68,50.4,89.8,Preserve,4901,2761.0,149.0,29.0,5.9171597633136095,166162.71658845132,92.57352941176487,60.7
3082400,36047082400,Brooklyn,East Flatbush-Erasmus,824,95.2,89.7,Preserve,2465,1449.0,78.0,151.0,61.25760649087221,53135.6985801217,93.34533898305085,94.9
3027300,36047027300,Brooklyn,Bedford-Stuyvesant (East),273,98.9,89.7,Preserve,1406,1401.0,75.0,51.0,36.27311522048364,64225.03840682788,136.6336633663368,99.6
3050600,36047050600,Brooklyn,Flatbush (West)-Ditmas Park-Parkville,506,83.0,89.7,Preserve,2167,1674.0,90.0,56.0,25.842178126442086,44050.191508998614,100.89954337899553,77.9
1012000,36061012000,Manhattan,Upper East Side-Carnegie Hill,120,47.1,89.6,Produce,2972,2925.0,157.0,4.0,1.3458950201884252,286000.149730821,126.67942583732088,50.5
2003900,36005003900,Bronx,Mott Haven-Port Morris,39,90.9,89.6,Preserve,2351,1515.0,81.0,129.0,54.87026797107614,43943.9646958741,95.34219269103005,90.1
3031900,36047031900,Brooklyn,Crown Heights (South),319,94.4,89.5,Preserve,1675,1455.0,78.0,53.0,31.641791044776124,54022.01194029851,106.39090909090919,96.7
4046000,36081046000,Queens,Jamaica,460,87.5,89.5,Preserve,2588,1564.0,84.0,114.0,44.04945904173107,43411.715610510044,93.97326203208559,87.6
3020700,36047020700,Brooklyn,Prospect Heights,207,62.4,89.4,Preserve,2266,2193.0,118.0,14.0,6.17828773168579,93062.00573698146,121.18909090909119,73.1
4061301,36081061301,Queens,Ridgewood,613.01,83.8,89.4,Preserve,2051,1631.0,87.0,44.0,21.45294978059483,48111.51828376402,101.77603423680489,78.3
3010000,36047010000,Brooklyn,Sunset Park (Central),100,88.4,89.3,Preserve,1735,1544.0,83.0,31.0,17.867435158501443,60184.34524495677,108.3176470588237,86.3
4058900,36081058900,Queens,Ridgewood,589,92.4,89.3,Preserve,1672,1460.0,78.0,35.0,20.933014354066987,73152.28349282297,106.78851174934721,93.1
3049400,36047049400,Brooklyn,Kensington,494,75.3,89.3,Preserve,2106,1794.0,96.0,37.0,17.568850902184234,43388.600664767335,105.15537848605595,69.4
3080000,36047080000,Brooklyn,Prospect Lefferts Gardens-Wingate,800,99.1,89.2,Preserve,1440,1361.0,73.0,50.0,34.72222222222222,81670.4,114.6107142857145,99.9
1004200,36061004200,Manhattan,East Village,42,76.5,89.2,Preserve,2144,1761.0,94.0,19.0,8.861940298507463,159920.16277985074,103.13461538461524,84.4
1025900,36061025900,Manhattan,Harlem (North),259,98.9,89.1,Preserve,1915,1362.0,73.0,97.0,50.652741514360315,74423.58955613578,98.0394736842104,97.0
4018300,36081018300,Queens,Sunnyside,183,70.6,89.1,Preserve,2879,1904.0,102.0,46.0,15.977770059048279,47031.41333796457,95.84487534626032,71.9
3117800,36047117800,Brooklyn,Cypress Hills,1178,97.6,89.0,Preserve,1552,1367.0,73.0,50.0,32.21649484536082,67750.74935567011,107.45098039215691,95.8
3035500,36047035500,Brooklyn,Crown Heights (South),355,88.8,89.0,Preserve,1930,1501.0,80.0,110.0,56.994818652849744,39619.84715025907,101.14556962025313,88.7
3018100,36047018100,Brooklyn,Fort Greene,181,59.4,88.9,Preserve,2240,2239.0,119.0,11.0,4.910714285714286,145991.39375,142.8247191011235,72.2
1005400,36061005400,Manhattan,Midtown South-Flatiron-Union Square,54,49.3,88.9,Produce,3149,2703.0,144.0,10.0,3.1756113051762465,211731.5973324865,105.63106796116517,53.1
3076400,36047076400,Brooklyn,Flatbush (West)-Ditmas Park-Parkville,764,95.5,88.8,Preserve,1488,1374.0,73.0,69.0,46.37096774193549,45494.101478494624,112.01685393258435,94.4
3048200,36047048200,Brooklyn,Flatbush (West)-Ditmas Park-Parkville,482,80.8,88.8,Preserve,2284,1640.0,87.0,83.0,36.339754816112084,39409.03677758319,98.33333333333371,72.8
4021400,36081021400,Queens,Jamaica Hills-Briarwood,214,83.9,88.8,Preserve,2284,1569.0,84.0,73.0,31.961471103327497,42739.032837127845,96.91771019678004,83.9
3029300,36047029300,Brooklyn,Bedford-Stuyvesant (East),293,97.8,88.7,Preserve,1495,1334.0,71.0,54.0,36.12040133779264,61106.69632107023,108.64890282131682,98.2
1028300,36061028300,Manhattan,Washington Heights (North),283,83.2,88.7,Preserve,3497,1566.0,83.0,148.0,42.321990277380614,45268.21275378896,87.48214285714289,80.9
4024000,36081024000,Queens,Jamaica,240,92.1,88.6,Preserve,2531,1408.0,75.0,156.0,61.635717107862504,47747.85973923351,92.23711340206205,90.5
3009600,36047009600,Brooklyn,Sunset Park (Central),96,79.6,88.6,Preserve,1771,1636.0,87.0,25.0,14.116318464144552,52416.66854884246,112.03792415169687,75.0
3027900,36047027900,Brooklyn,Bedford-Stuyvesant (East),279,97.0,88.5,Preserve,1603,1336.0,71.0,60.0,37.42981908920773,58426.3125389894,103.78217821782164,98.4
3076200,36047076200,Brooklyn,Midwood,762,90.0,88.5,Preserve,1653,1437.0,76.0,65.0,39.32244404113733,41862.055656382334,106.4960000000001,88.3
3061004,36047061004,Brooklyn,Brighton Beach,610.04,73.1,88.4,Preserve,3465,1757.0,93.0,98.0,28.282828282828284,42111.12929292929,90.15976331360957,69.3
3016100,36047016100,Brooklyn,Prospect Heights,161,66.3,88.4,Preserve,1972,1948.0,103.0,12.0,6.085192697768763,169517.15162271805,129.51479289940835,66.5
3007400,36047007400,Brooklyn,Sunset Park (West),74,92.8,88.4,Preserve,1443,1379.0,73.0,37.0,25.64102564102564,53924.32917532918,116.7279411764705,93.1
3002200,36047002200,Brooklyn,Sunset Park (West),22,90.4,88.3,Preserve,1589,1415.0,75.0,36.0,22.655758338577723,54895.247954688486,108.40000000000009,92.4
1007500,36061007500,Manhattan,West Village,75,66.4,88.3,Preserve,2557,1913.0,101.0,19.0,7.430582714118107,215499.3582323035,99.84251968503918,61.8
4058500,36081058500,Queens,Ridgewood,585,90.6,88.2,Preserve,1527,1396.0,74.0,34.0,22.26588081204977,55168.06679764244,110.62894248608563,93.7
3026900,36047026900,Brooklyn,Bedford-Stuyvesant (West),269,97.9,88.2,Protect,1333,1297.0,69.0,40.0,30.007501875468865,70336.23105776444,122.29787234042556,98.8
3051900,36047051900,Brooklyn,Williamsburg,519,54.3,88.1,Preserve,3840,2322.0,123.0,25.0,6.510416666666667,145811.74635416668,93.97487437185919,60.8
2042500,36005042500,Bronx,Norwood,425,60.6,88.1,Preserve,2618,2084.0,110.0,162.0,61.87929717341483,32294.177998472118,101.7989949748744,55.6
1018000,36061018000,Manhattan,East Harlem (North),180,82.8,88.0,Preserve,3361,1517.0,80.0,105.0,31.240702171972625,52321.563522761084,87.69512195121956,82.8
3044300,36047044300,Brooklyn,Bushwick (West),443,81.7,88.0,Preserve,2057,1543.0,81.0,28.0,13.612056392805057,78310.59844433641,99.90196078431359,89.0
2038100,36005038100,Bronx,Mount Hope,381,55.5,87.9,Preserve,3254,2263.0,119.0,258.0,79.28703134603565,31329.744929317763,97.2928571428572,54.4
3055300,36047055300,Brooklyn,Williamsburg,553,85.4,87.9,Preserve,1654,1469.0,77.0,19.0,11.487303506650543,167671.16444981864,108.02439024390242,89.6
3032700,36047032700,Brooklyn,Prospect Lefferts Gardens-Wingate,327,98.7,87.9,Preserve,1422,1270.0,67.0,55.0,38.67791842475387,65972.21518987342,108.74568965517233,98.0
3000100,36047000100,Brooklyn,Brooklyn Heights,1,48.6,87.8,Produce,2660,2575.0,136.0,7.0,2.631578947368421,132410.95864661655,121.2814814814817,50.8
3051800,36047051800,Brooklyn,Flatbush (West)-Ditmas Park-Parkville,518,96.6,87.8,Preserve,1444,1297.0,68.0,53.0,36.70360110803325,54428.35526315789,108.99497487437202,98.0
3022900,36047022900,Brooklyn,Bedford-Stuyvesant (West),229,88.8,87.7,Preserve,1897,1404.0,74.0,34.0,17.923036373220874,84681.33210332104,99.4717391304348,91.6
3013300,36047013300,Brooklyn,Park Slope,133,64.2,87.7,Preserve,2113,1934.0,102.0,13.0,6.1523899668717466,157213.92380501656,110.84199134199116,52.0
3004100,36047004100,Brooklyn,Downtown Brooklyn-DUMBO-Boerum Hill,41,62.9,87.6,Preserve,1971,1968.0,103.0,11.0,5.580923389142567,143635.42059868088,141.35346756152126,65.8
4028500,36081028500,Queens,Jackson Heights,285,77.9,87.6,Preserve,2163,1587.0,83.0,48.0,22.191400832177532,43514.335182616735,99.16379310344837,76.9
2025300,36005025300,Bronx,University Heights (North)-Fordham,253,65.1,87.5,Preserve,2040,1881.0,99.0,198.0,97.05882352941177,31244.29411764706,111.80303030303048,63.4
3014300,36047014300,Brooklyn,Sunset Park (West),143,76.4,87.5,Preserve,1859,1607.0,84.0,18.0,9.682625067240451,83850.95750403442,106.11036036036035,59.7
3012200,36047012200,Brooklyn,Sunset Park (Central),122,84.9,87.5,Preserve,1552,1439.0,76.0,29.0,18.685567010309278,49014.197809278354,112.36528497409313,72.7
3049000,36047049000,Brooklyn,Kensington,490,71.3,87.4,Preserve,2256,1711.0,90.0,45.0,19.9468085106383,40903.1835106383,100.25098039215686,70.0
1029300,36061029300,Manhattan,Inwood,293,49.4,87.4,Produce,2992,2470.0,130.0,234.0,78.20855614973262,29642.39639037433,103.28787878787875,48.2
3088400,36047088400,Brooklyn,East Flatbush-Remsen Village,884,95.4,87.3,Preserve,1905,1279.0,67.0,143.0,75.06561679790026,47100.69291338583,96.12529002320207,96.2
1003700,36061003700,Manhattan,SoHo-Little Italy-Hudson Square,37,70.5,87.3,Preserve,2524,1730.0,91.0,21.0,8.32012678288431,285907.13312202855,96.85393258426961,63.5
3010100,36047010100,Brooklyn,Sunset Park (West),101,78.6,87.2,Preserve,1806,1544.0,81.0,22.0,12.181616832779625,61373.924141749725,105.4692144373671,71.0
1022102,36061022102,Manhattan,Harlem (North),221.02,99.2,87.2,Protect,1313,1227.0,64.0,50.0,38.080731150038076,70640.12185833968,113.25874125874111,99.0
3052000,36047052000,Brooklyn,Flatbush (West)-Ditmas Park-Parkville,520,93.5,87.1,Preserve,1422,1297.0,68.0,38.0,26.722925457102672,55880.333333333336,110.46226415094316,93.8
1001300,36061001300,Manhattan,Financial District-Battery Park City,13,66.1,87.1,Preserve,4570,1835.0,96.0,54.0,11.816192560175056,161608.71181619255,85.0740740740739,59.8
4016900,36081016900,Queens,Sunnyside,169,74.3,87.1,Preserve,2414,1630.0,85.0,45.0,18.64125932062966,45067.916321458164,96.3729166666667,73.4
3030100,36047030100,Brooklyn,Ocean Hill,301,96.0,87.0,Preserve,1455,1251.0,65.0,77.0,52.92096219931271,46443.8969072165,105.7136038186161,94.6
4015900,36081015900,Queens,Astoria (East)-Woodside (North),159,81.8,87.0,Preserve,2352,1456.0,76.0,39.0,16.581632653061227,71395.76530612246,94.50271739130449,65.6
4006100,36081006100,Queens,Astoria (Central),61,69.0,86.9,Preserve,3386,1720.0,90.0,42.0,12.404016538688719,74104.51004134672,90.19057377049194,63.3
3016000,36047016000,Brooklyn,Bay Ridge,160,91.4,86.9,Preserve,1799,1301.0,68.0,58.0,32.24013340744859,51373.17454141189,98.47965116279079,89.9
2038700,36005038700,Bronx,Belmont,387,100.0,86.8,Protect,1396,1185.0,62.0,166.0,118.91117478510029,55866.72636103152,104.92452830188677,99.9
1021500,36061021500,Manhattan,Harlem (North),215,96.7,86.8,Preserve,1889,1226.0,64.0,90.0,47.644256220222346,61574.330333509795,95.48275862068954,93.8
3076800,36047076800,Brooklyn,Midwood,768,93.3,86.7,Preserve,1604,1269.0,66.0,46.0,28.6783042394015,58084.48753117207,101.5792207792208,90.0
3057100,36047057100,Brooklyn,Greenpoint,571,69.0,86.7,Preserve,2245,1717.0,89.0,18.0,8.017817371937639,128345.9697104677,100.5043630017451,72.6
3019100,36047019100,Brooklyn,Clinton Hill,191,89.4,86.6,Preserve,1577,1313.0,68.0,26.0,16.487000634115407,105850.96639188332,103.7440476190477,88.4
3006600,36047006600,Brooklyn,Bay Ridge,66,88.2,86.6,Preserve,1630,1337.0,69.0,39.0,23.92638036809816,50656.45828220859,103.07023411371233,86.2
3051002,36047051002,Brooklyn,Flatbush,510.02,88.7,86.6,Preserve,2018,1332.0,69.0,121.0,59.9603567888999,40861.80227948464,95.82653061224482,89.2
3029100,36047029100,Brooklyn,Bedford-Stuyvesant (East),291,97.4,86.5,Preserve,1470,1202.0,62.0,53.0,36.054421768707485,64862.5231292517,102.95577395577402,97.2
3013400,36047013400,Brooklyn,Bay Ridge,134,80.6,86.5,Preserve,1578,1443.0,75.0,22.0,13.94169835234474,55182.27566539924,110.6532258064517,88.9
1015802,36061015802,Manhattan,East Harlem (South),158.02,78.9,86.4,Preserve,1979,1474.0,76.0,23.0,11.622031328954016,97922.36533602829,99.65306122448965,77.6
3088200,36047088200,Brooklyn,East Flatbush-Remsen Village,882,81.5,86.4,Preserve,2538,1426.0,74.0,174.0,68.5579196217494,38428.36879432624,92.51011235955048,81.5
4054900,36081054900,Queens,Ridgewood,549,91.9,86.3,Preserve,1864,1261.0,65.0,49.0,26.28755364806867,71529.98551502146,96.43909348441912,93.8
4006300,36081006300,Queens,Astoria (Central),63,75.7,86.3,Preserve,2986,1532.0,79.0,46.0,15.405224380442064,69606.82618888144,90.43495145631073,69.8
3040300,36047040300,Brooklyn,Bushwick (East),403,97.8,86.2,Preserve,1475,1177.0,61.0,70.0,47.45762711864407,56512.71457627119,101.8322440087145,98.5
4023600,36081023600,Queens,Jamaica,236,93.4,86.2,Preserve,1845,1224.0,63.0,88.0,47.696476964769644,49248.43848238482,95.92485549132971,87.5
2017500,36005017500,Bronx,Concourse-Concourse Village,175,73.8,86.2,Preserve,2655,1558.0,81.0,223.0,83.9924670433145,35241.265536723164,93.33124999999995,73.2
3043900,36047043900,Brooklyn,Bushwick (East),439,91.7,86.1,Preserve,1488,1243.0,64.0,30.0,20.161290322580644,75174.2372311828,103.93269230769238,92.0
3051300,36047051300,Brooklyn,Williamsburg,513,68.1,86.1,Preserve,3131,1677.0,87.0,33.0,10.539763653784734,123291.98275311402,91.31853785900807,67.5
3025300,36047025300,Brooklyn,Bedford-Stuyvesant (West),253,91.1,86.0,Preserve,1600,1248.0,64.0,36.0,22.5,66802.029375,101.20936639118486,93.3
3000700,36047000700,Brooklyn,Brooklyn Heights,7,70.8,86.0,Preserve,1629,1608.0,83.0,11.0,6.7526089625537145,183008.6844689994,129.00591715976316,58.9
3048400,36047048400,Brooklyn,Kensington,484,81.9,85.9,Preserve,1842,1387.0,71.0,39.0,21.172638436482085,47786.903365906626,99.97560975609758,80.8
2005400,36005005400,Bronx,Soundview-Bruckner-Bronx River,54,86.1,85.9,Preserve,1773,1317.0,68.0,145.0,81.78228990411732,37065.871404399324,99.6155778894472,86.7
1000900,36061000900,Manhattan,Financial District-Battery Park City,9,60.4,85.8,Preserve,2371,1874.0,96.0,15.0,6.326444538169548,154612.01602699282,101.56521739130449,69.0
3039500,36047039500,Brooklyn,Bushwick (East),395,92.9,85.8,Preserve,1887,1219.0,63.0,53.0,28.086910439851618,74075.65182829888,95.41223404255311,86.5
3033100,36047033100,Brooklyn,Crown Heights (South),331,90.6,85.7,Preserve,1561,1246.0,64.0,62.0,39.71812940422806,43447.090326713645,101.83984375,92.3
3016500,36047016500,Brooklyn,Park Slope,165,45.8,85.7,Produce,2526,2467.0,127.0,3.0,1.187648456057007,174203.76920031672,123.70936902485687,29.2
2040100,36005040100,Bronx,University Heights (North)-Fordham,401,74.9,85.7,Preserve,1955,1508.0,78.0,261.0,133.50383631713555,33593.386189258315,100.81818181818198,73.7
2017702,36005017702,Bronx,Mount Eden-Claremont (West),177.02,67.0,85.6,Preserve,1920,1683.0,86.0,190.0,98.95833333333333,31899.84375,107.07638888888869,65.6
3057500,36047057500,Brooklyn,Greenpoint,575,67.8,85.6,Preserve,2942,1661.0,85.0,29.0,9.857239972807614,127559.09619306594,92.63926940639271,60.7
3031100,36047031100,Brooklyn,Crown Heights (North),311,100.0,85.5,Protect,1323,1123.0,58.0,107.0,80.87679516250945,69157.32879818595,104.89939024390242,100.0
1011402,36061011402,Manhattan,Upper East Side-Carnegie Hill,114.02,55.0,85.5,Preserve,2139,2045.0,105.0,8.0,3.7400654511453952,270621.01636278635,116.90714285714284,70.5
2022500,36005022500,Bronx,Mount Eden-Claremont (West),225,64.4,85.4,Preserve,2833,1741.0,89.0,293.0,103.42393222732086,33125.77126720791,94.39423076923072,62.4
4057700,36081057700,Queens,Glendale,577,93.4,85.4,Preserve,1410,1198.0,61.0,50.0,35.46099290780142,48686.14893617021,105.02918287937769,90.3
4058300,36081058300,Queens,Ridgewood,583,87.9,85.3,Protect,1341,1264.0,65.0,30.0,22.371364653243848,48293.55704697986,114.20631578947359,90.1
3112800,36047112800,Brooklyn,East New York-New Lots,1128,93.2,85.3,Preserve,1449,1199.0,61.0,131.0,90.4071773636991,40048.48861283644,103.38519924098682,93.2
3007600,36047007600,Brooklyn,Sunset Park (West),76,93.2,85.3,Protect,1269,1200.0,61.0,33.0,26.004728132387708,54389.622537431045,114.6945107398567,97.5
1016800,36061016800,Manhattan,East Harlem (South),168,87.2,85.2,Preserve,2012,1264.0,65.0,36.0,17.892644135188867,112318.39314115308,94.7894736842104,90.7
3016700,36047016700,Brooklyn,Park Slope,167,48.3,85.2,Produce,2319,2279.0,117.0,6.0,2.58732212160414,125980.5213454075,126.41245136186808,51.3
3082800,36047082800,Brooklyn,East Flatbush-Erasmus,828,96.5,85.1,Preserve,1583,1138.0,58.0,146.0,92.22994314592546,46042.684144030325,98.3608815427001,96.0
2022901,36005022901,Bronx,Mount Hope,229.01,61.4,85.1,Preserve,2344,1790.0,91.0,208.0,88.73720136518772,31799.83361774744,100.48550724637676,58.6
4028100,36081028100,Queens,Jackson Heights,281,74.5,85.0,Preserve,2462,1472.0,75.0,60.0,24.37043054427295,42758.91226645004,93.73076923076928,66.7
3014200,36047014200,Brooklyn,Bay Ridge,142,91.3,85.0,Preserve,1427,1200.0,61.0,35.0,24.52697967764541,55912.158374211635,104.30546623794248,93.0
3051200,36047051200,Brooklyn,Flatbush,512,60.7,84.9,Preserve,2453,1797.0,92.0,137.0,55.849979616795764,32823.84060334285,98.94936708860769,60.1
2041300,36005041300,Bronx,Bedford Park,413,51.8,84.9,Preserve,4207,2105.0,107.0,206.0,48.96600903256478,33435.345139053956,90.0,50.4
3051700,36047051700,Brooklyn,Williamsburg,517,82.0,84.8,Preserve,1629,1323.0,67.0,18.0,11.049723756906078,171922.15285451198,102.6506849315067,87.1
1019000,36061019000,Manhattan,Harlem (South),190,92.6,84.8,Preserve,1959,1176.0,60.0,53.0,27.054619703930577,102490.28381827463,93.86764705882365,89.5
3010200,36047010200,Brooklyn,Sunset Park (Central),102,80.9,84.8,Preserve,1434,1338.0,68.0,17.0,11.854951185495118,67773.41283124128,112.9352051835856,88.9
3018300,36047018300,Brooklyn,Fort Greene,183,75.9,84.7,Preserve,1431,1417.0,72.0,11.0,7.686932215234102,149662.63382250175,131.72380952380968,85.5
3024700,36047024700,Brooklyn,Bedford-Stuyvesant (West),247,99.6,84.7,Protect,1231,1086.0,55.0,55.0,44.679122664500404,79009.42160844842,107.54210526315796,99.5
3004300,36047004300,Brooklyn,Downtown Brooklyn-DUMBO-Boerum Hill,43,68.4,84.6,Preserve,1895,1562.0,79.0,14.0,7.3878627968337724,183222.93403693932,103.20629370629354,68.2
1015302,36061015302,Manhattan,Upper West Side-Lincoln Square,153.02,27.4,84.6,Produce,4098,3906.0,198.0,0.0,0.0,209782.3857979502,116.35483870967755,29.0
1015002,36061015002,Manhattan,Upper East Side-Carnegie Hill,150.02,43.2,84.5,Produce,3074,2464.0,125.0,4.0,1.3012361743656475,299274.2524398178,102.13333333333367,45.3
2025500,36005025500,Bronx,University Heights (North)-Fordham,255,64.0,84.5,Preserve,2251,1665.0,84.0,198.0,87.96090626388272,32367.96090626388,99.45736434108517,62.1
3005400,36047005400,Brooklyn,Bay Ridge,54,85.9,84.4,Preserve,1841,1238.0,63.0,48.0,26.07278652906029,49723.42151004889,96.18796992481202,90.2
3015700,36047015700,Brooklyn,Park Slope,157,49.0,84.4,Produce,2218,2170.0,110.0,5.0,2.254283137962128,168550.89810640216,124.0927152317879,53.2
3044100,36047044100,Brooklyn,Bushwick (West),441,83.4,84.4,Preserve,1939,1276.0,65.0,32.0,16.503352243424445,72986.58225889633,95.7545691906007,87.2
1005200,36061005200,Manhattan,Midtown South-Flatiron-Union Square,52,63.1,84.3,Preserve,1720,1682.0,85.0,9.0,5.232558139534883,339887.21453488374,123.7704918032789,53.0
3079801,36047079801,Brooklyn,Prospect Lefferts Gardens-Wingate,798.01,93.1,84.3,Protect,1279,1140.0,58.0,33.0,25.801407349491793,56997.04456606724,108.61267605633793,96.1
3040900,36047040900,Brooklyn,Bushwick (East),409,97.2,84.2,Protect,1332,1092.0,55.0,44.0,33.03303303303303,70121.78753753754,103.02915451895046,97.3
3033300,36047033300,Brooklyn,Crown Heights (South),333,95.8,84.2,Preserve,1435,1105.0,56.0,45.0,31.358885017421603,67820.75958188153,100.80738786279676,94.1
3008200,36047008200,Brooklyn,Sunset Park (West),82,84.8,84.1,Protect,1368,1246.0,63.0,24.0,17.543859649122805,52355.64619883041,110.37272727272716,87.7
2004100,36005004100,Bronx,Mott Haven-Port Morris,41,72.4,84.1,Preserve,2423,1460.0,74.0,96.0,39.62030540652084,37069.31489888568,93.92258064516113,73.7
1023600,36061023600,Manhattan,Harlem (North),236,72.2,84.0,Preserve,3633,1460.0,74.0,230.0,63.308560418387,38120.93311312964,85.09999999999991,70.5
3043100,36047043100,Brooklyn,Bushwick (West),431,92.0,84.0,Preserve,1867,1146.0,58.0,49.0,26.245313336904125,95641.62292447778,94.3841807909605,93.5
3079602,36047079602,Brooklyn,Flatbush,796.02,83.1,83.9,Preserve,2668,1263.0,64.0,118.0,44.22788605697151,43801.401424287855,88.66666666666674,82.1
3055400,36047055400,Brooklyn,Gravesend (East)-Homecrest,554,81.5,83.9,Preserve,1863,1288.0,65.0,52.0,27.911969940955448,43253.37305421363,97.10087719298235,85.2
3054600,36047054600,Brooklyn,Midwood,546,83.5,83.9,Preserve,2401,1262.0,64.0,67.0,27.905039566847147,51471.48396501458,90.89922480620157,80.4
3021300,36047021300,Brooklyn,Crown Heights (South),213,82.6,83.8,Preserve,3179,1267.0,64.0,84.0,26.423403586033345,70542.20415224913,85.0,83.9
1029500,36061029500,Manhattan,Inwood,295,72.8,83.8,Preserve,3544,1433.0,72.0,161.0,45.42889390519187,40030.90237020316,85.18085106382955,62.8
2008500,36005008500,Bronx,Longwood,85,63.0,83.7,Preserve,2087,1641.0,82.0,113.0,54.14470531863919,32947.388596070916,101.43720930232553,64.2
3013800,36047013800,Brooklyn,Bay Ridge,138,87.5,83.7,Protect,1382,1186.0,60.0,25.0,18.08972503617945,57647.713458755425,105.6134259259261,89.7
3008000,36047008000,Brooklyn,Sunset Park (West),80,85.0,83.6,Protect,1263,1208.0,61.0,19.0,15.043547110055425,57524.89311163896,117.30649350649355,85.5
3005800,36047005800,Brooklyn,Bay Ridge,58,87.2,83.6,Preserve,1671,1186.0,59.0,42.0,25.134649910233396,51540.88330341113,97.94457831325326,85.7
3034500,36047034500,Brooklyn,Crown Heights (North),345,99.0,83.5,Protect,1096,1030.0,52.0,67.0,61.13138686131387,51588.722627737225,113.86982248520712,98.9
3077600,36047077600,Brooklyn,Flatlands,776,74.1,83.5,Preserve,1653,1371.0,69.0,75.0,45.37205081669691,35120.63823351482,103.65944272445836,75.1
3039700,36047039700,Brooklyn,Bushwick (East),397,90.7,83.5,Preserve,1873,1118.0,56.0,71.0,37.90710090763481,51395.08916177256,93.71611253196966,92.5
2027900,36005027900,Bronx,Kingsbridge Heights-Van Cortlandt Village,279,57.9,83.4,Preserve,3334,1743.0,87.0,198.0,59.388122375524894,33798.09538092381,90.82269503546081,55.8
1016001,36061016001,Manhattan,Upper East Side-Carnegie Hill,160.01,49.8,83.4,Produce,2080,2023.0,101.0,5.0,2.403846153846154,308834.82740384614,122.22499999999991,54.8
4011300,36081011300,Queens,Astoria (North)-Ditmars-Steinway,113,75.1,83.3,Preserve,2052,1341.0,67.0,37.0,18.03118908382066,47432.66276803119,95.59317585301847,76.6
3053800,36047053800,Brooklyn,Midwood,538,72.0,83.3,Preserve,2452,1399.0,70.0,52.0,21.207177814029365,44196.06076672104,92.87610619469046,68.7
3085600,36047085600,Brooklyn,East Flatbush-Erasmus,856,89.8,83.2,Preserve,1461,1118.0,56.0,91.0,62.286105407255306,40118.01368925394,100.50564971751442,89.7
4025301,36081025301,Queens,Sunnyside,253.01,85.0,83.2,Preserve,2134,1183.0,59.0,60.0,28.116213683223993,51925.93252108716,92.18079096045199,87.4
3054900,36047054900,Brooklyn,Williamsburg,549,78.1,83.1,Preserve,2344,1284.0,64.0,32.0,13.651877133105803,131401.4859215017,91.82500000000005,71.4
4027500,36081027500,Queens,Jackson Heights,275,65.8,83.1,Preserve,2119,1521.0,76.0,32.0,15.101462954223692,43495.9646059462,98.29682997118152,61.6
1023900,36061023900,Manhattan,Washington Heights (South),239,94.9,83.0,Protect,1095,1050.0,52.0,62.0,56.62100456621005,42207.86301369863,118.02325581395371,95.2
3053400,36047053400,Brooklyn,Midwood,534,89.6,83.0,Protect,1354,1114.0,55.0,50.0,36.92762186115214,43266.31462333826,103.18548387096803,83.6
3026400,36047026400,Brooklyn,Bensonhurst,264,81.9,83.0,Preserve,1640,1217.0,61.0,28.0,17.073170731707318,55907.26463414634,99.53470919324559,81.4
3034100,36047034100,Brooklyn,Crown Heights (North),341,99.8,82.9,Protect,1047,996.0,50.0,48.0,45.845272206303726,72857.51575931231,116.08391608391594,99.5
3043500,36047043500,Brooklyn,Bushwick (East),435,93.6,82.9,Preserve,1461,1058.0,53.0,43.0,29.43189596167009,64535.80013689254,98.58719646799113,92.5
3036002,36047036002,Brooklyn,Brighton Beach,360.02,69.2,82.8,Preserve,2235,1422.0,71.0,67.0,29.977628635346758,37957.30201342282,95.02083333333371,64.1
3011200,36047011200,Brooklyn,Sunset Park (East)-Borough Park (West),112,82.0,82.8,Preserve,2077,1205.0,60.0,48.0,23.11025517573423,52974.07029369283,93.07165109034281,87.0
3042900,36047042900,Brooklyn,Bushwick (West),429,88.0,82.7,Preserve,2090,1115.0,55.0,48.0,22.966507177033492,98323.57129186603,91.2128279883384,86.5
4068700,36081068700,Queens,Rego Park,687,76.8,82.7,Preserve,1893,1280.0,64.0,38.0,20.073956682514527,45807.391970417324,96.41523341523362,65.1
3152200,36047152200,Brooklyn,Flatbush (West)-Ditmas Park-Parkville,1522,91.0,82.6,Protect,1186,1075.0,53.0,20.0,16.863406408094434,94269.65598650927,109.79803921568646,69.4
4058700,36081058700,Queens,Ridgewood,587,87.4,82.6,Protect,1349,1114.0,55.0,35.0,25.945144551519647,46885.06300963677,103.29736211031195,88.8
4054700,36081054700,Queens,Ridgewood,547,82.3,82.6,Preserve,1416,1191.0,59.0,20.0,14.124293785310734,64469.62570621469,104.36604774535795,78.5
3042800,36047042800,Brooklyn,Gravesend (West),428,80.0,82.5,Preserve,1510,1215.0,60.0,27.0,17.880794701986755,48278.545695364235,102.25139664804487,85.7
3039900,36047039900,Brooklyn,Bushwick (East),399,96.1,82.5,Preserve,1487,1012.0,50.0,65.0,43.71217215870881,57849.569603227974,96.58516483516473,95.4
3006200,36047006200,Brooklyn,Bay Ridge,62,89.1,82.4,Protect,1284,1087.0,54.0,31.0,24.143302180685357,51809.718068535825,104.68488745980721,89.9
3051601,36047051601,Brooklyn,Flatbush,516.01,61.6,82.4,Preserve,2068,1567.0,77.0,117.0,56.57640232108317,32766.931334622823,100.20430107526886,56.7
4054200,36081054200,Queens,Queens Village,542,87.6,82.3,Preserve,1466,1098.0,54.0,52.0,35.47066848567531,42885.36834924966,99.8805460750857,89.6
2018900,36005018900,Bronx,Highbridge,189,64.0,82.3,Preserve,3430,1504.0,74.0,317.0,92.4198250728863,34735.72303206997,87.10900473933634,61.5
3080400,36047080400,Brooklyn,Prospect Lefferts Gardens-Wingate,804,91.8,82.2,Preserve,1626,1032.0,51.0,45.0,27.675276752767527,71952.76875768758,94.9792746113992,87.1
3049200,36047049200,Brooklyn,Kensington,492,92.4,82.2,Protect,1161,1035.0,51.0,31.0,26.701119724375538,54079.47717484927,108.52573529411757,89.3
4018101,36081018101,Queens,Sunnyside,181.01,85.7,82.1,Preserve,1743,1104.0,54.0,46.0,26.391279403327598,51093.227194492254,94.96296296296327,85.6
1021200,36061021200,Manhattan,Harlem (North),212,85.8,82.1,Preserve,2744,1104.0,54.0,186.0,67.78425655976676,44546.89832361516,85.125,84.6
3015100,36047015100,Brooklyn,Park Slope,151,55.0,82.1,Preserve,1759,1722.0,85.0,7.0,3.979533826037522,158043.74417282548,124.27165354330714,69.7
3052500,36047052500,Brooklyn,Williamsburg,525,92.3,82.0,Preserve,1592,1024.0,50.0,41.0,25.753768844221106,90056.5364321608,95.30526315789484,72.8
1019702,36061019702,Manhattan,Harlem (South),197.02,98.2,82.0,Protect,1096,959.0,47.0,34.0,31.021897810218977,87566.39416058394,107.0,96.2
3016900,36047016900,Brooklyn,Windsor Terrace-South Slope,169,47.8,81.9,Produce,2199,1969.0,97.0,7.0,3.1832651205093225,106215.91859936334,108.81218274111689,57.7
3013600,36047013600,Brooklyn,Bay Ridge,136,65.7,81.9,Preserve,1695,1429.0,70.0,15.0,8.849557522123893,57447.750442477874,104.43931623931644,74.3
1001501,36061001501,Manhattan,Financial District-Battery Park City,15.01,23.4,81.8,Produce,5135,3999.0,196.0,0.0,0.0,161268.90029211296,101.16393442622962,25.7
2040501,36005040501,Bronx,Bedford Park,405.01,73.0,81.8,Preserve,1412,1284.0,63.0,160.0,113.31444759206799,32470.40226628895,110.28358208955251,72.1
4055700,36081055700,Queens,Ridgewood,557,86.6,81.7,Protect,1394,1073.0,53.0,28.0,20.086083213773314,55845.83931133429,100.80555555555566,87.3
2039902,36005039902,Bronx,Fordham Heights,399.02,58.7,81.7,Preserve,1947,1591.0,78.0,248.0,127.37544940934772,30663.636363636364,102.95098039215691,57.6
3077000,36047077000,Brooklyn,Flatbush,770,97.7,81.7,Protect,1090,957.0,47.0,67.0,61.467889908256886,48030.630275229356,107.20746887966811,97.7
3118800,36047118800,Brooklyn,East New York-City Line,1188,86.4,81.6,Protect,1193,1076.0,53.0,55.0,46.10226320201174,38090.82145850796,109.27133479212239,86.6
1015200,36061015200,Manhattan,Upper East Side-Yorkville,152,61.1,81.6,Preserve,4077,1518.0,74.0,49.0,12.018641157714004,101296.55776306108,83.92499999999995,69.9
4023800,36081023800,Queens,Jamaica,238,81.0,81.5,Preserve,1734,1132.0,55.0,79.0,45.55940023068051,38902.31833910035,95.58638743455526,77.5
3077200,36047077200,Brooklyn,Flatbush,772,95.5,81.5,Protect,1188,965.0,47.0,58.0,48.821548821548824,47612.85353535353,102.65204678362556,95.7
4027900,36081027900,Queens,Jackson Heights,279,64.8,81.4,Preserve,2318,1414.0,69.0,57.0,24.59016393442623,38949.61604831751,94.16666666666674,57.6
3056000,36047056000,Brooklyn,Madison,560,78.7,81.4,Preserve,1645,1165.0,57.0,26.0,15.805471124620063,55298.96838905775,97.87323943662,68.5
3050803,36047050803,Brooklyn,Flatbush,508.03,95.0,81.3,Protect,1304,962.0,47.0,56.0,42.944785276073624,51855.871932515336,99.375,90.9
3034700,36047034700,Brooklyn,Crown Heights (North),347,90.8,81.3,Preserve,1678,1008.0,49.0,166.0,98.92729439809297,41359.21334922527,93.86764705882365,90.9
3050100,36047050100,Brooklyn,East Williamsburg,501,62.1,81.2,Preserve,1867,1465.0,71.0,13.0,6.963042313872522,121868.94643813604,101.39005235602076,64.8
3025800,36047025800,Brooklyn,Bensonhurst,258,83.3,81.2,Preserve,1630,1093.0,53.0,30.0,18.404907975460123,58217.77914110429,96.08314606741601,83.4
3053000,36047053000,Brooklyn,Midwood,530,91.2,81.2,Protect,1227,1000.0,49.0,46.0,37.489812550937245,44537.16544417278,102.8746081504703,92.4
1010602,36061010602,Manhattan,Upper East Side-Lenox Hill-Roosevelt Island,106.02,58.5,81.1,Preserve,2907,1548.0,75.0,23.0,7.911936704506364,139782.3825249398,91.14285714285711,74.7
3006400,36047006400,Brooklyn,Bay Ridge,64,77.5,81.1,Preserve,1570,1168.0,57.0,26.0,16.560509554140125,49646.08407643312,99.65054945054953,73.6
4014201,36081014201,Queens,Richmond Hill,142.01,88.3,81.0,Protect,1337,1024.0,50.0,62.0,46.37247569184742,40636.02617801047,100.58486707566476,88.8
3055000,36047055000,Brooklyn,Madison,550,84.8,81.0,Preserve,1864,1066.0,52.0,43.0,23.068669527896997,59248.76716738197,92.89285714285711,84.8
3051602,36047051602,Brooklyn,Flatbush,516.02,79.9,80.9,Preserve,1528,1127.0,55.0,123.0,80.49738219895288,35444.181937172776,99.37623762376234,78.6
4059300,36081059300,Queens,Ridgewood,593,74.6,80.9,Preserve,1686,1206.0,59.0,30.0,17.793594306049823,45552.591933570584,98.2231686541736,83.2
3050300,36047050300,Brooklyn,East Williamsburg,503,67.4,80.8,Preserve,1668,1334.0,65.0,13.0,7.793764988009593,104615.93165467626,101.88397790055251,81.2
3023000,36047023000,Brooklyn,Borough Park,230,88.9,80.8,Protect,1174,1006.0,49.0,20.0,17.035775127768314,73119.58688245315,105.58176943699755,93.3
4055300,36081055300,Queens,Ridgewood,553,94.1,80.8,Protect,1181,953.0,46.0,32.0,27.095681625740898,67427.11261642676,102.30769230769238,91.5
3043600,36047043600,Brooklyn,Bensonhurst,436,82.3,80.7,Preserve,1580,1078.0,52.0,34.0,21.518987341772153,50700.43797468355,96.69817073170725,78.8
1017401,36061017401,Manhattan,East Harlem (South),174.01,91.1,80.7,Preserve,2103,982.0,48.0,67.0,31.859248692344273,92116.87636709462,88.41379310344837,89.4
2038500,36005038500,Bronx,Belmont,385,86.2,80.6,Preserve,2323,1029.0,50.0,295.0,126.99095996556179,41030.4433921653,87.26923076923072,86.4
1030300,36061030300,Manhattan,Inwood,303,74.5,80.6,Preserve,1878,1187.0,57.0,109.0,58.040468583599576,35817.8785942492,94.94871794871801,72.3
3013700,36047013700,Brooklyn,Park Slope,137,55.9,80.5,Preserve,1690,1582.0,76.0,8.0,4.733727810650888,130161.77810650888,113.54501216545032,79.5
4028700,36081028700,Queens,Jackson Heights,287,68.6,80.5,Preserve,2812,1288.0,62.0,76.0,27.027027027027028,42238.41642958748,88.05102040816314,58.5
4044602,36081044602,Queens,Jamaica,446.02,80.1,80.4,Preserve,1771,1102.0,53.0,70.0,39.52569169960474,39621.75042348955,94.5428571428572,78.6
3089600,36047089600,Brooklyn,Brownsville,896,91.6,80.4,Preserve,1716,964.0,47.0,173.0,100.81585081585082,42811.71328671329,92.45104895104873,91.4
2026300,36005026300,Bronx,University Heights (North)-Fordham,263,48.9,80.4,Produce,2027,1795.0,87.0,167.0,82.38776517020227,29123.206709422793,107.62280701754389,48.1
3048800,36047048800,Brooklyn,Kensington,488,78.0,80.3,Preserve,1473,1123.0,54.0,28.0,19.008825526137134,45553.23964697895,100.43421052631606,76.4
4001200,36081001200,Queens,Woodhaven,12,81.1,80.3,Protect,1259,1082.0,52.0,46.0,36.536934074662426,37817.53772835584,105.71247739602154,83.0
3012901,36047012901,Brooklyn,Park Slope,129.01,34.7,80.2,Produce,3623,2517.0,121.0,5.0,1.380071763731714,60389.969362406846,97.27551020408168,36.8
3011400,36047011400,Brooklyn,Sunset Park (East)-Borough Park (West),114,81.3,80.2,Protect,1293,1074.0,52.0,19.0,14.694508894044857,57645.54060324826,103.7045454545455,74.6
2021601,36005021601,Bronx,Soundview-Bruckner-Bronx River,216.01,92.9,80.1,Preserve,1574,937.0,45.0,180.0,114.35832274459975,43239.091486658195,93.65346534653486,93.0
2039300,36005039300,Bronx,Belmont,393,55.1,80.1,Preserve,2934,1584.0,76.0,403.0,137.35514655760053,31980.593047034767,91.5932203389832,54.3
1025100,36061025100,Manhattan,Washington Heights (South),251,95.7,80.0,Protect,998,907.0,44.0,52.0,52.104208416833664,44595.63126252505,110.08510638297889,96.1
2038900,36005038900,Bronx,Belmont,389,91.9,80.0,Preserve,2135,944.0,45.0,198.0,92.7400468384075,48702.970023419206,87.2475570032575,92.1
3049600,36047049600,Brooklyn,Kensington,496,74.2,79.9,Protect,1398,1162.0,56.0,17.0,12.160228898426324,53707.789699570814,103.7334754797439,73.3
3086000,36047086000,Brooklyn,East Flatbush-Rugby,860,92.7,79.9,Protect,1139,933.0,45.0,75.0,65.84723441615452,41109.98244073749,102.98360655737724,93.4
1018600,36061018600,Manhattan,Harlem (South),186,99.1,79.9,Protect,1222,874.0,42.0,83.0,67.9214402618658,62120.28968903437,98.2105263157896,99.3
3011600,36047011600,Brooklyn,Sunset Park (East)-Borough Park (West),116,71.2,79.8,Preserve,1518,1203.0,58.0,14.0,9.22266139657444,76157.290513834,101.65491183879112,62.7
5002100,36085002100,Staten Island,Tompkinsville-Stapleton-Clifton-Fox Hills,21,80.3,79.8,Preserve,2482,1061.0,51.0,172.0,69.2989524576954,40409.407735697016,86.53694581280797,78.4
4005400,36081005400,Queens,Ozone Park,54,75.0,79.7,Preserve,1658,1133.0,54.0,57.0,34.37876960193004,37875.87454764777,96.73896353166992,73.6
1023502,36061023502,Manhattan,Harlem (North),235.02,96.1,79.7,Protect,974,884.0,42.0,104.0,106.77618069815195,41080.24640657084,109.8205128205127,95.9
4046800,36081046800,Queens,Jamaica,468,89.6,79.6,Protect,1252,947.0,45.0,48.0,38.33865814696485,43806.708466453674,100.12737642585557,85.8
3076000,36047076000,Brooklyn,Midwood,760,85.3,79.6,Protect,1169,994.0,47.0,23.0,19.674935842600515,50567.99401197605,105.05594405594411,82.5
4046200,36081046200,Queens,Jamaica,462,79.9,79.5,Preserve,2557,1053.0,50.0,130.0,50.840829096597574,42410.92491200626,85.83716075156553,82.4
3025200,36047025200,Brooklyn,Bensonhurst,252,78.3,79.5,Preserve,1852,1078.0,51.0,33.0,17.81857451403888,56754.67278617711,93.13333333333367,82.9
2007800,36005007800,Bronx,Castle Hill-Unionport,78,79.0,79.5,Preserve,2369,1067.0,51.0,154.0,65.00633178556353,39588.919375263824,87.67450271247753,79.0
1005700,36061005700,Manhattan,Greenwich Village,57,48.7,79.4,Produce,1828,1727.0,82.0,4.0,2.1881838074398248,245522.75382932165,114.58333333333371,29.1
4054500,36081054500,Queens,Ridgewood,545,89.5,79.4,Protect,1363,940.0,45.0,29.0,21.27659574468085,76552.78209831254,97.02816901408482,89.7
3089200,36047089200,Brooklyn,East Flatbush-Remsen Village,892,83.8,79.3,Preserve,1576,999.0,48.0,136.0,86.29441624365482,37273.99111675127,94.97647058823509,83.8
3053300,36047053300,Brooklyn,South Williamsburg,533,47.7,79.3,Produce,1857,1752.0,83.0,6.0,3.2310177705977385,81186.98330640819,114.2671905697448,55.2
4010300,36081010300,Queens,Astoria (North)-Ditmars-Steinway,103,76.9,79.2,Preserve,1944,1084.0,52.0,45.0,23.148148148148145,47023.70524691358,92.28199566160515,68.8
3033500,36047033500,Brooklyn,Crown Heights (South),335,98.3,79.2,Protect,905,848.0,40.0,30.0,33.14917127071823,72039.21767955802,113.5938967136151,98.3
3002100,36047002100,Brooklyn,Downtown Brooklyn-DUMBO-Boerum Hill,21,48.7,79.1,Produce,4268,1708.0,81.0,31.0,7.2633552014995315,209045.17033739458,85.03603603603597,52.7
3030300,36047030300,Brooklyn,Ocean Hill,303,77.6,79.1,Preserve,2015,1072.0,51.0,154.0,76.42679900744417,36870.93796526055,91.12634408602162,78.9
3051001,36047051001,Brooklyn,Flatbush,510.01,68.1,79.0,Preserve,1425,1217.0,58.0,105.0,73.68421052631578,32681.36842105263,105.2777777777776,63.2
4005700,36081005700,Queens,Astoria (Central),57,66.6,79.0,Preserve,2003,1245.0,59.0,28.0,13.979031452820768,50009.320019970044,94.52272727272725,72.5
4005100,36081005100,Queens,Queensbridge-Ravenswood-Dutch Kills,51,89.9,79.0,Preserve,1493,922.0,44.0,37.0,24.782317481580712,72492.49966510382,94.4940476190477,90.6
4003100,36081003100,Queens,Queensbridge-Ravenswood-Dutch Kills,31,72.9,78.9,Preserve,1753,1134.0,54.0,19.0,10.838562464346834,89471.38790644609,95.43333333333362,60.2
1012602,36061012602,Manhattan,Upper East Side-Lenox Hill-Roosevelt Island,126.02,23.2,78.9,Produce,4521,3551.0,168.0,0.0,0.0,137018.76067241761,101.4230769230769,25.3
3036600,36047036600,Brooklyn,Brighton Beach,366,85.7,78.8,Preserve,1521,958.0,45.0,46.0,30.243261012491782,47049.74095989481,94.87676056338046,85.0
1011401,36061011401,Manhattan,Upper East Side-Carnegie Hill,114.01,61.2,78.8,Protect,1399,1343.0,63.0,7.0,5.003573981415297,494427.1579699786,118.56666666666683,62.2
3036200,36047036200,Brooklyn,Brighton Beach,362,84.3,78.7,Preserve,1595,972.0,46.0,47.0,29.46708463949843,46862.156739811915,94.15384615384642,83.8
3114600,36047114600,Brooklyn,Cypress Hills,1146,93.3,78.7,Protect,1100,879.0,42.0,48.0,43.63636363636364,45698.263636363634,101.87535410764872,91.0
3020500,36047020500,Brooklyn,Prospect Heights,205,54.9,78.6,Preserve,1660,1489.0,70.0,8.0,4.819277108433735,123141.15843373493,108.86419753086398,53.6
1005900,36061005900,Manhattan,Greenwich Village,59,39.4,78.6,Produce,3378,2072.0,98.0,7.0,2.0722320899940794,153576.76021314386,94.32352941176487,42.2
1010300,36061010300,Manhattan,Chelsea-Hudson Yards,103,84.2,78.6,Preserve,2325,973.0,46.0,50.0,21.505376344086024,149978.09032258065,86.13333333333367,66.1
3024100,36047024100,Brooklyn,Bedford-Stuyvesant (West),241,89.9,78.5,Preserve,1512,897.0,42.0,36.0,23.809523809523807,90344.0085978836,93.54639175257762,82.8
1016400,36061016400,Manhattan,East Harlem (South),164,89.2,78.5,Preserve,2366,915.0,43.0,82.0,34.65765004226542,93115.72696534234,84.56097560975604,90.4
1012102,36061012102,Manhattan,Hell's Kitchen,121.02,25.0,78.4,Produce,3520,3224.0,152.0,0.0,0.0,130414.69176136363,110.91240875912399,27.5
3042600,36047042600,Brooklyn,Gravesend (West),426,75.1,78.4,Preserve,1504,1072.0,50.0,24.0,15.957446808510637,48966.41688829787,98.08411214953276,83.5
3019600,36047019600,Brooklyn,Dyker Heights,196,76.1,78.3,Preserve,1547,1052.0,49.0,20.0,12.928248222365868,65861.24757595346,96.58248472505124,80.4
2009200,36005009200,Bronx,Castle Hill-Unionport,92,78.6,78.3,Preserve,2108,1022.0,48.0,165.0,78.27324478178369,38012.90891840607,89.33029612756286,77.2
4009700,36081009700,Queens,Astoria (North)-Ditmars-Steinway,97,67.6,78.2,Preserve,1646,1183.0,56.0,17.0,10.328068043742407,60580.82685297691,98.34158415841603,78.2
4014300,36081014300,Queens,Astoria (East)-Woodside (North),143,82.7,78.2,Preserve,1793,966.0,45.0,43.0,23.982152816508645,55481.91299498048,91.49127906976764,81.5
3013500,36047013500,Brooklyn,Park Slope,135,51.9,78.1,Preserve,1663,1533.0,72.0,6.0,3.6079374624173184,162276.84666265786,111.78171091445438,62.5
3055100,36047055100,Brooklyn,Williamsburg,551,51.3,78.1,Preserve,3240,1546.0,72.0,23.0,7.098765432098766,161983.03827160495,88.83536585365846,47.6
4005300,36081005300,Queens,Astoria (Central),53,67.9,78.1,Preserve,2615,1173.0,55.0,40.0,15.296367112810707,59133.17667304015,87.5892116182572,71.2
2021001,36005021001,Bronx,Parkchester,210.01,49.2,78.0,Produce,3857,1608.0,75.0,236.0,61.187451387088416,33199.768472906406,86.0,50.0
3077400,36047077400,Brooklyn,Flatbush,774,77.1,78.0,Preserve,1647,1027.0,48.0,55.0,33.39404978749241,39724.875531268975,94.5625,65.1
3014500,36047014500,Brooklyn,Sunset Park (West),145,54.5,77.9,Preserve,2085,1435.0,67.0,14.0,6.71462829736211,80296.31366906475,96.97280334728043,43.9
3055700,36047055700,Brooklyn,Williamsburg,557,84.5,77.9,Protect,1064,920.0,43.0,12.0,11.278195488721805,176242.0939849624,106.16260162601634,75.8
3119600,36047119600,Brooklyn,East New York-City Line,1196,74.9,77.8,Preserve,2003,1038.0,48.0,129.0,64.40339490763854,36756.617074388414,90.6597444089457,76.3
3026100,36047026100,Brooklyn,Bedford-Stuyvesant (West),261,85.1,77.8,Preserve,2756,913.0,43.0,95.0,34.470246734397676,72389.81059506531,81.5776515151515,85.3
3086800,36047086800,Brooklyn,East Flatbush-Rugby,868,90.2,77.7,Protect,1182,861.0,40.0,73.0,61.75972927241963,40842.43654822335,98.78212290502802,90.7
3008800,36047008800,Brooklyn,Sunset Park (Central),88,77.7,77.7,Protect,1143,1000.0,47.0,17.0,14.873140857392825,48864.626421697285,106.91705069124441,67.9
3042200,36047042200,Brooklyn,Gravesend (East)-Homecrest,422,96.7,77.7,Protect,1279,802.0,37.0,49.0,38.31118060985145,84745.51837372947,94.77473684210531,95.3
1007002,36061007002,Manhattan,Murray Hill-Kips Bay,70.02,25.6,77.6,Produce,3347,3025.0,141.0,0.0,0.0,155417.10755900806,109.52760736196319,28.0
3026300,36047026300,Brooklyn,Bedford-Stuyvesant (West),263,94.6,77.6,Protect,1053,818.0,38.0,38.0,36.08736942070275,54066.9534662868,101.13425925925912,95.1
4007900,36081007900,Queens,Old Astoria-Hallets Point,79,84.6,77.5,Preserve,1747,911.0,42.0,40.0,22.896393817973667,66700.21980538065,90.80405405405395,86.8
1011900,36061011900,Manhattan,Midtown-Times Square,119,98.5,77.5,Protect,866,782.0,36.0,31.0,35.79676674364896,71127.0207852194,109.3529411764705,96.5
3117400,36047117400,Brooklyn,Cypress Hills,1174,72.4,77.4,Protect,1125,1051.0,49.0,47.0,41.77777777777777,34410.8,112.95209580838309,74.7
1028500,36061028500,Manhattan,Washington Heights (North),285,41.2,77.4,Produce,2572,1862.0,86.0,181.0,70.37325038880249,28782.153965785383,98.56666666666683,39.5
3021800,36047021800,Brooklyn,Borough Park,218,73.4,77.3,Protect,1176,1031.0,48.0,11.0,9.353741496598639,70731.5799319728,107.11337868480723,73.0
3006000,36047006000,Brooklyn,Bay Ridge,60,82.7,77.3,Protect,1177,916.0,42.0,19.0,16.142735768903993,58561.42735768904,101.15046296296327,80.1
3004500,36047004500,Brooklyn,Carroll Gardens-Cobble Hill-Gowanus-Red Hook,45,55.1,77.2,Protect,1366,1366.0,63.0,5.0,3.6603221083455346,171800.39019033674,144.6763636363637,50.5
3043000,36047043000,Brooklyn,Bensonhurst,430,90.6,77.2,Protect,1348,835.0,39.0,43.0,31.899109792284865,55718.553412462905,94.50996015936244,92.0
4062900,36081062900,Queens,Glendale,629,69.9,77.2,Protect,1202,1077.0,50.0,15.0,12.479201331114808,46420.959234608985,108.86004514672686,68.7
3041100,36047041100,Brooklyn,Bushwick (East),411,92.3,77.1,Protect,1250,814.0,38.0,38.0,30.4,61706.392,95.51458885941634,92.2
1012601,36061012601,Manhattan,Upper East Side-Lenox Hill-Roosevelt Island,126.01,21.4,77.1,Produce,4994,3512.0,162.0,0.0,0.0,133933.96195434523,97.65306122448965,23.4
3026800,36047026800,Brooklyn,Bensonhurst,268,70.0,77.0,Preserve,1509,1073.0,50.0,17.0,11.26573889993373,58834.4731610338,98.03719912472638,76.6
3004900,36047004900,Brooklyn,Carroll Gardens-Cobble Hill-Gowanus-Red Hook,49,66.1,77.0,Protect,1142,1133.0,52.0,7.0,6.129597197898424,149752.56304728545,132.1141552511417,66.9
4077300,36081077300,Queens,Kew Gardens,773,76.3,76.9,Protect,1182,980.0,45.0,19.0,16.07445008460237,46317.51269035533,103.48598130841128,86.9
3049500,36047049500,Brooklyn,East Williamsburg,495,61.8,76.9,Preserve,1556,1208.0,56.0,11.0,7.069408740359897,117695.44215938303,101.11143695014675,51.7
2003100,36005003100,Bronx,Mott Haven-Port Morris,31,96.4,76.8,Protect,1200,774.0,36.0,120.0,100.0,47762.12416666667,95.34482758620675,95.1
1007600,36061007600,Manhattan,Midtown South-Flatiron-Union Square,76,83.6,76.8,Preserve,1967,887.0,41.0,36.0,18.301982714794104,197299.49466192172,87.6875,82.7
3059300,36047059300,Brooklyn,Greenpoint,593,80.8,76.8,Protect,1000,917.0,42.0,11.0,11.0,85831.771,111.09824561403525,75.1
1005501,36061005501,Manhattan,Greenwich Village,55.01,25.1,76.7,Produce,3196,2940.0,135.0,0.0,0.0,129395.13454317897,111.5454545454545,27.5
4018102,36081018102,Queens,Sunnyside,181.02,62.8,76.7,Preserve,2052,1172.0,54.0,28.0,13.64522417153996,49493.5955165692,92.88297872340445,59.2
4093402,36081093402,Queens,Breezy Point-Belle Harbor-Rockaway Park-Broad Channel,934.02,71.0,76.6,Preserve,2020,1035.0,48.0,78.0,38.613861386138616,38254.602970297026,90.39436619718322,72.8
3057800,36047057800,Brooklyn,Madison,578,92.2,76.6,Protect,1229,798.0,37.0,37.0,30.10577705451587,61997.93409275834,95.48611111111131,90.8
4011700,36081011700,Queens,Astoria (North)-Ditmars-Steinway,117,74.6,76.5,Preserve,1755,982.0,45.0,28.0,15.954415954415955,56800.34188034188,92.35409836065605,63.4
4103202,36081103202,Queens,Far Rockaway-Bayswater,1032.02,71.0,76.5,Preserve,3971,1034.0,47.0,129.0,32.48552002014606,52270.11634349031,78.07947019867561,74.2
3054200,36047054200,Brooklyn,Midwood,542,66.9,76.4,Preserve,1692,1092.0,50.0,23.0,13.59338061465721,50028.68971631206,95.35820895522397,70.1
3029800,36047029800,Brooklyn,Gravesend (West),298,86.1,76.4,Protect,1307,850.0,39.0,26.0,19.892884468247896,66175.83550114767,95.49887133182847,86.6
1001502,36061001502,Manhattan,Financial District-Battery Park City,15.02,19.2,76.3,Produce,6684,3793.0,174.0,0.0,0.0,153328.86490125672,92.73333333333358,20.9
3003400,36047003400,Brooklyn,Bay Ridge,34,69.8,76.3,Preserve,1445,1035.0,47.0,18.0,12.456747404844291,52799.08096885813,98.24070021881835,77.8
2011900,36005011900,Bronx,Longwood,119,75.0,76.3,Preserve,2511,972.0,44.0,186.0,74.07407407407408,38699.347272003186,84.57037037037048,75.3
4048400,36081048400,Queens,Hollis,484,63.2,76.2,Preserve,1545,1141.0,52.0,43.0,27.831715210355988,36142.271844660194,99.4354166666667,58.9
4005900,36081005900,Queens,Astoria (Central),59,61.8,76.2,Preserve,1971,1168.0,53.0,21.0,10.6544901065449,58891.312531709795,93.5251798561153,60.0
4015802,36081015802,Queens,South Ozone Park,158.02,80.2,76.1,Protect,1221,899.0,41.0,35.0,28.665028665028665,41085.847665847665,99.34472934472956,79.0
3006700,36047006700,Brooklyn,Carroll Gardens-Cobble Hill-Gowanus-Red Hook,67,50.9,76.1,Preserve,1456,1412.0,64.0,4.0,2.7472527472527473,215990.73557692306,121.88443396226398,50.1
3116800,36047116800,Brooklyn,Cypress Hills,1168,95.6,76.0,Protect,863,751.0,34.0,54.0,62.572421784472766,43548.56315179606,106.5037037037041,97.6
1028700,36061028700,Manhattan,Washington Heights (North),287,59.2,76.0,Preserve,1986,1206.0,55.0,79.0,39.77844914400806,34427.71903323263,94.03125,54.8
4023200,36081023200,Queens,Jamaica Hills-Briarwood,232,81.4,75.9,Preserve,1819,876.0,40.0,57.0,31.335898845519516,48018.29851566795,89.13995485327314,76.9
3074200,36047074200,Brooklyn,Flatlands,742,95.1,75.9,Protect,982,747.0,34.0,45.0,45.824847250509166,49789.826883910384,100.39014373716645,96.0
2024000,36005024000,Bronx,Pelham Parkway-Van Nest,240,73.9,75.9,Protect,1305,966.0,44.0,108.0,82.75862068965517,34044.48275862069,99.48131868131873,74.1
3037500,36047037500,Brooklyn,Bedford-Stuyvesant (East),375,92.0,75.8,Preserve,1667,770.0,35.0,64.0,38.39232153569286,71509.79784043191,88.19623655914006,91.1
3015500,36047015500,Brooklyn,Park Slope,155,46.0,75.8,Produce,1607,1540.0,70.0,2.0,1.2445550715619167,181034.52582451774,117.61386138613875,28.9
3028600,36047028600,Brooklyn,Bath Beach,286,71.7,75.7,Preserve,2147,987.0,45.0,118.0,54.96040987424313,37380.06101537029,88.09178743961365,66.3
3011901,36047011901,Brooklyn,Carroll Gardens-Cobble Hill-Gowanus-Red Hook,119.01,21.4,75.7,Produce,4100,3302.0,150.0,0.0,0.0,79844.36804878048,102.25414364640869,23.3
1020500,36061020500,Manhattan,Morningside Heights,205,45.5,75.6,Produce,1648,1549.0,70.0,4.0,2.4271844660194173,87608.82281553397,113.9375,45.6
1013604,36061013604,Manhattan,Upper East Side-Yorkville,136.04,24.6,75.6,Produce,3242,2869.0,130.0,0.0,0.0,138101.28716841456,107.61379310344842,27.2
4053100,36081053100,Queens,Maspeth,531,72.5,75.5,Protect,1290,971.0,44.0,27.0,20.930232558139533,41023.37209302326,99.9746621621623,76.7
4001000,36081001000,Queens,Woodhaven,10,77.5,75.5,Protect,998,906.0,41.0,28.0,28.0561122244489,38157.37975951904,109.85018726591761,80.9
2026602,36005026602,Bronx,Pelham Bay-Country Club-City Island,266.02,50.0,75.4,Preserve,2899,1395.0,63.0,119.0,41.048637461193515,33715.92480165575,89.13888888888869,50.2
1016002,36061016002,Manhattan,East Harlem (South),160.02,62.6,75.4,Protect,1360,1117.0,51.0,9.0,6.617647058823529,139720.9919117647,103.12195121951208,78.2
2028900,36005028900,Bronx,Kingsbridge-Marble Hill,289,49.7,75.4,Produce,2048,1409.0,64.0,79.0,38.57421875,32257.87548828125,96.9661016949151,49.2
3114400,36047114400,Brooklyn,East New York (North),1144,97.5,75.3,Protect,878,712.0,32.0,70.0,79.72665148063781,45990.13667425968,102.55434782608722,98.1
2006301,36005006301,Bronx,Concourse-Concourse Village,63.01,17.6,75.3,Produce,5348,3927.0,177.0,0.0,0.0,56117.87976813762,99.17000000000007,19.1
2023900,36005023900,Bronx,Fordham Heights,239,27.2,75.2,Produce,3046,2541.0,115.0,267.0,87.65594221930401,26005.814182534472,103.79487179487205,26.8
3048600,36047048600,Brooklyn,Kensington,486,87.9,75.2,Protect,929,784.0,35.0,17.0,18.29924650161464,59568.148546824545,104.530201342282,84.9
3017100,36047017100,Brooklyn,Windsor Terrace-South Slope,171,46.2,75.1,Produce,1771,1491.0,67.0,6.0,3.3879164313946926,82349.79672501412,104.38562091503286,66.1
3012100,36047012100,Brooklyn,Carroll Gardens-Cobble Hill-Gowanus-Red Hook,121,75.4,75.1,Protect,972,912.0,41.0,8.0,8.23045267489712,114296.32304526749,113.71755725190837,84.2
1008603,36061008603,Manhattan,East Midtown-Turtle Bay,86.03,23.4,75.0,Produce,3778,2896.0,130.0,0.0,0.0,170928.1993118052,100.6081081081079,25.7
1003001,36061003001,Manhattan,Lower East Side,30.01,24.9,75.0,Produce,3036,2743.0,123.0,0.0,0.0,133744.1600790514,109.49132947976886,27.3
2017300,36005017300,Bronx,Concourse-Concourse Village,173,57.7,75.0,Preserve,1907,1176.0,53.0,107.0,56.10907184058731,33157.45673833246,94.46564885496196,58.0
2021800,36005021800,Bronx,Soundview-Bruckner-Bronx River,218,40.5,74.9,Produce,2347,1666.0,75.0,283.0,120.57946314443971,28363.058372390286,98.00573065902563,40.9
1015301,36061015301,Manhattan,Upper West Side-Lincoln Square,153.01,27.8,74.9,Produce,2482,2435.0,109.0,0.0,0.0,203457.24657534246,125.37007874015762,29.8
3019300,36047019300,Brooklyn,Clinton Hill,193,64.2,74.8,Preserve,2920,1050.0,47.0,41.0,14.041095890410958,83750.29794520549,83.35185185185196,59.1
3053200,36047053200,Brooklyn,Midwood,532,88.3,74.8,Protect,994,764.0,34.0,22.0,22.132796780684103,55789.17102615694,100.68978102189794,82.3
2026701,36005026701,Bronx,Kingsbridge Heights-Van Cortlandt Village,267.01,57.5,74.7,Preserve,1407,1161.0,52.0,117.0,83.15565031982942,30775.45842217484,103.26666666666688,53.4
3039300,36047039300,Brooklyn,Bushwick (West),393,88.9,74.7,Preserve,1900,756.0,34.0,73.0,38.421052631578945,65251.92157894737,84.98694516971273,87.8
3012600,36047012600,Brooklyn,Bay Ridge,126,92.5,74.6,Protect,895,722.0,32.0,22.0,24.581005586592177,65551.44134078213,102.30496453900719,91.3
3027100,36047027100,Brooklyn,Bedford-Stuyvesant (East),271,91.8,74.6,Preserve,1825,723.0,32.0,81.0,44.38356164383562,78518.41041095891,84.9096774193547,87.2
3086200,36047086200,Brooklyn,East Flatbush-Rugby,862,79.5,74.6,Protect,1111,830.0,37.0,86.0,77.4077407740774,35392.736273627364,99.82183908046,80.1
4014000,36081014000,Queens,Kew Gardens,140,72.6,74.5,Preserve,1520,904.0,40.0,43.0,28.289473684210527,40093.66447368421,93.5867970660147,71.1
3091600,36047091600,Brooklyn,Brownsville,916,82.1,74.5,Preserve,2484,802.0,36.0,140.0,56.36070853462158,47947.44001610306,81.09366391184562,79.6
3003600,36047003600,Brooklyn,Bay Ridge,36,52.9,74.4,Preserve,1894,1239.0,55.0,18.0,9.503695881731785,47873.2206969377,95.63157894736833,63.7
3044400,36047044400,Brooklyn,Mapleton-Midwood (West),444,80.5,74.4,Protect,1226,815.0,36.0,19.0,15.497553017944535,66783.98368678629,95.9677419354839,82.7
3088600,36047088600,Brooklyn,East Flatbush-Remsen Village,886,70.5,74.3,Preserve,1739,930.0,41.0,148.0,85.1063829787234,35088.02760207016,91.2947368421053,70.0
1014900,36061014900,Manhattan,Upper West Side-Lincoln Square,149,42.4,74.3,Produce,4094,1541.0,69.0,23.0,5.617977528089887,220830.86345872006,84.05714285714271,47.4
4001400,36081001400,Queens,Woodhaven,14,61.9,74.2,Protect,1183,1052.0,47.0,30.0,25.359256128486898,35422.36770921386,108.20833333333371,56.8
2027700,36005027700,Bronx,Kingsbridge Heights-Van Cortlandt Village,277,39.8,74.2,Produce,1898,1635.0,73.0,99.0,52.16016859852476,28515.286617492096,105.95209580838309,38.8
3117000,36047117000,Brooklyn,Cypress Hills,1170,92.0,74.1,Protect,761,702.0,31.0,29.0,38.107752956636006,43403.77135348226,111.8839285714289,94.5
4029100,36081029100,Queens,Jackson Heights,291,60.2,74.1,Preserve,2404,1076.0,48.0,45.0,18.718801996672212,43846.76289517471,87.4813084112152,61.3
2039901,36005039901,Bronx,University Heights (North)-Fordham,399.01,51.6,74.1,Preserve,1872,1259.0,56.0,199.0,106.3034188034188,30307.942841880344,96.19008264462809,50.7
1027700,36061027700,Manhattan,Washington Heights (North),277,36.9,74.0,Produce,2074,1750.0,78.0,98.0,47.251687560270014,28257.569913211188,104.46428571428555,34.4
2024100,36005024100,Bronx,Mount Hope,241,31.6,74.0,Produce,2406,2044.0,91.0,262.0,108.89443059019119,26479.25187032419,104.9906542056076,32.0
3044500,36047044500,Brooklyn,Bushwick (West),445,72.5,73.9,Preserve,1786,890.0,39.0,26.0,14.557670772676373,69736.61198208286,89.92544987146516,74.0
3025901,36047025901,Brooklyn,Bedford-Stuyvesant (West),259.01,96.9,73.9,Protect,950,664.0,29.0,36.0,37.89473684210527,71820.77157894737,97.5151515151515,92.1
3005000,36047005000,Brooklyn,Bay Ridge,50,69.3,73.8,Protect,1126,924.0,41.0,11.0,9.769094138543517,59178.83658969805,103.09917355371931,79.3
3019000,36047019000,Brooklyn,Bensonhurst,190,77.9,73.8,Preserve,1623,821.0,36.0,32.0,19.716574245224894,56807.962415280344,90.1210191082805,72.2
1015602,36061015602,Manhattan,East Harlem (South),156.02,54.9,73.7,Preserve,1982,1164.0,51.0,16.0,8.072653884964682,66460.59535822402,93.33333333333371,71.0
4048100,36081048100,Queens,Elmhurst,481,75.3,73.7,Preserve,1863,849.0,38.0,53.0,28.448738593666132,44753.41599570585,87.96538461538489,74.9
3025600,36047025600,Brooklyn,Bensonhurst,256,80.4,73.7,Protect,1045,795.0,35.0,15.0,14.354066985645934,64107.670813397126,100.31578947368439,54.0
1013100,36061013100,Manhattan,Midtown-Times Square,131,70.4,73.6,Preserve,2864,901.0,40.0,46.0,16.06145251396648,170949.3310055866,80.65000000000009,68.4
3052700,36047052700,Brooklyn,Williamsburg,527,73.7,73.6,Preserve,2735,862.0,38.0,58.0,21.206581352833638,76929.24460694699,80.75704225352115,71.8
3087000,36047087000,Brooklyn,East Flatbush-Rugby,870,81.4,73.5,Protect,1129,778.0,34.0,83.0,73.51638618246236,36549.40655447298,97.01600000000008,81.2
3014000,36047014000,Brooklyn,Dyker Heights,140,90.5,73.5,Protect,860,701.0,31.0,24.0,27.906976744186046,50740.14651162791,102.82833787465961,88.4
3117602,36047117602,Brooklyn,Cypress Hills,1176.02,75.5,73.4,Protect,891,838.0,37.0,41.0,46.015712682379345,34614.1088664422,114.00546448087448,77.1
3023200,36047023200,Brooklyn,Borough Park,232,64.3,73.4,Preserve,1744,983.0,43.0,17.0,9.74770642201835,82494.58256880734,92.58480565371042,55.5
3055500,36047055500,Brooklyn,Williamsburg,555,54.7,73.3,Preserve,4742,1156.0,51.0,60.0,12.652889076339097,162660.0495571489,77.10344827586209,57.4
3081600,36047081600,Brooklyn,East Flatbush-Erasmus,816,82.4,73.3,Protect,946,766.0,34.0,51.0,53.911205073995774,36719.87315010571,102.44000000000005,80.7
2014300,36005014300,Bronx,Concourse-Concourse Village,143,97.4,73.2,Protect,1015,647.0,28.0,94.0,92.61083743842364,51161.1763546798,95.06896551724162,97.8
4056800,36081056800,Queens,Queens Village,568,81.2,73.2,Preserve,1475,770.0,34.0,72.0,48.813559322033896,40634.42033898305,90.80442374854488,84.1
4058100,36081058100,Queens,Ridgewood,581,77.1,73.2,Protect,1077,814.0,36.0,18.0,16.71309192200557,48358.56081708449,100.06609195402325,74.5
2007900,36005007900,Bronx,Melrose,79,52.6,73.1,Preserve,2783,1186.0,52.0,157.0,56.41394178943586,33855.93244699964,86.51999999999998,52.4
3028300,36047028300,Brooklyn,Bedford-Stuyvesant (East),283,87.8,73.1,Preserve,1633,709.0,31.0,62.0,37.96693202694428,55206.66258420086,86.94196428571445,90.3
3050801,36047050801,Brooklyn,Flatbush,508.01,60.7,73.0,Preserve,1538,1023.0,45.0,89.0,57.86736020806242,33292.841352405725,95.98214285714289,58.8
3015300,36047015300,Brooklyn,Park Slope,153,46.5,73.0,Monitor,1363,1339.0,59.0,2.0,1.467351430667645,163494.58694057228,125.96464646464642,29.0
3011700,36047011700,Brooklyn,Carroll Gardens-Cobble Hill-Gowanus-Red Hook,117,47.4,72.9,Produce,1483,1307.0,57.0,5.0,3.3715441672285906,95378.87188132164,107.50280898876395,48.4
3025100,36047025100,Brooklyn,Bedford-Stuyvesant (West),251,89.3,72.9,Preserve,1639,693.0,30.0,61.0,37.21781574130567,66307.2178157413,86.34364261168389,86.4
4071100,36081071100,Queens,Forest Hills,711,54.2,72.8,Preserve,3162,1140.0,50.0,40.0,12.65022137887413,56962.16540164453,83.4187817258885,47.0
3075000,36047075000,Brooklyn,Midwood,750,91.2,72.8,Protect,946,678.0,30.0,27.0,28.54122621564482,55078.63636363636,98.25784753363246,95.0
2041400,36005041400,Bronx,Wakefield-Woodlawn,414,67.3,72.8,Preserve,2136,920.0,40.0,162.0,75.84269662921349,35976.58707865168,86.82595419847326,67.5
1010400,36061010400,Manhattan,Midtown-Times Square,104,63.4,72.7,Preserve,1478,972.0,42.0,11.0,7.442489851150203,325890.5182679296,95.75,71.7
4071306,36081071306,Queens,Forest Hills,713.06,69.1,72.7,Preserve,3182,893.0,39.0,94.0,29.5411690760528,51058.12130735387,78.93133047210313,64.3
3119200,36047119200,Brooklyn,East New York (North),1192,91.3,72.6,Preserve,1495,673.0,29.0,113.0,75.58528428093646,49177.073578595315,87.64146341463447,91.7
4007100,36081007100,Queens,Astoria (Central),71,64.8,72.6,Preserve,2162,950.0,41.0,29.0,13.41350601295097,66928.84042553192,87.14525139664806,49.4
3008400,36047008400,Brooklyn,Sunset Park (West),84,64.1,72.5,Protect,1062,955.0,42.0,8.0,7.532956685499058,68112.30979284369,109.14285714285711,68.8
4024900,36081024900,Queens,Woodside,249,63.7,72.5,Preserve,2371,959.0,42.0,54.0,22.775200337410375,44343.54365246731,85.18715083798884,51.6
3037100,36047037100,Brooklyn,Ocean Hill,371,84.7,72.4,Preserve,1779,722.0,31.0,108.0,60.70826306913996,44697.652613827995,85.40293040293045,86.2
2041800,36005041800,Bronx,Wakefield-Woodlawn,418,58.1,72.4,Protect,1371,1048.0,46.0,106.0,77.31582786287382,31394.332603938732,100.50333333333356,59.5
2005600,36005005600,Bronx,Soundview-Bruckner-Bronx River,56,79.4,72.3,Protect,967,767.0,33.0,77.0,79.62771458117889,34990.299896587385,101.66111111111127,79.7
1030700,36061030700,Manhattan,Inwood,307,62.2,72.3,Preserve,1898,979.0,42.0,30.0,15.806111696522656,46553.37723919916,90.59615384615404,58.4
2026900,36005026900,Bronx,University Heights (North)-Fordham,269,62.3,72.3,Preserve,1862,976.0,42.0,100.0,53.70569280343717,34814.0977443609,90.8936170212769,60.7
4004200,36081004200,Queens,Ozone Park (North),42,68.8,72.2,Protect,1138,881.0,38.0,40.0,35.149384885764505,35466.93848857645,100.97201492537329,70.5
3028100,36047028100,Brooklyn,Bedford-Stuyvesant (East),281,87.1,72.2,Preserve,2022,697.0,30.0,84.0,41.54302670623145,61431.14391691395,82.53571428571445,85.4
3074000,36047074000,Brooklyn,Flatlands,740,72.7,72.1,Protect,1040,832.0,36.0,60.0,57.69230769230769,34283.04807692308,101.9327731092435,71.9
4001800,36081001800,Queens,Woodhaven,18,77.4,72.1,Protect,894,782.0,34.0,30.0,33.557046979865774,36933.523489932886,106.8547008547007,70.2
3076600,36047076600,Brooklyn,Flatbush,766,91.5,72.0,Protect,758,661.0,29.0,47.0,62.00527704485488,39920.936675461744,106.57943925233644,92.2
3011000,36047011000,Brooklyn,Sunset Park (East)-Borough Park (West),110,94.0,72.0,Protect,732,643.0,28.0,18.0,24.59016393442623,66798.20218579235,107.2782608695652,84.9
1004001,36061004001,Manhattan,East Village,40.01,26.1,71.9,Produce,2410,2308.0,100.0,0.0,0.0,137473.20788381743,117.58992805755406,28.2
1004002,36061004002,Manhattan,East Village,40.02,26.8,71.9,Produce,2329,2249.0,97.0,0.0,0.0,159039.8321167883,120.33587786259568,28.6
2020400,36005020400,Bronx,Westchester Square,204,92.7,71.9,Protect,1110,650.0,28.0,74.0,66.66666666666667,46522.43243243243,93.27304964539007,92.8
3021200,36047021200,Brooklyn,Dyker Heights,212,71.3,71.8,Protect,1398,841.0,36.0,19.0,13.590844062947067,57681.79542203147,93.90582959641279,70.4
2043400,36005043400,Bronx,Wakefield-Woodlawn,434,83.7,71.8,Preserve,1623,720.0,31.0,132.0,81.33086876155268,40706.432532347506,87.29222520107237,83.2
3048000,36047048000,Brooklyn,Flatbush (West)-Ditmas Park-Parkville,480,78.1,71.7,Protect,1180,768.0,33.0,19.0,16.101694915254235,55946.23728813559,95.5,83.9
2006200,36005006200,Bronx,Soundview-Bruckner-Bronx River,62,48.8,71.7,Produce,2345,1222.0,53.0,148.0,63.11300639658848,31853.565031982944,90.79194630872485,49.6
3117601,36047117601,Brooklyn,Cypress Hills,1176.01,86.8,71.6,Protect,740,685.0,29.0,39.0,52.70270270270271,37397.35135135135,112.20270270270271,89.4
4077500,36081077500,Queens,Kew Gardens,775,83.7,71.6,Protect,1004,709.0,30.0,20.0,19.9203187250996,53867.03486055777,97.82278481012645,75.6
2030000,36005030000,Bronx,Pelham Bay-Country Club-City Island,300,59.0,71.5,Preserve,2829,1005.0,43.0,115.0,40.65040650406504,37414.33651466949,83.14364640883991,56.3
2022200,36005022200,Bronx,Parkchester,222,82.1,71.5,Protect,1346,722.0,31.0,96.0,71.32243684992571,38981.16641901932,91.33492822966514,81.7
3049800,36047049800,Brooklyn,Kensington,498,54.0,71.4,Preserve,1636,1096.0,47.0,18.0,11.002444987775062,44327.01833740831,96.07868020304568,50.0
3036700,36047036700,Brooklyn,Ocean Hill,367,98.6,71.4,Protect,689,598.0,26.0,53.0,76.92307692307693,49056.07111756168,106.29411764705878,98.9
2022701,36005022701,Bronx,Mount Hope,227.01,53.6,71.4,Preserve,2275,1099.0,47.0,234.0,102.85714285714286,32349.863736263735,89.17333333333363,52.8
3022600,36047022600,Brooklyn,Borough Park,226,95.1,71.3,Protect,709,619.0,26.0,19.0,26.798307475317348,67960.65162200283,106.60576923076928,95.6
1007400,36061007400,Manhattan,Midtown South-Flatiron-Union Square,74,42.5,71.3,Produce,4201,1385.0,59.0,27.0,6.427041180671268,198876.26612711258,81.36764705882365,44.4
3041300,36047041300,Brooklyn,Bushwick (East),413,85.1,71.2,Protect,1397,690.0,29.0,48.0,34.35934144595562,49667.01288475304,89.71459227467835,87.5
1009200,36061009200,Manhattan,East Midtown-Turtle Bay,92,62.6,71.2,Preserve,1589,938.0,40.0,13.0,8.18124606670862,142249.58401510384,93.44000000000005,73.8
4010600,36081010600,Queens,South Ozone Park,106,86.0,71.1,Protect,861,681.0,29.0,33.0,38.32752613240418,40211.82229965157,101.58134490238649,84.4
3040100,36047040100,Brooklyn,Bushwick (East),401,88.0,71.1,Preserve,1473,666.0,28.0,69.0,46.84317718940937,49911.841140529534,87.75728155339789,85.7
4009100,36081009100,Queens,Old Astoria-Hallets Point,91,73.8,71.0,Protect,1279,791.0,34.0,19.0,14.855355746677093,55362.61376075059,94.49777777777763,59.9
3087200,36047087200,Brooklyn,East Flatbush-Rugby,872,82.4,71.0,Protect,1010,709.0,30.0,59.0,58.41584158415842,37402.78217821782,97.62295081967204,83.4
4115900,36081115900,Queens,Murray Hill-Broadway Flushing,1159,83.5,71.0,Preserve,1422,699.0,30.0,39.0,27.426160337552744,54861.08790436006,89.63383838383834,88.8
3041500,36047041500,Brooklyn,Bushwick (East),415,88.5,70.9,Preserve,1495,659.0,28.0,54.0,36.12040133779264,58889.232775919736,87.24000000000001,85.3
3027200,36047027200,Brooklyn,Bensonhurst,272,61.5,70.9,Protect,1224,949.0,40.0,11.0,8.986928104575163,54939.098039215685,101.09779179810721,61.7
4076901,36081076901,Queens,Forest Hills,769.01,47.6,70.8,Produce,2265,1224.0,52.0,17.0,7.50551876379691,57373.920529801326,91.60487804878039,41.2
3058000,36047058000,Brooklyn,Madison,580,79.9,70.8,Protect,1268,728.0,31.0,33.0,26.025236593059937,46948.84384858044,92.96417910447758,84.8
4014900,36081014900,Queens,Astoria (East)-Woodside (North),149,69.4,70.7,Protect,1062,836.0,35.0,9.0,8.474576271186441,84782.25988700565,101.48235294117649,68.0
3018501,36047018501,Brooklyn,Fort Greene,185.01,88.6,70.7,Protect,1327,655.0,28.0,59.0,44.46119065561417,49162.52599849284,89.70909090909117,89.0
4018502,36081018502,Queens,Sunnyside,185.02,63.1,70.6,Preserve,1599,919.0,39.0,18.0,11.25703564727955,58391.687304565356,92.98550724637676,72.4
3005900,36047005900,Brooklyn,Carroll Gardens-Cobble Hill-Gowanus-Red Hook,59,98.2,70.6,Protect,736,590.0,25.0,25.0,33.96739130434782,95086.94972826086,102.15757575757607,99.2
1003100,36061003100,Manhattan,Tribeca-Civic Center,31,65.8,70.5,Protect,1212,875.0,37.0,9.0,7.425742574257425,221645.55528052806,98.43478260869551,74.8
4026901,36081026901,Queens,Elmhurst,269.01,82.1,70.5,Preserve,1573,699.0,30.0,56.0,35.60076287349015,47954.16910362365,87.34868421052647,82.6
5008100,36085008100,Staten Island,St. George-New Brighton,81,56.5,70.5,Preserve,1730,1024.0,43.0,68.0,39.30635838150289,34171.57803468208,93.4993788819877,54.9
4009400,36081009400,Queens,South Ozone Park,94,81.3,70.4,Protect,846,704.0,30.0,27.0,31.914893617021274,39466.17021276596,103.73464912280724,76.0
3118400,36047118400,Brooklyn,Cypress Hills,1184,44.5,70.4,Monitor,1355,1282.0,54.0,46.0,33.94833948339483,30084.774907749077,114.73809523809518,44.6
3041200,36047041200,Brooklyn,Gravesend (West),412,69.7,70.3,Protect,1130,813.0,34.0,12.0,10.619469026548673,64273.44336283186,98.37845303867402,66.0
4073700,36081073700,Queens,Forest Hills,737,64.9,70.3,Protect,1211,874.0,37.0,10.0,8.257638315441783,80371.29644921553,98.4219653179191,52.5
1008200,36061008200,Manhattan,Midtown-Times Square,82,47.3,70.2,Produce,2639,1198.0,50.0,17.0,6.441834028040924,141527.2148541114,87.88888888888869,47.7
3052800,36047052800,Brooklyn,Flatbush (West)-Ditmas Park-Parkville,528,89.3,70.2,Protect,680,634.0,27.0,12.0,17.647058823529413,65053.58823529412,112.91923076923081,92.4
2040502,36005040502,Bronx,Bedford Park,405.02,28.8,70.1,Produce,2580,1959.0,82.0,319.0,123.64341085271317,26247.03488372093,100.27188940092151,28.7
2041500,36005041500,Bronx,Bedford Park,415,34.4,70.1,Produce,2526,1637.0,69.0,219.0,86.69833729216151,27819.9406175772,95.4652777777776,34.8
2021700,36005021700,Bronx,University Heights (South)-Morris Heights,217,47.0,70.1,Produce,2740,1196.0,50.0,198.0,72.26277372262774,31994.879562043796,87.06818181818198,48.1
2023301,36005023301,Bronx,Mount Hope,233.01,57.8,70.0,Preserve,2173,970.0,41.0,135.0,62.1260929590428,34442.278416935114,87.45000000000005,57.2
2023302,36005023302,Bronx,Mount Hope,233.02,51.6,70.0,Protect,1232,1082.0,45.0,100.0,81.16883116883116,29690.430194805194,107.2786885245905,51.8
3020800,36047020800,Brooklyn,Dyker Heights,208,67.3,69.9,Protect,1069,830.0,35.0,13.0,12.160898035547241,48619.59588400374,101.10313901345285,65.3
3022800,36047022800,Brooklyn,Borough Park,228,85.2,69.9,Protect,841,655.0,27.0,13.0,15.457788347205707,71602.7966706302,101.17509727626475,92.9
3011800,36047011800,Brooklyn,Sunset Park (Central),118,98.6,69.8,Protect,676,565.0,24.0,26.0,38.46153846153847,72378.42603550295,103.93589743589769,96.3
3043800,36047043800,Brooklyn,Mapleton-Midwood (West),438,90.2,69.8,Protect,1028,618.0,26.0,30.0,29.182879377431906,60494.58560311284,93.90366972477091,81.2
2007000,36005007000,Bronx,Soundview-Bruckner-Bronx River,70,92.2,69.7,Preserve,1446,604.0,25.0,92.0,63.6237897648686,56462.51037344398,86.03516483516478,92.6
3021100,36047021100,Brooklyn,Fort Greene,211,87.3,69.7,Preserve,1710,638.0,27.0,51.0,29.82456140350877,106218.77719298245,83.96449704141992,89.1
3044700,36047044700,Brooklyn,Bushwick (West),447,86.6,69.6,Protect,872,643.0,27.0,15.0,17.201834862385322,73419.25458715597,99.3577235772359,92.0
3117202,36047117202,Brooklyn,Cypress Hills,1172.02,54.2,69.6,Protect,1118,1025.0,43.0,67.0,59.92844364937388,30367.27191413238,111.07327586206884,54.2
1015401,36061015401,Manhattan,Upper East Side-Yorkville,154.01,22.3,69.6,Produce,3177,2481.0,104.0,0.0,0.0,108612.26030846711,101.2222222222224,24.4
4015100,36081015100,Queens,Astoria (East)-Woodside (North),151,77.0,69.5,Protect,1241,718.0,30.0,20.0,16.116035455278,59125.21837228042,93.04658385093171,74.6
4000400,36081000400,Queens,Woodhaven,4,50.5,69.5,Protect,1245,1095.0,46.0,25.0,20.080321285140563,34419.301204819276,107.30194319880411,58.8
3022400,36047022400,Brooklyn,Borough Park,224,58.3,69.4,Preserve,1600,946.0,39.0,14.0,8.75,65990.610625,93.48430493273554,64.8
3042400,36047042400,Brooklyn,Gravesend (West),424,64.7,69.4,Protect,1383,851.0,35.0,20.0,14.461315979754158,47260.19595083153,94.44871794871801,69.2
4010400,36081010400,Queens,South Ozone Park,104,79.5,69.3,Protect,891,693.0,29.0,31.0,34.79236812570146,38540.0,101.14076782449729,80.6
1020300,36061020300,Manhattan,Morningside Heights,203,57.3,69.3,Protect,1134,959.0,40.0,11.0,9.700176366843033,44959.920634920636,104.66666666666674,66.8
3006300,36047006300,Brooklyn,Carroll Gardens-Cobble Hill-Gowanus-Red Hook,63,59.9,69.2,Protect,992,912.0,38.0,5.0,5.040322580645161,217732.4818548387,111.43055555555566,59.4
1008400,36061008400,Manhattan,Midtown-Times Square,84,70.9,69.2,Preserve,1443,775.0,32.0,15.0,10.395010395010395,254799.6437976438,91.34482758620675,79.2
3088800,36047088800,Brooklyn,East Flatbush-Remsen Village,888,60.1,69.2,Preserve,1422,911.0,38.0,98.0,68.91701828410689,32864.0717299578,95.16246498599435,59.6
3043200,36047043200,Brooklyn,Bensonhurst,432,70.3,69.1,Preserve,1461,775.0,32.0,32.0,21.90280629705681,44434.310061601645,91.10169491525448,71.9
4005500,36081005500,Queens,Queensbridge-Ravenswood-Dutch Kills,55,82.2,69.1,Protect,890,664.0,28.0,12.0,13.483146067415731,90698.25842696629,99.7524752475249,84.0
3055200,36047055200,Brooklyn,Madison,552,71.2,69.0,Preserve,1590,764.0,32.0,39.0,24.528301886792455,44200.303144654084,89.1081081081079,58.1
3115600,36047115600,Brooklyn,East New York (North),1156,83.9,69.0,Preserve,1792,649.0,27.0,122.0,68.08035714285714,44753.484375,83.5,83.6
2007600,36005007600,Bronx,Soundview-Bruckner-Bronx River,76,68.8,68.9,Preserve,1673,787.0,33.0,148.0,88.46383741781231,35344.500896592945,88.52380952380963,68.9
1013202,36061013202,Manhattan,Upper East Side-Lenox Hill-Roosevelt Island,132.02,23.6,68.9,Produce,2575,2302.0,95.0,0.0,0.0,90882.52427184465,108.7777777777776,25.9
4014700,36081014700,Queens,Astoria (East)-Woodside (North),147,76.8,68.8,Preserve,1416,703.0,29.0,26.0,18.361581920903955,58210.127118644064,89.87368421052633,81.4
2017701,36005017701,Bronx,Concourse-Concourse Village,177.01,53.5,68.8,Preserve,1416,1008.0,42.0,183.0,129.23728813559322,30298.728813559323,98.05084745762724,52.7
1015001,36061015001,Manhattan,Upper East Side-Carnegie Hill,150.01,68.9,68.8,Protect,1389,786.0,32.0,13.0,9.359251259899208,283286.6817854572,92.67647058823513,78.0
3055800,36047055800,Brooklyn,Madison,558,76.3,68.7,Protect,967,706.0,29.0,16.0,16.546018614270942,48764.76421923475,98.84337349397606,67.4
3000301,36047000301,Brooklyn,Brooklyn Heights,3.01,27.2,68.7,Produce,1987,1977.0,81.0,0.0,0.0,141734.0890790136,134.2709677419357,28.7
2020601,36005020601,Bronx,Westchester Square,206.01,76.2,68.6,Protect,1084,704.0,29.0,24.0,22.14022140221402,44144.58487084871,95.49837133550477,81.1
3025400,36047025400,Brooklyn,Bensonhurst,254,58.9,68.6,Protect,1164,913.0,38.0,9.0,7.731958762886598,59356.914089347076,101.36501079913592,65.9
3150200,36047150200,Brooklyn,Windsor Terrace-South Slope,1502,53.0,68.5,Protect,1171,1009.0,41.0,6.0,5.123825789923143,79751.21263877029,105.95339805825233,80.3
4009600,36081009600,Queens,South Ozone Park,96,80.0,68.5,Protect,837,667.0,27.0,27.0,32.25806451612903,39034.121863799286,101.82770270270271,76.2
2023600,36005023600,Bronx,Pelham Parkway-Van Nest,236,92.1,68.4,Protect,659,577.0,24.0,37.0,56.14567526555387,40762.16995447648,107.04918032786873,93.6
4018501,36081018501,Queens,Sunnyside,185.01,61.6,68.4,Preserve,1631,866.0,36.0,26.0,15.941140404659718,45471.52053954629,91.10734463276845,49.7
4084000,36081084000,Queens,South Ozone Park,840,54.6,68.3,Preserve,1908,973.0,40.0,48.0,25.157232704402517,37130.267295597485,90.27324171382406,58.2
3020600,36047020600,Brooklyn,Dyker Heights,206,84.5,68.3,Protect,822,626.0,26.0,16.0,19.464720194647203,53043.28223844282,100.40410958904113,87.3
3056900,36047056900,Brooklyn,Greenpoint,569,68.3,68.3,Protect,939,778.0,32.0,7.0,7.454739084132056,146045.21725239616,103.38888888888869,67.8
3073800,36047073800,Brooklyn,Flatlands,738,67.9,68.2,Protect,1102,777.0,32.0,38.0,34.48275862068965,36070.045372050816,97.7777777777776,71.1
3059200,36047059200,Brooklyn,Sheepshead Bay-Manhattan Beach-Gerritsen Beach,592,59.7,68.2,Preserve,1735,885.0,36.0,33.0,19.020172910662826,41643.3734870317,90.27968337730886,58.3
2023800,36005023800,Bronx,Pelham Parkway-Van Nest,238,88.8,68.1,Protect,844,593.0,24.0,50.0,59.241706161137444,40460.01184834123,97.62537764350486,85.1
3026000,36047026000,Brooklyn,Bensonhurst,260,58.6,68.1,Protect,1201,898.0,37.0,9.0,7.4937552039966695,68971.99084096587,99.82708333333358,44.7
4013400,36081013400,Queens,Kew Gardens,134,71.9,68.0,Preserve,3104,730.0,30.0,129.0,41.55927835051546,49248.0206185567,76.31012658227837,71.4
3078400,36047078400,Brooklyn,East Flatbush-Farragut,784,90.8,68.0,Protect,1115,577.0,24.0,47.0,42.152466367713004,53423.39461883408,90.64912280701765,86.0
3053500,36047053500,Brooklyn,South Williamsburg,535,48.2,67.9,Monitor,1271,1084.0,44.0,5.0,3.933910306845004,84109.91974822975,105.24291497975719,55.4
3013200,36047013200,Brooklyn,Dyker Heights,132,86.8,67.9,Protect,767,600.0,24.0,15.0,19.55671447196871,56666.60104302477,101.30065359477112,92.6
3114202,36047114202,Brooklyn,Cypress Hills,1142.02,73.4,67.9,Protect,786,709.0,29.0,54.0,68.70229007633588,33367.51908396946,109.2838983050849,70.9
3039200,36047039200,Brooklyn,Gravesend (East)-Homecrest,392,78.4,67.8,Protect,1089,663.0,27.0,16.0,14.692378328741965,72455.59963269054,94.08708708708718,82.4
4046500,36081046500,Queens,Elmhurst,465,75.6,67.8,Protect,977,688.0,28.0,18.0,18.42374616171955,45262.114636642786,97.72727272727275,80.0
2042000,36005042000,Bronx,Wakefield-Woodlawn,420,66.7,67.7,Preserve,1631,779.0,32.0,216.0,132.43408951563455,34611.3507050889,88.84242424242439,65.5
4009800,36081009800,Queens,South Ozone Park,98,87.7,67.7,Protect,769,591.0,24.0,22.0,28.60858257477243,46092.288686605985,100.6803069053708,91.1
4092500,36081092500,Queens,College Point,925,86.5,67.6,Protect,1236,597.0,24.0,46.0,37.2168284789644,50307.185275080905,89.23143350604482,83.0
3090800,36047090800,Brooklyn,Brownsville,908,73.3,67.6,Preserve,2436,705.0,29.0,87.0,35.714285714285715,48663.97783251232,79.33333333333371,69.2
3040500,36047040500,Brooklyn,Bushwick (East),405,95.4,67.5,Protect,681,541.0,22.0,26.0,38.1791483113069,53026.563876651984,101.75428571428552,92.9
3112600,36047112600,Brooklyn,East New York-New Lots,1126,88.4,67.5,Preserve,1414,584.0,24.0,136.0,96.18104667609619,44394.893210749644,85.86612021857923,88.5
1002902,36061002902,Manhattan,Chinatown-Two Bridges,29.02,24.1,67.4,Produce,2333,2135.0,86.0,0.0,0.0,96731.44149164166,110.75342465753442,26.4
3081400,36047081400,Brooklyn,East Flatbush-Rugby,814,83.4,67.4,Protect,919,615.0,25.0,42.0,45.701849836779104,39555.73449401523,96.05655526992291,81.7
4026300,36081026300,Queens,Woodside,263,70.6,67.4,Preserve,2151,727.0,29.0,61.0,28.358902835890284,48162.754997675496,82.03686635944723,64.9
4002400,36081002400,Queens,Richmond Hill,24,89.4,67.3,Protect,656,572.0,23.0,33.0,50.30487804878049,39758.006097560974,106.58842443729918,88.4
1010802,36061010802,Manhattan,East Midtown-Turtle Bay,108.02,24.2,67.3,Produce,2555,2112.0,85.0,0.0,0.0,157382.90136986302,103.30303030303048,26.6
3038900,36047038900,Brooklyn,Bushwick (West),389,90.0,67.2,Preserve,1459,567.0,23.0,52.0,35.64084989718986,96512.69568197396,84.66379310344837,81.1
4015801,36081015801,Queens,South Ozone Park,158.01,75.5,67.2,Protect,999,675.0,27.0,32.0,32.032032032032035,38749.51951951952,96.37964458804527,60.4
4056700,36081056700,Queens,Glendale,567,38.6,67.1,Produce,1601,1318.0,53.0,12.0,7.495315427857589,38742.12367270456,103.19551934826882,45.3
3036502,36047036502,Brooklyn,Ocean Hill,365.02,93.8,67.1,Protect,1132,542.0,22.0,88.0,77.73851590106007,52615.50441696113,89.00628930817606,92.3
3118202,36047118202,Brooklyn,Cypress Hills,1182.02,63.4,67.0,Protect,827,797.0,32.0,46.0,55.62273276904474,31974.32285368803,119.88793103448279,67.0
1002700,36061002700,Manhattan,Chinatown-Two Bridges,27,82.9,67.0,Protect,635,612.0,25.0,7.0,11.023622047244094,102168.56692913386,119.96000000000004,81.8
4026902,36081026902,Queens,Elmhurst,269.02,63.6,67.0,Preserve,1429,797.0,32.0,38.0,26.592022393282015,38640.50524842547,92.30075187969919,62.6
4015700,36081015700,Queens,Astoria (East)-Woodside (North),157,84.1,66.9,Protect,947,600.0,24.0,17.0,17.951425554382258,68778.4413938754,94.95918367346962,87.8
4008300,36081008300,Queens,Old Astoria-Hallets Point,83,75.2,66.9,Preserve,1705,672.0,27.0,36.0,21.114369501466275,60629.85865102639,84.84074074074078,67.0
4028900,36081028900,Queens,Jackson Heights,289,59.6,66.8,Preserve,2104,843.0,34.0,43.0,20.43726235741445,44140.437737642584,85.0441767068271,66.6
3018000,36047018000,Brooklyn,Bath Beach,180,68.5,66.8,Protect,1058,735.0,29.0,13.0,12.287334593572778,52562.120982986766,97.28500000000008,54.1
2039700,36005039700,Bronx,Belmont,397,84.7,66.7,Protect,791,593.0,24.0,52.0,65.73957016434892,37357.16814159292,99.88235294117635,84.3
4016600,36081016600,Queens,South Ozone Park,166,71.8,66.7,Protect,930,700.0,28.0,26.0,27.956989247311828,37781.0,99.95724907063209,67.4
3041600,36047041600,Brooklyn,Gravesend (East)-Homecrest,416,91.4,66.6,Protect,809,549.0,22.0,19.0,23.485784919653895,82266.26699629171,96.53134328358192,83.7
2022300,36005022300,Bronx,Mount Eden-Claremont (West),223,35.6,66.6,Produce,1829,1410.0,56.0,152.0,83.10552214324768,27540.29524330235,100.81481481481478,35.6
3079400,36047079400,Brooklyn,East Flatbush-Erasmus,794,93.7,66.5,Protect,955,532.0,21.0,48.0,50.261780104712045,54702.458638743454,92.27999999999997,94.0
3040800,36047040800,Brooklyn,Gravesend (West),408,57.5,66.5,Protect,1080,868.0,35.0,10.0,9.25925925925926,47974.694444444445,102.23779193205951,70.9
3060000,36047060000,Brooklyn,Sheepshead Bay-Manhattan Beach-Gerritsen Beach,600,45.6,66.5,Produce,2880,1096.0,44.0,30.0,10.416666666666666,50507.197222222225,84.2248939179633,52.8
4010500,36081010500,Queens,Astoria (North)-Ditmars-Steinway,105,81.2,66.4,Preserve,1757,614.0,24.0,66.0,37.564029595902106,52117.137734775184,82.83856502242156,59.4
4002600,36081002600,Queens,Richmond Hill,26,89.5,66.4,Protect,622,553.0,22.0,20.0,32.15434083601286,43945.70739549839,108.10724637681164,86.2
3016200,36047016200,Brooklyn,Bay Ridge,162,76.7,66.3,Protect,1161,644.0,26.0,23.0,19.810508182601207,51323.56330749354,92.20087336244569,83.5
3073600,36047073600,Brooklyn,Flatlands,736,67.4,66.3,Protect,1141,732.0,29.0,42.0,36.809815950920246,36147.081507449606,95.19161676646718,67.9
4012800,36081012800,Queens,Richmond Hill,128,77.8,66.2,Protect,720,634.0,25.0,15.0,20.833333333333332,41958.291666666664,107.34069400630915,79.8
1002602,36061002602,Manhattan,East Village,26.02,23.9,66.2,Produce,2488,2061.0,82.0,0.0,0.0,138845.7520096463,103.38750000000005,26.3
4011500,36081011500,Queens,Astoria (North)-Ditmars-Steinway,115,76.9,66.1,Protect,1277,640.0,25.0,22.0,17.227877838684417,65936.47611589663,90.01910828025484,77.5
2014100,36005014100,Bronx,Morrisania,141,79.5,66.1,Preserve,3015,618.0,25.0,371.0,123.0514096185738,49822.67097844113,74.24074074074088,79.0
3047800,36047047800,Brooklyn,Borough Park,478,64.7,66.1,Preserve,1407,759.0,30.0,19.0,13.503909026297086,53943.604832977966,91.51077586206884,73.7
3064200,36047064200,Brooklyn,Madison,642,71.4,66.0,Protect,1124,687.0,27.0,17.0,15.124555160142348,51513.03202846975,94.21183800623044,37.7
4062700,36081062700,Queens,Glendale,627,55.5,66.0,Protect,1101,884.0,35.0,14.0,12.715712988192553,40313.18801089918,102.16666666666674,61.2
3043400,36047043400,Brooklyn,Bensonhurst,434,74.1,65.9,Protect,1373,659.0,26.0,27.0,19.664967225054625,52825.798980335036,89.09404388714711,64.7
3029600,36047029600,Brooklyn,Gravesend (West),296,57.1,65.9,Preserve,2265,855.0,34.0,40.0,17.660044150110377,46581.68609271523,84.12533333333363,58.4
3092200,36047092200,Brooklyn,Brownsville,922,75.8,65.8,Protect,1327,642.0,25.0,57.0,42.95403165033911,39529.781461944236,89.24836601307197,77.6
4015600,36081015600,Queens,South Richmond Hill,156,73.2,65.8,Protect,829,664.0,26.0,20.0,24.125452352231605,39122.135102533175,102.07723577235765,57.1
2020000,36005020000,Bronx,Westchester Square,200,41.8,65.7,Produce,1669,1162.0,46.0,84.0,50.329538645895745,29584.637507489515,97.33828996282523,41.1
2002800,36005002800,Bronx,Soundview-Bruckner-Bronx River,28,66.4,65.7,Preserve,2860,732.0,29.0,152.0,53.14685314685315,41717.07062937063,77.78260869565202,58.1
3040600,36047040600,Brooklyn,Gravesend (West),406,61.1,65.6,Protect,1151,794.0,31.0,19.0,16.507384882710685,40830.83405734144,97.06637168141606,66.0
3026600,36047026600,Brooklyn,Bensonhurst,266,62.7,65.6,Protect,1182,773.0,30.0,13.0,10.998307952622675,53986.80626057529,95.59999999999991,72.3
3007200,36047007200,Brooklyn,Sunset Park (West),72,94.3,65.6,Protect,577,514.0,20.0,15.0,25.996533795493935,64150.970537261695,108.45833333333371,96.9
3022000,36047022000,Brooklyn,Borough Park,220,45.8,65.5,Produce,1455,1055.0,41.0,7.0,4.810996563573884,67656.87697594502,98.62124711316392,53.0
3060800,36047060800,Brooklyn,Sheepshead Bay-Manhattan Beach-Gerritsen Beach,608,80.5,65.5,Preserve,1937,599.0,24.0,68.0,35.105833763551885,58621.69540526588,80.31472081218271,83.0
3048100,36047048100,Brooklyn,East Williamsburg,481,60.0,65.4,Preserve,1790,798.0,31.0,18.0,10.05586592178771,105734.9782122905,87.43205574912872,65.4
4025100,36081025100,Queens,Woodside,251,39.5,65.4,Produce,2360,1207.0,47.0,18.0,7.627118644067797,44667.54533898305,90.3324468085109,31.3
3000501,36047000501,Brooklyn,Brooklyn Heights,5.01,26.3,65.3,Produce,1836,1811.0,71.0,0.0,0.0,128083.6454248366,128.71844660194165,28.4
3052900,36047052900,Brooklyn,South Williamsburg,529,46.3,65.3,Monitor,1084,1026.0,40.0,3.0,2.7675276752767526,82013.3671586716,115.2051282051284,46.4
3027600,36047027600,Brooklyn,Bensonhurst,276,69.5,65.2,Protect,1226,679.0,27.0,19.0,15.497553017944535,51918.75530179445,92.1548387096775,51.1
4147900,36081147900,Queens,Douglaston-Little Neck,1479,70.2,65.2,Preserve,1830,674.0,26.0,34.0,18.579234972677593,61800.07049180328,83.7864476386037,62.0
4055500,36081055500,Queens,Ridgewood,555,96.2,65.2,Protect,674,491.0,19.0,25.0,37.0919881305638,62042.27002967359,98.73333333333358,98.8
4047000,36081047000,Queens,Jamaica,470,69.6,65.1,Protect,873,674.0,26.0,26.0,29.782359679266893,36628.39404352807,100.89298245614032,74.4
2018101,36005018101,Bronx,Concourse-Concourse Village,181.01,74.4,65.1,Protect,1086,632.0,25.0,109.0,100.3683241252302,35066.0773480663,93.13669064748206,73.4
4011900,36081011900,Queens,Astoria (North)-Ditmars-Steinway,119,86.2,65.0,Protect,830,537.0,21.0,17.0,20.481927710843376,64789.48192771084,95.43378995433795,73.2
4093800,36081093800,Queens,Breezy Point-Belle Harbor-Rockaway Park-Broad Channel,938,54.1,65.0,Preserve,2442,865.0,34.0,81.0,33.16953316953317,37478.90990990991,83.1320754716985,52.3
4000800,36081000800,Queens,Woodhaven,8,54.8,64.9,Protect,997,843.0,33.0,28.0,28.084252758274825,33674.984954864594,104.6411483253587,50.8
1019200,36061019200,Manhattan,East Harlem (North),192,23.0,64.9,Produce,2240,2008.0,78.0,45.0,20.089285714285715,27487.046875,108.86206896551721,24.6
4012400,36081012400,Queens,Richmond Hill,124,69.6,64.8,Protect,778,655.0,25.0,21.0,26.992287917737787,36767.005141388174,104.36871508379886,56.8
3087800,36047087800,Brooklyn,East Flatbush-Rugby,878,95.0,64.8,Protect,962,480.0,19.0,56.0,58.21205821205822,61082.24532224532,89.93908629441648,95.2
4036500,36081036500,Queens,East Elmhurst,365,82.5,64.7,Protect,969,551.0,21.0,24.0,24.76780185758514,51946.4004127967,92.78477690288719,88.3
3080600,36047080600,Brooklyn,Prospect Lefferts Gardens-Wingate,806,88.1,64.7,Protect,1367,517.0,20.0,49.0,35.844915874177026,71767.92757863936,84.14641744548271,86.9
4026700,36081026700,Queens,Elmhurst,267,71.6,64.7,Preserve,2097,636.0,25.0,63.0,30.042918454935624,50214.26371006199,80.02399999999989,71.5
1000202,36061000202,Manhattan,Lower East Side,2.02,18.2,64.6,Produce,3566,2489.0,96.0,0.0,0.0,64578.71003925968,97.43478260869551,19.8
1014801,36061014801,Manhattan,Upper East Side-Carnegie Hill,148.01,41.2,64.6,Produce,1849,1098.0,43.0,5.0,2.7041644131963225,237398.3856138453,93.56818181818198,40.7
3074800,36047074800,Brooklyn,Midwood,748,90.4,64.5,Protect,675,500.0,19.0,16.0,23.703703703703702,63267.73333333333,99.50157728706631,91.0
3112400,36047112400,Brooklyn,East New York-New Lots,1124,80.4,64.5,Protect,1321,562.0,22.0,110.0,83.27024981074943,39626.78274034822,86.47186147186153,80.6
3018700,36047018700,Brooklyn,Fort Greene,187,74.3,64.4,Protect,633,608.0,23.0,5.0,7.898894154818325,117421.1279620853,118.77124183006549,82.6
3057300,36047057300,Brooklyn,Greenpoint,573,44.4,64.4,Monitor,1347,1016.0,39.0,4.0,2.969561989606533,118324.06533036377,100.04216867469881,43.8
3024400,36047024400,Brooklyn,Mapleton-Midwood (West),244,71.0,64.3,Protect,1004,634.0,24.0,11.0,10.956175298804782,79966.97211155378,94.94481236203114,76.0
3058400,36047058400,Brooklyn,Gravesend (East)-Homecrest,584,58.3,64.3,Preserve,1506,773.0,30.0,26.0,17.264276228419654,42384.99601593625,90.45187165775405,58.5
3058200,36047058200,Brooklyn,Gravesend (East)-Homecrest,582,72.8,64.3,Protect,1067,618.0,24.0,17.0,15.932521087160262,52971.46766635426,93.06725146198846,77.7
3055600,36047055600,Brooklyn,Gravesend (East)-Homecrest,556,59.1,64.2,Protect,1387,761.0,29.0,14.0,10.093727469358328,60491.773612112476,91.86170212765956,65.2
1020701,36061020701,Manhattan,Morningside Heights,207.01,35.4,64.2,Produce,1639,1271.0,49.0,2.0,1.2202562538133008,58917.05308114704,101.0769230769231,38.4
4109900,36081109900,Queens,Auburndale,1099,67.9,64.1,Protect,1213,662.0,25.0,18.0,14.83924154987634,52658.75515251443,91.7727771679472,71.8
3050202,36047050202,Brooklyn,Windsor Terrace-South Slope,502.02,46.4,64.1,Monitor,1107,961.0,37.0,4.0,3.6133694670280034,72630.02529358627,106.3162939297124,23.9
4002800,36081002800,Queens,Richmond Hill,28,55.8,64.0,Protect,968,796.0,31.0,35.0,36.15702479338843,32769.85537190083,103.16273584905684,55.3
1019800,36061019800,Manhattan,East Harlem (North),198,62.7,64.0,Preserve,1524,709.0,27.0,17.0,11.15485564304462,79942.93241469817,88.28888888888878,63.1
3000502,36047000502,Brooklyn,Brooklyn Heights,5.02,27.4,63.9,Produce,1629,1615.0,62.0,0.0,0.0,159094.23572744016,131.82978723404244,29.0
3046000,36047046000,Brooklyn,Flatbush (West)-Ditmas Park-Parkville,460,39.7,63.9,Monitor,1312,1117.0,43.0,4.0,3.048780487804878,54881.545731707316,105.13312693498483,48.7
3038800,36047038800,Brooklyn,Gravesend (East)-Homecrest,388,63.5,63.8,Preserve,1496,690.0,26.0,30.0,20.053475935828878,44141.52673796791,88.1864406779664,59.0
2018302,36005018302,Bronx,Concourse-Concourse Village,183.02,40.9,63.8,Monitor,1331,1079.0,41.0,125.0,93.91435011269722,28144.395191585274,102.46575342465758,41.0
4162100,36081162100,Queens,Bellerose,1621,45.7,63.8,Produce,2062,961.0,37.0,48.0,23.278370514064015,35705.994180407375,88.31126331811288,45.9
2040303,36005040303,Bronx,Bedford Park,403.03,32.6,63.7,Produce,1828,1337.0,51.0,167.0,91.35667396061268,27078.884573304156,98.92660550458709,33.1
1003002,36061003002,Manhattan,East Village,30.02,23.8,63.7,Produce,2120,1838.0,70.0,0.0,0.0,111069.12688679245,106.28378378378397,26.2
4007500,36081007500,Queens,Astoria (Central),75,52.4,63.6,Preserve,2680,831.0,32.0,38.0,14.179104477611942,54942.05708955224,80.43820224719116,46.9
3049700,36047049700,Brooklyn,East Williamsburg,497,41.1,63.6,Produce,2019,1059.0,40.0,8.0,3.96235760277365,120171.95591877167,90.89717223650405,41.8
3040000,36047040000,Brooklyn,Gravesend (West),400,56.4,63.5,Protect,1116,769.0,29.0,10.0,8.960573476702509,52569.56989247312,97.0151515151515,75.0
4002200,36081002200,Queens,Woodhaven,22,70.8,63.5,Protect,725,614.0,23.0,28.0,38.62068965517241,34905.43448275862,104.73287671232879,59.3
4004700,36081004700,Queens,Queensbridge-Ravenswood-Dutch Kills,47,56.8,63.4,Preserve,1634,762.0,29.0,24.0,14.687882496940025,46747.10526315789,88.32894736842127,74.0
2006400,36005006400,Bronx,Soundview-Bruckner-Bronx River,64,68.0,63.4,Preserve,1567,637.0,24.0,75.0,47.862156987874926,38193.23611997447,85.45481049562682,65.0
2003500,36005003500,Bronx,Mott Haven-Port Morris,35,56.3,63.4,Preserve,1564,766.0,29.0,81.0,51.790281329923275,34240.39641943734,89.4574468085109,56.2
3050500,36047050500,Brooklyn,East Williamsburg,505,73.3,63.3,Preserve,2214,586.0,22.0,53.0,23.938572719060524,82569.97651309846,78.25766871165638,64.7
3041800,36047041800,Brooklyn,Gravesend (East)-Homecrest,418,72.1,63.3,Protect,968,595.0,23.0,11.0,11.363636363636363,79690.35123966943,94.39338235294122,71.0
4010800,36081010800,Queens,South Richmond Hill,108,77.2,63.2,Protect,807,555.0,21.0,31.0,38.41387856257745,37551.63568773234,96.9425287356321,67.9
3028800,36047028800,Brooklyn,Bensonhurst,288,46.2,63.2,Monitor,1266,927.0,35.0,9.0,7.109004739336492,47863.08609794629,98.93602693602725,47.5
3004400,36047004400,Brooklyn,Bay Ridge,44,56.9,63.1,Protect,1037,746.0,28.0,7.0,6.750241080038573,88195.5737704918,98.36221590909122,48.9
2042901,36005042901,Bronx,Norwood,429.01,34.0,63.1,Produce,1462,1250.0,47.0,78.0,53.3515731874145,27521.37004103967,105.47524752475238,33.5
3086600,36047086600,Brooklyn,East Flatbush-Rugby,866,60.8,63.0,Protect,1269,698.0,26.0,96.0,75.65011820330969,33614.397163120564,91.93650793650795,62.1
3085800,36047085800,Brooklyn,East Flatbush-Rugby,858,72.6,63.0,Protect,786,583.0,22.0,55.0,69.97455470737914,34141.603053435116,99.60677083333371,70.4
4018900,36081018900,Queens,Sunnyside,189,69.6,62.9,Preserve,1411,608.0,23.0,48.0,34.01842664776754,40577.31325301205,86.85036496350358,63.4
3044000,36047044000,Brooklyn,Mapleton-Midwood (West),440,75.9,62.9,Protect,965,553.0,21.0,14.0,14.507772020725389,67918.48082901555,92.95538057742806,66.1
4005800,36081005800,Queens,Ozone Park,58,52.0,62.9,Preserve,2036,809.0,31.0,48.0,23.575638506876228,38992.85658153242,84.9353711790393,56.2
3120000,36047120000,Brooklyn,East New York-City Line,1200,84.4,62.8,Protect,810,496.0,19.0,56.0,69.1358024691358,38656.22222222222,94.31687242798353,83.3
1024900,36061024900,Manhattan,Washington Heights (South),249,98.8,62.8,Protect,486,425.0,16.0,27.0,55.55555555555555,54493.37654320987,106.81818181818198,97.9
3027400,36047027400,Brooklyn,Bensonhurst,274,59.3,62.7,Protect,1032,706.0,27.0,9.0,8.720930232558139,57797.998062015504,96.77250000000004,57.8
3045600,36047045600,Brooklyn,Mapleton-Midwood (West),456,86.5,62.7,Protect,905,483.0,18.0,23.0,25.41436464088398,64680.06629834254,91.25454545454568,83.7
4012301,36081012301,Queens,Astoria (North)-Ditmars-Steinway,123.01,62.9,62.6,Protect,1397,662.0,25.0,18.0,12.884753042233358,59100.90837508948,88.69125214408245,60.3
4062100,36081062100,Queens,Middle Village,621,58.9,62.6,Protect,1105,708.0,27.0,18.0,16.289592760180998,40804.42352941177,95.16201117318451,73.9
4013800,36081013800,Queens,Kew Gardens,138,68.0,62.5,Preserve,1511,610.0,23.0,42.0,27.796161482461944,43458.064857710124,85.1782945736436,53.9
4049600,36081049600,Queens,Queens Village,496,70.1,62.5,Protect,882,594.0,22.0,21.0,23.809523809523807,40079.489795918365,96.24281609195396,70.8
2025400,36005025400,Bronx,Morris Park,254,75.4,62.5,Protect,858,552.0,21.0,22.0,25.64102564102564,41749.51048951049,95.28074866310158,72.4
2044200,36005044200,Bronx,Wakefield-Woodlawn,442,67.5,62.4,Protect,1389,613.0,23.0,170.0,122.39020878329733,35232.54859611231,87.24481327800845,66.7
3043300,36047043300,Brooklyn,Bushwick (East),433,71.4,62.4,Preserve,1828,578.0,22.0,42.0,22.975929978118163,60374.638949671775,80.76829268292681,65.8
3034800,36047034800,Brooklyn,Coney Island-Sea Gate,348,85.7,62.3,Preserve,1417,481.0,18.0,49.0,34.580098800282286,72158.46788990825,82.11330049261073,84.7
2023200,36005023200,Bronx,Pelham Parkway-Van Nest,232,61.9,62.3,Protect,910,665.0,25.0,39.0,42.857142857142854,33814.945054945056,98.8834355828219,64.4
3117201,36047117201,Brooklyn,Cypress Hills,1172.01,67.4,62.2,Protect,655,610.0,23.0,26.0,39.69465648854962,33792.326717557255,112.86956521739125,65.9
3045300,36047045300,Brooklyn,East Williamsburg,453,93.5,62.2,Protect,710,440.0,16.0,20.0,28.169014084507044,98243.15633802817,94.51612903225805,95.5
4010100,36081010100,Queens,Astoria (North)-Ditmars-Steinway,101,46.1,62.1,Monitor,1152,888.0,33.0,6.0,5.208333333333333,57079.609375,100.8089171974525,50.4
3045400,36047045400,Brooklyn,Mapleton-Midwood (West),454,92.5,62.1,Protect,605,444.0,17.0,15.0,24.793388429752067,72628.80991735538,99.09642857142876,93.5
2029302,36005029302,Bronx,Riverdale-Spuyten Duyvil,293.02,52.8,62.1,Preserve,2897,776.0,29.0,48.0,16.568864342423197,53829.8998964446,78.34558823529437,51.5
3078000,36047078000,Brooklyn,East Flatbush-Farragut,780,85.4,62.0,Protect,611,478.0,18.0,22.0,36.00654664484452,40655.597381342064,101.31533477321841,87.4
2036902,36005036902,Bronx,Tremont,369.02,78.0,62.0,Protect,1029,524.0,19.0,47.0,45.6754130223518,39838.25072886297,90.2444444444443,75.2
4058200,36081058200,Queens,Queens Village,582,70.4,61.9,Protect,1258,577.0,21.0,58.0,46.10492845786963,38082.35294117647,88.0606673407483,73.2
4037600,36081037600,Queens,St. Albans,376,50.0,61.9,Preserve,1980,815.0,30.0,62.0,31.313131313131315,35827.545454545456,85.7501715854496,47.3
4054000,36081054000,Queens,Queens Village,540,70.0,61.8,Protect,1221,579.0,21.0,67.0,54.873054873054876,36814.914004914004,88.70489844683402,69.6
4049302,36081049302,Queens,Maspeth,493.02,65.6,61.8,Protect,1037,617.0,23.0,15.0,14.46480231436837,48709.874638379944,93.62212943632562,80.2
2040600,36005040600,Bronx,Williamsbridge-Olinville,406,61.6,61.7,Protect,1362,654.0,24.0,133.0,97.65051395007342,33900.26431718062,89.10401891252968,61.8
4057900,36081057900,Queens,Glendale,579,77.3,61.7,Protect,709,522.0,19.0,15.0,21.156558533145272,43674.710860366715,99.28342245989325,79.1
3014902,36047014902,Brooklyn,Windsor Terrace-South Slope,149.02,24.7,61.6,Produce,1724,1623.0,60.0,0.0,0.0,106485.30800464038,114.12173913043489,27.2
4081400,36081081400,Queens,South Ozone Park,814,72.7,61.6,Protect,1074,552.0,20.0,45.0,41.89944134078212,38172.849162011174,90.5,73.1
3042700,36047042700,Brooklyn,Bushwick (West),427,75.7,61.6,Preserve,1984,526.0,19.0,52.0,26.20967741935484,82123.05090725806,78.26345609065152,78.1
4000600,36081000600,Queens,Woodhaven,6,46.8,61.5,Monitor,1105,848.0,31.0,35.0,31.674208144796378,31973.402714932126,100.6289308176099,50.9
4063900,36081063900,Queens,Glendale,639,52.5,61.5,Protect,1150,753.0,28.0,20.0,17.391304347826086,37498.26782608696,95.65879828326206,54.6
4051200,36081051200,Queens,Queens Village,512,80.4,61.4,Protect,746,491.0,18.0,30.0,40.21447721179624,39201.07238605898,95.76490066225165,81.9
5021300,36085021300,Staten Island,Port Richmond,213,34.6,61.4,Produce,1724,1141.0,42.0,61.0,35.382830626450115,29021.31090487239,95.8741258741261,24.2
4067900,36081067900,Queens,Middle Village,679,53.7,61.3,Preserve,1741,735.0,27.0,41.0,23.549684089603677,39088.11947156806,86.29146919431287,53.9
2035900,36005035900,Bronx,West Farms,359,83.1,61.3,Preserve,1978,475.0,17.0,153.0,77.35085945399393,53979.767441860466,76.8809523809523,81.7
2028700,36005028700,Bronx,Kingsbridge-Marble Hill,287,59.8,61.2,Protect,1367,659.0,24.0,81.0,59.253840526700806,34597.461594732995,89.14056224899605,57.6
4032700,36081032700,Queens,Jackson Heights,327,73.6,61.2,Protect,1059,536.0,20.0,29.0,27.384324834749766,42955.43909348442,90.1234042553192,66.8
4012602,36081012602,Queens,Richmond Hill,126.02,64.5,61.2,Protect,757,612.0,22.0,21.0,27.741083223249667,35811.04359313078,102.3882063882063,69.1
2023502,36005023502,Bronx,Mount Hope,235.02,41.8,61.1,Produce,2301,943.0,35.0,147.0,63.88526727509779,31194.628422425034,85.69014084507035,39.7
3054400,36047054400,Brooklyn,Midwood,544,45.9,61.1,Monitor,1378,857.0,31.0,11.0,7.982583454281567,46506.93686502177,94.5321100917431,31.0
4013600,36081013600,Queens,Kew Gardens,136,82.6,61.0,Protect,924,475.0,17.0,30.0,32.467532467532465,46957.518398268396,90.49685534591208,81.9
3062800,36047062800,Brooklyn,Sheepshead Bay-Manhattan Beach-Gerritsen Beach,628,38.4,61.0,Produce,1913,1022.0,37.0,19.0,9.932043910088865,38957.258755880815,91.26315789473688,45.1
4015500,36081015500,Queens,Astoria (East)-Woodside (North),155,69.2,60.9,Protect,1050,565.0,21.0,12.0,11.428571428571429,84697.8380952381,91.39931740614315,70.3
2023703,36005023703,Bronx,Fordham Heights,237.03,31.6,60.9,Produce,1701,1236.0,45.0,226.0,132.86302175191065,26700.82892416226,98.67272727272712,32.2
3026200,36047026200,Brooklyn,Bensonhurst,262,59.8,60.8,Protect,853,651.0,24.0,8.0,9.378663540445485,51875.396248534584,100.44622425629291,76.3
4012200,36081012200,Queens,Richmond Hill,122,50.7,60.8,Protect,857,769.0,28.0,20.0,23.337222870478413,33604.55075845974,108.96428571428555,52.3
3054800,36047054800,Brooklyn,Madison,548,70.9,60.7,Protect,797,547.0,20.0,10.0,12.547051442910917,55176.323713927224,96.8910614525139,55.2
4063700,36081063700,Queens,Glendale,637,62.9,60.7,Protect,1268,617.0,22.0,19.0,14.98422712933754,50928.26498422713,89.40490081680286,75.2
2014500,36005014500,Bronx,Claremont Village-Claremont (East),145,52.3,60.7,Preserve,2697,742.0,27.0,199.0,73.78568780126066,35457.60103819058,78.65384615384642,53.3
2026400,36005026400,Bronx,Throgs Neck-Schuylerville,264,39.9,60.6,Produce,2161,971.0,35.0,34.0,15.733456732993984,36464.36464599722,87.60780065005429,38.9
3019800,36047019800,Brooklyn,Dyker Heights,198,68.8,60.6,Protect,699,562.0,20.0,8.0,11.444921316165951,51213.04721030043,102.24301675977676,18.4
4035300,36081035300,Queens,East Elmhurst,353,79.8,60.5,Protect,735,484.0,18.0,25.0,34.013605442176875,40410.28571428572,95.7839335180056,82.2
3046202,36047046202,Brooklyn,Mapleton-Midwood (West),462.02,89.7,60.5,Protect,582,431.0,16.0,12.0,20.61855670103093,73382.78350515464,99.5,87.9
4025302,36081025302,Queens,Sunnyside,253.02,74.4,60.4,Preserve,1597,519.0,19.0,39.0,24.42078897933626,61128.16781465247,81.15966386554646,71.5
3078200,36047078200,Brooklyn,East Flatbush-Farragut,782,50.6,60.4,Preserve,1668,764.0,28.0,218.0,130.6954436450839,31961.27278177458,88.05014749262568,50.3
3087401,36047087401,Brooklyn,Prospect Lefferts Gardens-Wingate,874.01,71.6,60.3,Preserve,1473,536.0,19.0,86.0,58.38424983027834,39253.07875084861,83.58865248226971,65.4
4064101,36081064101,Queens,Woodhaven,641.01,55.3,60.3,Protect,964,694.0,25.0,6.0,6.224066390041493,104635.08195020747,98.39130434782601,60.1
4003800,36081003800,Queens,Ozone Park (North),38,81.0,60.3,Protect,752,476.0,17.0,32.0,42.5531914893617,39523.40558510638,94.94894894894878,80.0
1015402,36061015402,Manhattan,Upper East Side-Yorkville,154.02,20.3,60.2,Produce,2823,1875.0,68.0,0.0,0.0,124971.04569606802,95.94623655914006,22.3
4003600,36081003600,Queens,Ozone Park (North),36,48.7,60.2,Monitor,993,784.0,28.0,47.0,47.3313192346425,30624.078549848942,101.55241935483878,48.8
4010000,36081010000,Queens,South Ozone Park,100,62.5,60.1,Protect,889,609.0,22.0,22.0,24.746906636670417,37213.39707536558,96.84140233722883,68.6
1012101,36061012101,Manhattan,Hell's Kitchen,121.01,20.4,60.1,Produce,2789,1857.0,67.0,0.0,0.0,129904.6988167802,95.98837209302314,22.4
5000300,36085000300,Staten Island,St. George-New Brighton,3,80.3,60.0,Protect,1117,471.0,17.0,42.0,37.60071620411817,45964.381378692924,86.26865671641804,67.3
2038000,36005038000,Bronx,Williamsbridge-Olinville,380,59.9,60.0,Preserve,2708,632.0,23.0,137.0,50.59084194977844,40481.60930576071,76.1988950276243,59.4
4047900,36081047900,Queens,Elmhurst,479,44.8,59.9,Produce,2151,840.0,30.0,24.0,11.15760111576011,45919.442584844255,84.7092866756393,49.9
3018600,36047018600,Brooklyn,Bensonhurst,186,60.8,59.9,Protect,765,618.0,22.0,8.0,10.457516339869281,47400.751633986925,102.37681159420276,54.5
3061003,36047061003,Brooklyn,Brighton Beach,610.03,85.8,59.8,Protect,638,438.0,16.0,16.0,25.078369905956112,50410.2460815047,96.9061032863849,87.9
4069500,36081069500,Queens,Rego Park,695,80.2,59.8,Protect,952,467.0,17.0,28.0,29.41176470588235,47629.288865546216,89.50123456790129,83.5
1012902,36061012902,Manhattan,Hell's Kitchen,129.02,22.5,59.8,Produce,2103,1669.0,60.0,0.0,0.0,109023.70280551593,101.72972972972957,24.8
4092900,36081092900,Queens,College Point,929,63.0,59.7,Preserve,2397,593.0,21.0,72.0,30.037546933667084,48540.26324572382,77.30639730639768,62.5
3083200,36047083200,Brooklyn,East Flatbush-Farragut,832,61.7,59.7,Protect,743,606.0,22.0,27.0,36.33916554508748,33868.86944818304,102.91105769230762,67.0
1003602,36061003602,Manhattan,East Village,36.02,24.6,59.6,Produce,1762,1516.0,54.0,0.0,0.0,153484.95175936437,105.81111111111113,27.1
2025200,36005025200,Bronx,Morris Park,252,66.7,59.6,Protect,985,559.0,20.0,22.0,22.335025380710658,41430.700507614216,92.75423728813553,78.1
3067400,36047067400,Brooklyn,Flatlands,674,79.8,59.5,Protect,593,467.0,17.0,14.0,23.608768971332207,42771.39966273187,101.52643171806153,85.2
3020000,36047020000,Brooklyn,Dyker Heights,200,58.9,59.5,Protect,777,633.0,23.0,6.0,7.722007722007723,57578.31531531532,102.8271028037384,62.9
1013203,36061013203,Manhattan,Upper East Side-Lenox Hill-Roosevelt Island,132.03,21.0,59.4,Produce,2481,1772.0,63.0,0.0,0.0,111984.8456267634,98.20000000000005,23.0
1007001,36061007001,Manhattan,Murray Hill-Kips Bay,70.01,20.1,59.4,Produce,2800,1851.0,66.0,0.0,0.0,119077.05785714286,95.83720930232562,22.0
3050401,36047050401,Brooklyn,Windsor Terrace-South Slope,504.01,22.8,59.4,Produce,1836,1628.0,58.0,0.0,0.0,78564.38017429195,107.95275590551205,25.0
2027300,36005027300,Bronx,Kingsbridge Heights-Van Cortlandt Village,273,29.4,59.3,Produce,2875,1262.0,45.0,201.0,69.91304347826087,27998.275478260868,87.11261261261279,28.5
2039400,36005039400,Bronx,Williamsbridge-Olinville,394,49.1,59.3,Produce,1973,755.0,27.0,225.0,114.03953370501773,32446.117587430308,84.35682819383283,49.1
4014400,36081014400,Queens,Richmond Hill,144,78.3,59.2,Protect,581,472.0,17.0,15.0,25.817555938037867,40526.85025817556,102.61599999999999,84.3
3075600,36047075600,Brooklyn,Midwood,756,70.2,59.2,Protect,676,528.0,19.0,7.0,10.355029585798817,61162.10059171598,101.21159420289837,77.0
2013300,36005013300,Bronx,Morrisania,133,35.5,59.1,Produce,2499,1034.0,37.0,94.0,37.61504601840736,30816.23049219688,85.9032258064517,38.0
3028200,36047028200,Brooklyn,Bath Beach,282,60.9,59.1,Protect,1303,605.0,21.0,28.0,21.488871834228704,42161.68687643899,88.26239067055394,72.0
2042902,36005042902,Bronx,Norwood,429.02,30.4,59.0,Produce,1716,1199.0,42.0,174.0,101.39860139860139,26654.475524475525,97.50344827586196,29.4
3028700,36047028700,Brooklyn,Bedford-Stuyvesant (East),287,35.1,59.0,Produce,3385,1040.0,37.0,40.0,11.816838995568686,39926.921418020676,80.17938931297726,35.3
4052100,36081052100,Queens,Maspeth,521,74.8,58.9,Protect,730,486.0,17.0,16.0,21.91780821917808,43234.68493150685,95.99300699300716,60.5
3039800,36047039800,Brooklyn,Gravesend (East)-Homecrest,398,66.2,58.9,Protect,907,551.0,19.0,13.0,14.332965821389196,49217.46306504961,94.02450980392155,52.6
2022703,36005022703,Bronx,Mount Eden-Claremont (West),227.03,74.0,58.9,Protect,713,492.0,17.0,63.0,88.35904628330995,34375.16129032258,97.0714285714289,71.6
3093800,36047093800,Brooklyn,East Flatbush-Rugby,938,71.5,58.8,Protect,881,509.0,18.0,43.0,48.80817253121453,36314.94892167991,93.01552795031034,71.4
3002300,36047002300,Brooklyn,Downtown Brooklyn-DUMBO-Boerum Hill,23,52.7,58.8,Preserve,1510,690.0,24.0,22.0,14.569536423841061,44021.920529801326,88.0,68.8
4035100,36081035100,Queens,Jackson Heights,351,41.9,58.7,Produce,1456,867.0,31.0,33.0,22.664835164835164,33511.11263736264,93.65584415584408,40.2
3046201,36047046201,Brooklyn,Flatbush (West)-Ditmas Park-Parkville,462.01,50.6,58.7,Protect,1151,718.0,25.0,11.0,9.556907037358819,46766.27454387489,94.56914893617045,51.2
3116600,36047116600,Brooklyn,East New York (North),1166,82.9,58.6,Protect,1338,436.0,15.0,111.0,82.95964125560539,44513.8086696562,81.18684210526317,82.6
3118201,36047118201,Brooklyn,Cypress Hills,1182.01,52.0,58.6,Protect,777,698.0,25.0,29.0,37.323037323037326,31609.03474903475,109.0027700831024,59.2
4048000,36081048000,Queens,Hollis,480,71.9,58.5,Protect,665,503.0,18.0,13.0,19.548872180451127,41257.984962406015,100.0984682713347,76.8
3029900,36047029900,Brooklyn,Bedford-Stuyvesant (East),299,93.1,58.5,Protect,1136,388.0,14.0,87.0,76.58450704225352,70736.01056338029,82.21810699588491,92.8
3057600,36047057600,Brooklyn,Madison,576,65.6,58.5,Protect,939,550.0,19.0,15.0,15.974440894568689,45829.58466453674,93.26423690205047,58.3
4073900,36081073900,Queens,Forest Hills,739,39.6,58.4,Produce,2953,910.0,32.0,25.0,8.465966813410091,54280.686420589234,80.24369747899163,44.3
1027500,36061027500,Manhattan,Washington Heights (North),275,45.3,58.4,Produce,1605,796.0,28.0,13.0,8.09968847352025,51306.1507788162,89.86363636363649,52.9
4015400,36081015400,Queens,South Richmond Hill,154,77.7,58.3,Protect,678,462.0,16.0,30.0,44.24778761061947,37180.53097345133,96.60967741935474,69.0
4017200,36081017200,Queens,South Ozone Park,172,76.6,58.3,Protect,618,468.0,16.0,23.0,37.2168284789644,37038.68932038835,100.13793103448279,79.9
4011000,36081011000,Queens,South Richmond Hill,110,58.8,58.2,Protect,864,609.0,21.0,23.0,26.62037037037037,35790.868055555555,97.76457399103128,61.0
3037401,36047037401,Brooklyn,Gravesend (South),374.01,53.9,58.2,Preserve,1963,660.0,23.0,55.0,28.01833927661742,39507.90728476821,81.86189258312038,56.3
4062300,36081062300,Queens,Glendale,623,62.0,58.1,Protect,819,573.0,20.0,19.0,23.1990231990232,37427.58241758242,97.51733333333368,62.9
3003000,36047003000,Brooklyn,Bay Ridge,30,59.0,58.1,Protect,723,601.0,21.0,7.0,9.681881051175658,47176.47302904564,103.7158671586717,47.1
3119000,36047119000,Brooklyn,East New York-City Line,1190,75.2,58.0,Protect,592,471.0,16.0,34.0,57.432432432432435,34708.3277027027,101.75833333333367,77.7
3007000,36047007000,Brooklyn,Bay Ridge,70,49.9,58.0,Monitor,1075,710.0,25.0,10.0,9.30232558139535,45462.72837209302,95.83236994219669,56.6
3002000,36047002000,Brooklyn,Sunset Park (West),20,94.5,58.0,Protect,406,375.0,13.0,11.0,27.093596059113302,58930.04926108375,111.88888888888869,75.7
4130100,36081130100,Queens,Bellerose,1301,50.8,57.9,Preserve,1586,695.0,24.0,25.0,15.762925598991174,42020.29634300126,87.10630630630635,54.0
4044400,36081044400,Queens,Jamaica,444,90.9,57.9,Protect,1217,389.0,14.0,76.0,62.44864420706656,70885.44289235826,80.99319727891157,86.6
3056600,36047056600,Brooklyn,Madison,566,63.2,57.8,Protect,988,553.0,19.0,19.0,19.230769230769234,41901.64979757085,92.38227146814393,66.4
4044800,36081044800,Queens,Jamaica Hills-Briarwood,448,81.1,57.8,Protect,741,433.0,15.0,28.0,37.7867746288799,41149.06882591093,93.1815286624203,76.8
4050800,36081050800,Queens,Hollis,508,79.3,57.7,Protect,658,439.0,15.0,25.0,37.993920972644375,39046.367781155015,96.0024813895784,82.2
5012500,36085012500,Staten Island,West New Brighton-Silver Lake-Grymes Hill,125,53.9,57.7,Protect,1034,647.0,22.0,25.0,24.177949709864603,35861.71953578336,94.60204081632651,46.7
2039600,36005039600,Bronx,Williamsbridge-Olinville,396,69.3,57.6,Preserve,1550,501.0,17.0,138.0,89.03225806451613,37941.96709677419,81.09504950495034,68.1
4037700,36081037700,Queens,North Corona,377,65.7,57.6,Protect,891,525.0,18.0,13.0,14.590347923681257,48627.276094276094,93.41691842900309,79.1
4019800,36081019800,Queens,South Jamaica,198,63.6,57.6,Protect,913,546.0,19.0,71.0,77.76560788608981,33527.05366922235,93.75055187637963,64.4
3075800,36047075800,Brooklyn,Midwood,758,60.7,57.5,Protect,769,568.0,20.0,6.0,7.802340702210663,70275.29258777633,99.38441558441559,43.0
2022000,36005022000,Bronx,West Farms,220,50.0,57.5,Protect,760,686.0,24.0,69.0,90.78947368421053,29163.75,109.44117647058829,50.3
2028100,36005028100,Bronx,Kingsbridge Heights-Van Cortlandt Village,281,30.8,57.4,Produce,2057,1110.0,38.0,30.0,14.584346135148275,32474.87603305785,91.55999999999995,30.8
4021200,36081021200,Queens,Jamaica,212,68.6,57.4,Protect,691,498.0,17.0,32.0,46.30969609261939,34680.91172214182,98.41772151898726,65.7
4047200,36081047200,Queens,Jamaica Estates-Holliswood,472,72.3,57.3,Protect,1384,471.0,16.0,33.0,23.84393063583815,55746.45953757226,82.13729128014847,76.4
4036700,36081036700,Queens,East Elmhurst,367,75.9,57.3,Protect,793,450.0,15.0,30.0,37.83102143757881,39019.97477931904,92.72611464968168,74.9
4006900,36081006900,Queens,Astoria (Central),69,53.7,57.2,Preserve,2618,633.0,22.0,39.0,14.896867838044308,71995.4640947288,76.94902912621365,57.1
2040304,36005040304,Bronx,Bedford Park,403.04,47.9,57.2,Produce,1585,708.0,24.0,141.0,88.95899053627761,31691.735646687695,87.4594594594596,45.9
4122702,36081122702,Queens,Pomonok-Electchester-Hillcrest,1227.02,37.8,57.1,Produce,3008,895.0,31.0,53.0,17.61968085106383,37491.720079787236,79.74712643678163,44.2
2021301,36005021301,Bronx,University Heights (South)-Morris Heights,213.01,87.1,57.1,Protect,656,389.0,13.0,23.0,35.0609756097561,47083.03506097561,93.5428571428572,76.1
4014202,36081014202,Queens,Richmond Hill,142.02,65.2,57.1,Protect,658,519.0,18.0,23.0,34.954407294832826,34797.03647416413,101.53614457831327,67.2
3042000,36047042000,Brooklyn,Gravesend (East)-Homecrest,420,87.1,57.0,Protect,559,387.0,13.0,10.0,17.889087656529515,77061.78890876565,97.12292358804007,87.9
3018200,36047018200,Brooklyn,Bensonhurst,182,43.8,57.0,Monitor,1193,770.0,26.0,8.0,6.705783738474434,49893.822296730934,95.40517241379325,53.4
3037900,36047037900,Brooklyn,Bedford-Stuyvesant (East),379,81.8,56.9,Preserve,1577,411.0,14.0,86.0,54.533925174381736,54708.89917564997,78.10187110187121,80.5
2012102,36005012102,Bronx,Longwood,121.02,81.7,56.9,Protect,585,410.0,14.0,35.0,59.82905982905983,37104.10256410256,97.53125,80.8
4062500,36081062500,Queens,Glendale,625,42.8,56.8,Monitor,999,781.0,27.0,12.0,12.012012012012011,36118.198198198195,101.27676767676758,37.0
2035100,36005035100,Bronx,Riverdale-Spuyten Duyvil,351,71.1,56.8,Protect,1367,470.0,16.0,44.0,32.187271397220194,45192.80614484272,82.47029702970326,75.0
4126700,36081126700,Queens,Pomonok-Electchester-Hillcrest,1267,89.0,56.7,Protect,888,375.0,13.0,23.0,25.9009009009009,389343.8175675676,86.3258232235703,45.2
4019000,36081019000,Queens,Baisley Park,190,74.1,56.7,Protect,639,450.0,15.0,30.0,46.948356807511736,35853.380281690144,97.66733067729069,69.2
4069300,36081069300,Queens,Rego Park,693,48.9,56.7,Monitor,1356,682.0,23.0,14.0,10.32448377581121,47583.94764011799,90.05511811023644,57.3
5002900,36085002900,Staten Island,Tompkinsville-Stapleton-Clifton-Fox Hills,29,41.5,56.6,Produce,2000,802.0,27.0,145.0,72.5,31035.42,85.0493506493508,41.9
3028900,36047028900,Brooklyn,Bedford-Stuyvesant (East),289,76.0,56.6,Preserve,1607,438.0,15.0,47.0,29.24704418170504,64862.712507778466,78.59279778393352,74.5
3021000,36047021000,Brooklyn,Dyker Heights,210,40.8,56.5,Monitor,1335,813.0,28.0,7.0,5.2434456928838955,54177.0531835206,94.10352941176484,46.9
3027000,36047027000,Brooklyn,Bensonhurst,270,65.5,56.5,Protect,929,508.0,17.0,14.0,15.069967707212056,49324.42626480086,91.80400000000009,66.4
4071304,36081071304,Queens,Forest Hills,713.04,42.9,56.4,Produce,3453,772.0,26.0,57.0,16.507384882710685,45584.65653055314,75.5272727272727,40.2
4001600,36081001600,Queens,Woodhaven,16,48.6,56.4,Monitor,784,682.0,23.0,11.0,14.03061224489796,36227.414540816324,106.56385068762279,58.6
1005502,36061005502,Manhattan,Greenwich Village,55.02,27.7,56.3,Monitor,1252,1192.0,40.0,0.0,0.0,392146.0479233227,116.25842696629206,29.6
1006000,36061006000,Manhattan,Stuyvesant Town-Peter Cooper Village,60,46.9,56.3,Produce,2491,703.0,24.0,24.0,9.634684865515858,97314.89361702128,79.0,47.9
1012500,36061012500,Manhattan,Midtown-Times Square,125,73.1,56.2,Preserve,2174,451.0,15.0,56.0,25.758969641214353,169028.04277828886,74.5625,61.1
3005100,36047005100,Brooklyn,Carroll Gardens-Cobble Hill-Gowanus-Red Hook,51,46.3,56.2,Monitor,1129,710.0,24.0,5.0,4.428697962798937,137827.74933569532,94.86219081272088,54.0
5013302,36085013302,Staten Island,Port Richmond,133.02,54.3,56.2,Protect,1037,607.0,20.0,61.0,58.8235294117647,32615.178399228545,93.24480712166155,49.8
2040800,36005040800,Bronx,Williamsbridge-Olinville,408,38.4,56.1,Produce,1585,853.0,29.0,206.0,129.96845425867508,28720.39116719243,91.40271493212686,38.9
5001100,36085001100,Staten Island,St. George-New Brighton,11,43.0,56.1,Produce,1468,762.0,26.0,107.0,72.88828337874659,30186.764305177112,90.70098039215691,43.3
4161700,36081161700,Queens,Bellerose,1617,40.1,56.0,Produce,1516,811.0,27.0,12.0,7.9155672823219,43402.00527704485,91.30668716372043,51.3
4064600,36081064600,Queens,Laurelton,646,62.2,56.0,Protect,928,525.0,18.0,23.0,24.78448275862069,38727.28448275862,92.70549738219916,52.2
4071305,36081071305,Queens,Forest Hills,713.05,66.8,55.9,Preserve,2567,486.0,16.0,87.0,33.89170237631477,58871.08414491625,73.255319148936,55.5
1010803,36061010803,Manhattan,East Midtown-Turtle Bay,108.03,22.8,55.9,Produce,1997,1426.0,48.0,0.0,0.0,210800.54531797697,98.20000000000005,25.0
3003800,36047003800,Brooklyn,Bay Ridge,38,58.0,55.8,Protect,719,556.0,19.0,6.0,8.344923504867872,53336.11961057023,100.91902834008079,60.8
3081000,36047081000,Brooklyn,Prospect Lefferts Gardens-Wingate,810,77.2,55.8,Protect,1204,420.0,14.0,36.0,29.900332225913623,52834.46677740864,82.78341013824888,72.7
4003400,36081003400,Queens,Ozone Park (North),34,65.3,55.8,Protect,645,495.0,17.0,21.0,32.55813953488372,35328.79069767442,100.67277486911007,68.3
3036001,36047036001,Brooklyn,Brighton Beach,360.01,42.3,55.7,Produce,1856,762.0,25.0,23.0,12.392241379310345,40817.93157327586,85.71111111111122,39.7
4076902,36081076902,Queens,Forest Hills,769.02,73.5,55.7,Protect,779,438.0,15.0,10.0,12.836970474967908,75565.75353016688,92.54216867469881,80.3
4056400,36081056400,Queens,Queens Village,564,79.4,55.6,Protect,571,405.0,14.0,17.0,29.7723292469352,40761.69877408056,97.89383561643831,77.2
3059402,36047059402,Brooklyn,Sheepshead Bay-Manhattan Beach-Gerritsen Beach,594.02,44.6,55.6,Produce,2029,718.0,24.0,39.0,19.221291276490884,38480.735830458354,83.09399773499445,43.7
4011800,36081011800,Queens,South Richmond Hill,118,67.7,55.5,Protect,787,472.0,16.0,32.0,40.66073697585769,36003.31639135959,93.83519553072642,64.5
3068000,36047068000,Brooklyn,Flatlands,680,74.0,55.5,Protect,575,432.0,14.0,13.0,22.608695652173914,40782.36521739131,99.91814159292039,78.7
4013000,36081013000,Queens,Richmond Hill,130,67.1,55.4,Protect,550,476.0,16.0,7.0,12.727272727272728,44637.545454545456,106.1328671328672,63.0
3057400,36047057400,Brooklyn,Madison,574,67.0,55.4,Protect,846,476.0,16.0,15.0,17.73049645390071,45444.5390070922,92.56672443674165,75.8
3110400,36047110400,Brooklyn,East New York-New Lots,1104,55.8,55.4,Preserve,1734,572.0,19.0,95.0,54.786620530565166,36118.32641291811,81.45884773662556,54.7
4012601,36081012601,Queens,Richmond Hill,126.01,53.6,55.3,Protect,726,595.0,20.0,12.0,16.528925619834713,36682.80991735537,103.02762430939242,53.7
4039400,36081039400,Queens,St. Albans,394,69.9,55.3,Protect,1052,456.0,15.0,48.0,45.627376425855516,38481.18821292776,86.93283582089566,64.6
2009800,36005009800,Bronx,Castle Hill-Unionport,98,39.7,55.2,Produce,2095,803.0,27.0,124.0,59.18854415274463,31098.91646778043,84.46887966804957,42.6
1002201,36061002201,Manhattan,Lower East Side,22.01,17.0,55.2,Produce,3523,1872.0,62.0,0.0,0.0,83472.07947771785,91.11538461538476,18.5
1001200,36061001200,Manhattan,Lower East Side,12,66.3,55.1,Preserve,1873,478.0,16.0,36.0,19.220501868659905,91743.06780565938,77.71428571428555,62.2
3024800,36047024800,Brooklyn,Bensonhurst,248,59.1,55.1,Protect,858,538.0,18.0,7.0,8.158508158508159,73377.48251748252,94.7377049180327,74.2
4055900,36081055900,Queens,Ridgewood,559,96.5,55.0,Protect,459,327.0,11.0,16.0,34.85838779956428,74242.94117647059,98.10714285714289,96.5
4072100,36081072100,Queens,Forest Hills,721,36.5,55.0,Produce,2333,865.0,29.0,18.0,7.715387912558937,46916.92884697814,83.88400000000001,39.6
3060600,36047060600,Brooklyn,Sheepshead Bay-Manhattan Beach-Gerritsen Beach,606,74.6,54.9,Preserve,1423,423.0,14.0,39.0,27.40688685874912,59781.24104005622,79.73584905660391,76.8
4055800,36081055800,Queens,Queens Village,558,83.0,54.9,Protect,494,379.0,12.0,13.0,26.31578947368421,43708.72469635627,100.62155963302757,84.2
2026702,36005026702,Bronx,Kingsbridge Heights-Van Cortlandt Village,267.02,28.2,54.9,Produce,2646,1112.0,37.0,241.0,91.08087679516251,27450.062358276646,86.21232876712315,27.8
3084800,36047084800,Brooklyn,East Flatbush-Rugby,848,85.5,54.8,Protect,559,366.0,12.0,26.0,46.51162790697674,40544.75849731664,95.7017543859647,80.7
4003000,36081003000,Queens,Woodhaven,30,79.0,54.8,Protect,434,396.0,13.0,14.0,32.25806451612903,37400.18433179724,110.51383399209476,81.0
4103900,36081103900,Queens,Whitestone-Beechhurst,1039,44.6,54.7,Produce,2311,697.0,23.0,26.0,11.25054089138901,52470.18606663782,79.9670555936857,37.6
4008600,36081008600,Queens,Ozone Park,86,47.8,54.7,Monitor,958,649.0,21.0,17.0,17.745302713987474,35744.65553235908,96.5,49.3
4065703,36081065703,Queens,Middle Village,657.03,53.2,54.6,Protect,1159,582.0,19.0,16.0,13.805004314063849,43791.48490077653,90.05120481927725,51.0
4033700,36081033700,Queens,Jackson Heights,337,66.5,54.6,Protect,882,466.0,15.0,16.0,18.140589569160998,45602.21088435374,90.95334685598391,42.7
3029400,36047029400,Brooklyn,Gravesend (West),294,70.5,54.5,Protect,1111,439.0,14.0,19.0,17.101710171017103,67806.1710171017,84.88990825688074,79.9
4013200,36081013200,Queens,Richmond Hill,132,84.4,54.5,Protect,696,366.0,12.0,26.0,37.356321839080465,44914.527298850575,90.93023255813955,85.4
1024200,36061024200,Manhattan,East Harlem (North),242,78.2,54.5,Preserve,2229,395.0,13.0,96.0,43.06864064602961,99818.4773441005,72.14285714285711,74.1
3065000,36047065000,Brooklyn,Flatlands,650,79.7,54.4,Protect,489,386.0,13.0,10.0,20.449897750511248,45246.871165644174,101.5422535211269,74.3
2026500,36005026500,Bronx,University Heights (North)-Fordham,265,30.6,54.4,Produce,2366,1006.0,33.0,215.0,90.87066779374472,27995.414201183434,86.46951219512198,30.1
4015200,36081015200,Queens,South Richmond Hill,152,60.0,54.3,Protect,735,512.0,17.0,29.0,39.455782312925166,33907.755102040814,97.33497536945833,63.6
5010500,36085010500,Staten Island,West New Brighton-Silver Lake-Grymes Hill,105,46.6,54.3,Produce,1781,659.0,21.0,54.0,30.32004491858506,35722.08309938237,83.8668363019508,40.8
4012100,36081012100,Queens,Astoria (North)-Ditmars-Steinway,121,57.6,54.2,Protect,956,531.0,17.0,11.0,11.506276150627615,50500.261506276154,92.21164021164032,50.7
4022001,36081022001,Queens,Jamaica Hills-Briarwood,220.01,45.5,54.2,Produce,3068,673.0,22.0,72.0,23.46805736636245,42044.43448500652,75.21153846153834,39.9
4055200,36081055200,Queens,Queens Village,552,76.5,54.1,Protect,1026,399.0,13.0,53.0,51.65692007797271,40985.23391812865,84.62037037037044,71.7
1004500,36061004500,Manhattan,SoHo-Little Italy-Hudson Square,45,55.7,54.1,Protect,552,549.0,18.0,2.0,3.6231884057971016,558823.8188405797,133.16071428571445,30.5
3021400,36047021400,Brooklyn,Borough Park,214,84.1,54.0,Protect,603,361.0,12.0,11.0,18.24212271973466,72374.47927031509,93.7644230769231,82.0
3038600,36047038600,Brooklyn,Gravesend (East)-Homecrest,386,50.5,54.0,Protect,1230,603.0,20.0,22.0,17.88617886178862,39143.69918699187,89.50632911392404,47.2
3001100,36047001100,Brooklyn,Downtown Brooklyn-DUMBO-Boerum Hill,11,68.9,54.0,Protect,1338,440.0,14.0,21.0,15.695067264573991,125959.644245142,81.35714285714289,67.8
4027200,36081027200,Queens,Baisley Park,272,85.3,53.9,Protect,554,354.0,11.0,29.0,52.34657039711192,40082.707581227434,95.14797136038192,85.8
4016400,36081016400,Queens,South Ozone Park,164,45.0,53.9,Monitor,849,674.0,22.0,18.0,21.20141342756184,33276.89045936396,101.73050847457648,47.3
2006800,36005006800,Bronx,Soundview-Bruckner-Bronx River,68,88.6,53.8,Protect,958,340.0,11.0,73.0,76.20041753653445,50514.58246346555,83.13671875,89.1
3039400,36047039400,Brooklyn,Gravesend (East)-Homecrest,394,58.0,53.8,Protect,811,520.0,17.0,6.0,7.398273736128237,111810.62885326757,95.18798955613602,51.9
3037000,36047037000,Brooklyn,Gravesend (South),370,44.2,53.7,Produce,1645,681.0,22.0,19.0,11.55015197568389,43322.926443769,85.9082733812952,48.7
3040400,36047040400,Brooklyn,Gravesend (West),404,60.3,53.7,Protect,886,497.0,16.0,10.0,11.286681715575622,54695.38600451467,92.41620111731845,77.4
3044800,36047044800,Brooklyn,Mapleton-Midwood (West),448,58.2,53.6,Protect,873,510.0,16.0,8.0,9.16380297823597,63301.9587628866,93.16666666666674,68.0
1010000,36061010000,Manhattan,East Midtown-Turtle Bay,100,46.0,53.6,Produce,2017,648.0,21.0,15.0,7.4367873078829945,316445.52503718395,81.060606060606,42.4
2020200,36005020200,Bronx,Westchester Square,202,52.1,53.6,Protect,875,574.0,18.0,35.0,40.0,32707.542857142857,95.72511848341242,52.2
4088400,36081088400,Queens,Howard Beach-Lindenwood,884,32.7,53.5,Produce,2893,905.0,29.0,33.0,11.406844106463879,38676.93778085033,80.54297069051154,35.8
3024600,36047024600,Brooklyn,Mapleton-Midwood (West),246,43.4,53.5,Monitor,1061,683.0,22.0,5.0,4.7125353440150795,69463.34590009425,95.33732534930164,66.6
4009500,36081009500,Queens,Astoria (North)-Ditmars-Steinway,95,57.0,53.4,Protect,1014,519.0,17.0,10.0,9.861932938856016,60954.20118343195,90.38297872340445,59.3
4074500,36081074500,Queens,Forest Hills,745,49.1,53.4,Produce,2044,602.0,19.0,29.0,14.187866927592955,51611.4324853229,79.54088050314476,46.0
3083800,36047083800,Brooklyn,East Flatbush-Farragut,838,68.2,53.3,Protect,702,433.0,14.0,21.0,29.914529914529915,37895.94017094017,94.48549323017392,72.0
1013201,36061013201,Manhattan,Upper East Side-Lenox Hill-Roosevelt Island,132.01,20.7,53.3,Produce,2108,1427.0,46.0,0.0,0.0,131206.27277039847,96.46153846153834,22.8
3014700,36047014700,Brooklyn,Sunset Park (West),147,50.2,53.2,Protect,970,588.0,19.0,6.0,6.185567010309278,92444.83195876288,94.0142857142855,77.3
2024300,36005024300,Bronx,University Heights (South)-Morris Heights,243,39.0,53.2,Produce,2191,757.0,24.0,197.0,89.91328160657234,30562.63350068462,82.5751633986929,39.5
4061900,36081061900,Queens,Middle Village,619,45.1,53.1,Monitor,1192,646.0,21.0,17.0,14.261744966442953,38273.38003355705,91.6512059369204,40.3
4010200,36081010200,Queens,South Ozone Park,102,71.9,53.1,Protect,739,407.0,13.0,18.0,24.35723951285521,42566.568335588636,92.03265306122444,75.9
4117500,36081117500,Queens,Murray Hill-Broadway Flushing,1175,42.9,53.1,Produce,2044,687.0,22.0,22.0,10.76320939334638,48705.8180039139,81.84244791666674,53.3
4115500,36081115500,Queens,Murray Hill-Broadway Flushing,1155,81.2,53.0,Protect,710,354.0,11.0,20.0,28.169014084507044,49645.859154929574,89.9303030303031,71.6
3028400,36047028400,Brooklyn,Bensonhurst,284,45.3,53.0,Produce,1433,639.0,20.0,18.0,12.561060711793441,41838.89043963712,87.37425149700607,51.4
3118600,36047118600,Brooklyn,East New York-City Line,1186,42.0,52.9,Monitor,759,683.0,22.0,25.0,32.93807641633729,29900.869565217392,109.20053475935833,44.8
3072800,36047072800,Brooklyn,Flatlands,728,53.3,52.9,Preserve,1420,539.0,17.0,40.0,28.169014084507044,37983.73943661972,84.186206896552,55.6
4053000,36081053000,Queens,St. Albans,530,73.0,52.8,Protect,667,393.0,12.0,34.0,50.97451274362819,36324.46776611694,93.40290381125237,69.5
3040200,36047040200,Brooklyn,Gravesend (West),402,56.5,52.8,Protect,911,506.0,16.0,9.0,9.879253567508233,55640.4731064764,92.22110552763843,61.7
2024502,36005024502,Bronx,University Heights (South)-Morris Heights,245.02,26.6,52.7,Monitor,1165,1070.0,34.0,117.0,100.42918454935622,25724.575107296136,111.26050420168076,27.0
4016100,36081016100,Queens,Astoria (East)-Woodside (North),161,66.5,52.7,Protect,850,428.0,14.0,11.0,12.941176470588236,62903.50588235294,90.06437768240357,57.5
3036300,36047036300,Brooklyn,Ocean Hill,363,69.4,52.7,Preserve,2191,410.0,13.0,171.0,78.04655408489275,44915.02510269283,73.15801886792474,68.2
3049900,36047049900,Brooklyn,Greenpoint,499,39.3,52.6,Monitor,1403,722.0,23.0,5.0,3.5637918745545263,128690.43905915895,90.55445544554482,41.1
3073400,36047073400,Brooklyn,Flatlands,734,67.8,52.6,Protect,489,419.0,13.0,11.0,22.494887525562373,37560.122699386506,105.56090651558088,77.4
2045102,36005045102,Bronx,Wakefield-Woodlawn,451.02,36.3,52.5,Monitor,963,780.0,25.0,23.0,23.883696780893043,30163.395638629285,102.46229508196711,35.2
3048900,36047048900,Brooklyn,East Williamsburg,489,63.8,52.5,Preserve,1425,445.0,14.0,29.0,20.350877192982455,54666.31578947369,80.5,60.4
4043900,36081043900,Queens,Corona,439,65.9,52.4,Protect,1256,429.0,13.0,24.0,19.108280254777068,55810.09156050955,82.17061611374402,59.8
3074400,36047074400,Brooklyn,Flatlands,744,58.5,52.4,Protect,624,483.0,15.0,5.0,8.012820512820513,56120.625,100.94929006085204,68.1
4037900,36081037900,Queens,North Corona,379,68.4,52.3,Preserve,1517,413.0,13.0,41.0,27.027027027027028,54387.05405405405,78.538775510204,54.5
1001402,36061001402,Manhattan,Lower East Side,14.02,18.1,52.3,Produce,3086,1557.0,49.0,0.0,0.0,151815.49967595594,90.08450704225356,19.5
3046400,36047046400,Brooklyn,Mapleton-Midwood (West),464,48.1,52.2,Monitor,923,586.0,18.0,5.0,5.417118093174431,84727.30552546046,94.97808219178091,47.8
1010801,36061010801,Manhattan,East Midtown-Turtle Bay,108.01,19.9,52.2,Produce,2282,1416.0,44.0,0.0,0.0,142480.50219106048,94.51923076923072,21.5
4022002,36081022002,Queens,Jamaica Hills-Briarwood,220.02,47.1,52.2,Produce,2679,597.0,19.0,59.0,22.023142963792463,43984.11758118701,75.49309664694283,49.8
3114201,36047114201,Brooklyn,Cypress Hills,1142.01,76.7,52.1,Protect,515,366.0,11.0,19.0,36.89320388349515,37513.51456310679,98.03529411764725,79.5
3069000,36047069000,Brooklyn,Flatlands,690,69.2,52.1,Protect,611,406.0,13.0,17.0,27.823240589198036,38358.51063829787,95.97777777777765,72.5
1009600,36061009600,Manhattan,Midtown-Times Square,96,92.4,52.0,Protect,468,303.0,9.0,10.0,21.367521367521366,440381.7521367521,95.47826086956525,94.8
4017000,36081017000,Queens,South Ozone Park,170,65.0,52.0,Protect,712,431.0,13.0,22.0,30.89887640449438,36925.57584269663,94.0126315789471,74.4
3029000,36047029000,Brooklyn,Bensonhurst,290,53.2,51.9,Preserve,1600,524.0,16.0,42.0,26.25,40207.92,81.26778242677847,45.2
2023704,36005023704,Bronx,Fordham Heights,237.04,34.2,51.9,Produce,1420,815.0,25.0,162.0,114.08450704225352,27969.0,92.97777777777765,34.8
2007200,36005007200,Bronx,Castle Hill-Unionport,72,32.6,51.8,Produce,1757,855.0,27.0,67.0,38.13318155947638,29412.293682413205,89.39898989899007,35.3
4052600,36081052600,Queens,St. Albans,526,66.0,51.8,Protect,566,422.0,13.0,15.0,26.501766784452297,36864.64664310954,99.70938215102956,72.6
2041900,36005041900,Bronx,Norwood,419,14.9,51.8,Produce,2662,1867.0,58.0,177.0,66.49135987978963,24342.06874530428,97.61240310077528,14.3
4018402,36081018402,Queens,Baisley Park,184.02,72.9,51.7,Protect,639,382.0,12.0,31.0,48.5133020344288,36441.36150234742,93.71926229508199,73.5
4018700,36081018700,Queens,Sunnyside,187,53.6,51.7,Protect,1127,519.0,16.0,17.0,15.084294587400176,43666.03549245785,88.15212527964195,52.9
3016600,36047016600,Brooklyn,Dyker Heights,166,43.4,51.6,Monitor,914,637.0,20.0,4.0,4.3763676148796495,66429.42013129103,97.38142620232156,55.8
4036100,36081036100,Queens,East Elmhurst,361,71.4,51.6,Protect,771,388.0,12.0,21.0,27.237354085603112,42157.67963683528,90.05507246376806,62.3
3027800,36047027800,Brooklyn,Bensonhurst,278,55.6,51.5,Protect,1257,496.0,15.0,27.0,21.479713603818613,41682.299920445505,84.8542510121456,62.9
3111800,36047111800,Brooklyn,East New York-New Lots,1118,66.9,51.5,Protect,1023,413.0,13.0,73.0,71.35874877810362,36479.60019550342,85.16195372750644,65.2
4033000,36081033000,Queens,Springfield Gardens (North)-Rochdale Village,330,43.9,51.4,Produce,2018,623.0,19.0,77.0,38.156590683845394,34643.67046580773,80.28031953522168,47.8
2025600,36005025600,Bronx,Morris Park,256,53.8,51.4,Protect,654,507.0,16.0,20.0,30.581039755351682,33503.71559633027,101.03999999999996,45.7
2025700,36005025700,Bronx,University Heights (North)-Fordham,257,47.5,51.3,Monitor,676,573.0,18.0,51.0,75.44378698224851,29165.85798816568,104.88524590163911,48.4
2021900,36005021900,Bronx,Mount Eden-Claremont (West),219,72.3,51.3,Protect,1036,377.0,12.0,32.0,30.88803088803089,45684.54054054054,83.5625,70.6
4012000,36081012000,Queens,South Richmond Hill,120,58.5,51.3,Protect,624,465.0,14.0,15.0,24.03846153846154,35958.317307692305,99.72812500000009,39.3
4007700,36081007700,Queens,Old Astoria-Hallets Point,77,64.4,51.2,Protect,1182,421.0,13.0,17.0,14.382402707275803,80373.91455160745,83.21764705882356,59.0
4072900,36081072900,Queens,Forest Hills,729,78.2,51.2,Protect,525,348.0,11.0,7.0,13.333333333333334,75728.73142857142,95.89285714285711,83.3
2021502,36005021502,Bronx,University Heights (South)-Morris Heights,215.02,25.5,51.1,Produce,2456,1063.0,33.0,185.0,75.32573289902281,27201.791530944625,86.92561983471069,25.5
3044600,36047044600,Brooklyn,Mapleton-Midwood (West),446,75.6,51.1,Protect,688,358.0,11.0,11.0,15.988372093023257,63263.623546511626,90.78688524590166,73.3
1013603,36061013603,Manhattan,Upper East Side-Yorkville,136.03,18.5,51.0,Produce,2554,1463.0,45.0,0.0,0.0,103046.47611589663,92.9545454545455,20.1
1002000,36061002000,Manhattan,East Village,20,63.4,51.0,Preserve,1861,426.0,13.0,49.0,26.32993014508329,55784.040838259,76.0,75.9
1003601,36061003601,Manhattan,Lower East Side,36.01,22.5,50.9,Produce,1711,1192.0,36.0,0.0,0.0,197335.86616014026,97.3424657534249,24.6
3090000,36047090000,Brooklyn,Brownsville,900,58.4,50.9,Preserve,2062,462.0,14.0,138.0,66.92531522793405,38968.48690591659,75.58241758241752,55.9
2040701,36005040701,Bronx,Bedford Park,407.01,36.1,50.9,Produce,1572,742.0,23.0,99.0,62.977099236641216,29236.736641221374,88.61111111111131,35.7
2021602,36005021602,Bronx,Parkchester,216.02,94.6,50.8,Protect,469,283.0,9.0,117.0,249.46695095948826,44740.04904051173,93.94915254237276,94.6
2015100,36005015100,Bronx,Morrisania,151,35.9,50.8,Produce,2064,741.0,23.0,234.0,113.3720930232558,29584.41085271318,83.33918128654955,36.5
3056301,36047056301,Brooklyn,Greenpoint,563.01,18.3,50.7,Produce,2646,1453.0,44.0,0.0,0.0,118658.07218442933,91.88046647230317,19.9
1002400,36061002400,Manhattan,East Village,24,62.3,50.7,Preserve,1790,426.0,13.0,37.0,20.670391061452513,69684.63687150838,76.66666666666674,77.3
4000200,36081000200,Queens,Woodhaven,2,43.3,50.6,Monitor,908,612.0,19.0,21.0,23.127753303964756,33238.31497797357,96.36283185840716,37.5
4050400,36081050400,Queens,St. Albans,504,86.4,50.6,Protect,512,306.0,9.0,25.0,48.828125,41936.19140625,93.72622478386165,88.0
3012801,36047012801,Brooklyn,Dyker Heights,128.01,62.5,50.5,Protect,694,422.0,13.0,7.0,10.086455331412104,62020.1613832853,94.08133971291886,81.6
4045400,36081045400,Queens,Jamaica Hills-Briarwood,454,63.9,50.5,Preserve,1459,413.0,13.0,47.0,32.213845099383136,44148.03358464702,79.04437869822482,64.3
2030900,36005030900,Bronx,Riverdale-Spuyten Duyvil,309,60.5,50.4,Preserve,1484,434.0,13.0,25.0,16.846361185983827,66232.11590296496,79.46268656716393,57.4
2034500,36005034500,Bronx,Riverdale-Spuyten Duyvil,345,49.6,50.4,Produce,1776,531.0,16.0,40.0,22.52252252252252,41139.35135135135,79.79329608938565,52.5
4016800,36081016800,Queens,South Ozone Park,168,55.4,50.4,Protect,770,474.0,14.0,20.0,25.974025974025977,36069.42857142857,94.4605263157896,61.5
4074300,36081074300,Queens,Forest Hills,743,44.9,50.3,Produce,1872,585.0,18.0,22.0,11.752136752136751,49902.51602564102,80.53437499999995,54.5
4020200,36081020200,Queens,South Jamaica,202,84.2,50.3,Protect,435,312.0,9.0,11.0,25.28735632183908,46892.06896551724,98.2929292929291,90.4
3030700,36047030700,Brooklyn,Crown Heights (North),307,31.0,50.2,Produce,2291,843.0,25.0,122.0,53.25185508511567,29017.442164993452,83.75087719298244,33.0
3045200,36047045200,Brooklyn,Mapleton-Midwood (West),452,50.3,50.2,Protect,959,520.0,16.0,7.0,7.299270072992701,75551.8008342023,91.65329512894004,51.2
4036300,36081036300,Queens,East Elmhurst,363,79.0,50.1,Protect,652,330.0,10.0,21.0,32.20858895705521,43843.10429447853,90.14333333333366,77.1
1015101,36061015101,Manhattan,Upper West Side-Lincoln Square,151.01,20.1,50.1,Produce,1821,1299.0,39.0,0.0,0.0,87346.70510708402,98.11111111111131,22.2
4015300,36081015300,Queens,Astoria (East)-Woodside (North),153,66.6,50.0,Protect,1014,390.0,12.0,20.0,19.723865877712033,51940.20710059172,84.5,51.8
3054700,36047054700,Brooklyn,Williamsburg,547,35.2,50.0,Produce,3262,736.0,22.0,21.0,6.437768240343348,137029.9886572655,75.70921985815608,32.2
1013602,36061013602,Manhattan,Upper East Side-Yorkville,136.02,17.4,50.0,Produce,2985,1495.0,45.0,0.0,0.0,128618.79698492463,90.01886792452842,18.9
2023501,36005023501,Bronx,Mount Hope,235.01,32.2,49.9,Monitor,1124,805.0,24.0,119.0,105.87188612099645,27015.480427046263,98.24000000000001,32.8
2019500,36005019500,Bronx,Concourse-Concourse Village,195,17.9,49.9,Produce,2826,1446.0,43.0,256.0,90.58740268931352,25518.36518046709,90.36363636363649,17.5
2017902,36005017902,Bronx,Mount Eden-Claremont (West),179.02,33.9,49.8,Monitor,1316,760.0,23.0,142.0,107.90273556231003,27850.031155015196,93.02941176470608,34.5
3119400,36047119400,Brooklyn,East New York (North),1194,70.3,49.8,Protect,1358,368.0,11.0,109.0,80.26509572901327,40258.816642120764,78.4586614173229,71.2
4040400,36081040400,Queens,St. Albans,404,47.7,49.7,Monitor,1302,540.0,16.0,55.0,42.242703533026116,33745.0,85.9451073985681,48.7
4044000,36081044000,Queens,South Jamaica,440,45.6,49.7,Monitor,1200,563.0,17.0,95.0,79.16666666666666,31086.575,88.47739361702111,44.6
3111000,36047111000,Brooklyn,East New York-New Lots,1110,50.7,49.6,Protect,1316,506.0,15.0,76.0,57.75075987841945,33984.574468085106,84.5,37.4
2037200,36005037200,Bronx,Williamsbridge-Olinville,372,69.1,49.6,Protect,796,370.0,11.0,51.0,64.07035175879398,36265.997487437184,88.29333333333352,67.3
3000200,36047000200,Brooklyn,Sunset Park (West),2,87.0,49.6,Protect,344,294.0,9.0,6.0,17.441860465116278,59495.232558139534,105.51923076923072,96.9
4053800,36081053800,Queens,Queens Village,538,77.6,49.5,Protect,452,330.0,10.0,13.0,28.761061946902654,39880.818584070796,98.80821917808248,81.0
2006000,36005006000,Bronx,West Farms,60,60.6,49.5,Protect,442,422.0,13.0,36.0,81.44796380090499,30740.633484162896,116.64150943396248,61.6
4020400,36081020400,Queens,Jamaica,204,83.9,49.4,Protect,668,304.0,9.0,28.0,41.91616766467065,45663.72754491018,87.9451612903224,88.5
3019400,36047019400,Brooklyn,Dyker Heights,194,49.2,49.4,Monitor,1220,518.0,15.0,12.0,9.836065573770492,54724.05245901639,86.42452830188677,30.1
4056600,36081056600,Queens,Queens Village,566,94.6,49.3,Protect,450,268.0,8.0,32.0,71.11111111111111,49451.6,93.67975830815726,92.7
1002601,36061002601,Manhattan,East Village,26.01,20.5,49.3,Produce,1751,1238.0,37.0,0.0,0.0,103755.46887492861,97.82417582417611,22.6
4115700,36081115700,Queens,Murray Hill-Broadway Flushing,1157,50.3,49.2,Protect,1342,504.0,15.0,13.0,9.687034277198212,68392.17734724292,84.02207505518754,34.2
4036800,36081036800,Queens,St. Albans,368,64.1,49.2,Protect,778,396.0,12.0,39.0,50.12853470437018,35531.105398457585,90.22841726618731,62.8
3112000,36047112000,Brooklyn,East New York-New Lots,1120,69.7,49.1,Protect,1062,361.0,11.0,69.0,64.97175141242937,38826.86440677966,82.13022113022112,69.6
4011100,36081011100,Queens,Astoria (North)-Ditmars-Steinway,111,46.4,49.1,Monitor,1244,544.0,16.0,13.0,10.45016077170418,47580.434083601285,87.07857142857165,39.3
4065000,36081065000,Queens,Laurelton,650,58.0,49.1,Protect,840,434.0,13.0,22.0,26.19047619047619,37725.357142857145,90.6426592797784,54.9
2044902,36005044902,Bronx,Wakefield-Woodlawn,449.02,55.3,49.0,Protect,949,454.0,13.0,28.0,29.50474183350896,36577.96628029505,88.85582822085871,49.5
4062600,36081062600,Queens,Laurelton,626,62.0,49.0,Protect,859,405.0,12.0,23.0,26.77532013969732,39673.30616996508,88.57774607703277,64.1
4063200,36081063200,Queens,Laurelton,632,75.4,48.9,Protect,640,332.0,10.0,23.0,35.9375,40217.578125,90.67667844522953,72.3
1010100,36061010100,Manhattan,Midtown South-Flatiron-Union Square,101,59.7,48.9,Preserve,1795,420.0,12.0,27.0,15.041782729805014,192490.65961002785,76.23076923076928,56.4
2034000,36005034000,Bronx,Allerton,340,45.5,48.8,Produce,1854,549.0,16.0,155.0,83.60302049622437,33222.12783171521,79.65942028985523,46.0
3068200,36047068200,Brooklyn,Flatlands,682,65.1,48.8,Protect,833,384.0,11.0,29.0,34.813925570228086,38384.229291716685,88.1652173913044,63.9
4039800,36081039800,Queens,St. Albans,398,84.0,48.7,Protect,486,297.0,9.0,35.0,72.0164609053498,38431.17283950617,94.22905027932961,86.7
4086400,36081086400,Queens,South Ozone Park,864,59.3,48.7,Protect,742,420.0,12.0,28.0,37.73584905660377,35160.16172506739,92.70711297071125,62.4
2008700,36005008700,Bronx,Longwood,87,65.2,48.7,Preserve,2193,380.0,11.0,187.0,85.27131782945736,43413.036479708164,71.74125874125889,64.0
4017400,36081017400,Queens,South Ozone Park,174,54.4,48.6,Protect,671,452.0,13.0,17.0,25.33532041728763,35337.54098360656,96.3299798792757,59.9
2026601,36005026601,Bronx,Pelham Bay-Country Club-City Island,266.01,39.9,48.6,Produce,1461,619.0,18.0,42.0,28.747433264887064,33296.77618069815,86.41240875912399,40.6
4047500,36081047500,Queens,Elmhurst,475,52.2,48.5,Preserve,1855,467.0,14.0,29.0,15.633423180592992,58718.104582210246,77.56120527306962,43.5
4077904,36081077904,Queens,Kew Gardens Hills,779.04,43.2,48.5,Produce,2311,569.0,17.0,45.0,19.47209000432713,41142.217654694934,77.29227323628243,43.5
4051000,36081051000,Queens,Hollis,510,87.5,48.4,Protect,475,276.0,8.0,37.0,77.89473684210526,40242.0,93.12256267409475,89.2
3064400,36047064400,Brooklyn,Marine Park-Mill Basin-Bergen Beach,644,42.3,48.4,Monitor,871,571.0,17.0,8.0,9.184845005740529,40086.11136624569,95.70441458733194,57.0
2022702,36005022702,Bronx,Mount Eden-Claremont (West),227.02,57.4,48.3,Protect,556,417.0,12.0,51.0,91.72661870503597,31073.47122302158,99.90909090909122,56.0
4033900,36081033900,Queens,Jackson Heights,339,49.5,48.3,Monitor,1078,488.0,14.0,16.0,14.84230055658627,41902.31910946197,87.78409090909122,47.7
4038100,36081038100,Queens,North Corona,381,51.5,48.2,Preserve,1785,459.0,13.0,44.0,24.64985994397759,42924.318767507,77.84661354581681,46.1
1000201,36061000201,Manhattan,Chinatown-Two Bridges,2.01,23.5,48.2,Monitor,1054,1010.0,29.0,0.0,0.0,73567.05882352941,117.65517241379325,25.8
4054800,36081054800,Queens,Queens Village,548,62.8,48.2,Protect,604,377.0,11.0,10.0,16.55629139072848,42650.91059602649,94.59003831417635,41.9
4117100,36081117100,Queens,Murray Hill-Broadway Flushing,1171,56.4,48.1,Protect,992,417.0,12.0,12.0,12.096774193548386,56602.051411290326,86.2051282051284,62.6
3083400,36047083400,Brooklyn,East Flatbush-Farragut,834,56.8,48.1,Protect,599,415.0,12.0,16.0,26.71118530884808,35437.86310517529,97.1724999999999,63.8
3022200,36047022200,Brooklyn,Borough Park,222,48.0,48.0,Produce,1534,489.0,14.0,15.0,9.778357235984355,70400.84354628422,80.98704663212447,45.4
3115800,36047115800,Brooklyn,East New York (North),1158,54.0,48.0,Protect,1032,434.0,12.0,75.0,72.67441860465117,33675.87209302326,86.25171624713971,54.7
3017800,36047017800,Brooklyn,Bath Beach,178,48.5,47.9,Monitor,962,478.0,14.0,8.0,8.316008316008316,54892.96465696466,89.8809523809523,71.3
4041500,36081041500,Queens,Corona,415,74.7,47.9,Protect,1093,310.0,9.0,34.0,31.10704483074108,55428.55626715462,79.0621621621624,65.6
3072600,36047072600,Brooklyn,Flatlands,726,61.0,47.8,Protect,626,379.0,11.0,11.0,17.57188498402556,41516.1661341853,93.98046875,75.4
4092800,36081092800,Queens,Breezy Point-Belle Harbor-Rockaway Park-Broad Channel,928,33.5,47.8,Monitor,1395,691.0,20.0,5.0,3.5842293906810037,56697.44086021505,89.77712609970672,38.5
4008500,36081008500,Queens,Queensbridge-Ravenswood-Dutch Kills,85,71.8,47.8,Protect,551,321.0,9.0,7.0,12.704174228675136,66468.89292196007,93.15702479338847,67.1
4000702,36081000702,Queens,Long Island City-Hunters Point,7.02,16.6,47.7,Produce,2741,1384.0,40.0,0.0,0.0,92871.98686610725,90.08761329305116,18.2
3061002,36047061002,Brooklyn,Brighton Beach,610.02,41.0,47.7,Produce,2325,560.0,16.0,21.0,9.03225806451613,70769.48903225806,76.94594594594605,42.9
4045000,36081045000,Queens,Jamaica Hills-Briarwood,450,69.8,47.6,Protect,613,329.0,9.0,14.0,22.838499184339316,43263.132137030996,91.32898172323758,75.9
3018800,36047018800,Brooklyn,Bensonhurst,188,37.6,47.6,Monitor,950,610.0,17.0,4.0,4.2105263157894735,52866.39578947368,95.24651162790724,35.4
2018400,36005018400,Bronx,Throgs Neck-Schuylerville,184,35.3,47.5,Produce,1515,646.0,18.0,28.0,18.48184818481848,34059.069306930694,86.5251798561153,33.4
4081800,36081081800,Queens,South Ozone Park,818,57.1,47.5,Protect,1082,400.0,11.0,38.0,35.12014787430684,37560.99815157116,83.81559220389795,49.3
3062200,36047062200,Brooklyn,Sheepshead Bay-Manhattan Beach-Gerritsen Beach,622,62.1,47.4,Preserve,1473,367.0,10.0,63.0,42.76985743380855,41924.80244399185,77.39682539682553,67.4
4000701,36081000701,Queens,Long Island City-Hunters Point,7.01,19.2,47.4,Produce,1956,1186.0,34.0,0.0,0.0,113714.88343558281,94.02061855670127,21.0
3086400,36047086400,Brooklyn,East Flatbush-Rugby,864,56.0,47.3,Protect,854,404.0,11.0,53.0,62.06088992974239,33841.75644028103,88.66666666666674,59.5
4018401,36081018401,Queens,Baisley Park,184.01,73.6,47.3,Protect,656,306.0,9.0,27.0,41.15853658536586,39454.48170731707,88.42774566474009,72.9
4063301,36081063301,Queens,Glendale,633.01,50.9,47.3,Protect,613,443.0,13.0,9.0,14.68189233278956,37906.241435562806,98.52380952380963,36.3
4003200,36081003200,Queens,Ozone Park (North),32,73.2,47.2,Protect,476,308.0,9.0,18.0,37.81512605042017,37077.03781512605,95.4200743494423,79.2
5006700,36085006700,Staten Island,West New Brighton-Silver Lake-Grymes Hill,67,41.7,47.2,Monitor,1096,540.0,15.0,9.0,8.211678832116789,45497.13503649635,89.67596281540523,32.6
4014100,36081014100,Queens,Astoria (East)-Woodside (North),141,58.6,47.1,Protect,729,384.0,11.0,10.0,13.717421124828531,47210.53497942387,90.94838709677447,60.2
4119300,36081119300,Queens,East Flushing,1193,63.8,47.1,Protect,778,353.0,10.0,12.0,15.424164524421593,52333.72750642674,87.83902439024405,76.1
3006901,36047006901,Brooklyn,Downtown Brooklyn-DUMBO-Boerum Hill,69.01,27.1,47.0,Monitor,871,829.0,23.0,0.0,0.0,174109.37657864523,116.13278008298767,28.6
2009600,36005009600,Bronx,Westchester Square,96,76.4,47.0,Protect,762,294.0,8.0,51.0,66.92913385826772,39681.61417322834,84.51623376623365,76.5
3014102,36047014102,Brooklyn,Windsor Terrace-South Slope,141.02,22.1,46.9,Monitor,1330,1014.0,29.0,0.0,0.0,111480.63157894737,100.4307692307691,24.0
4015000,36081015000,Queens,South Richmond Hill,150,43.8,46.9,Monitor,610,510.0,14.0,14.0,22.950819672131146,32355.885245901638,103.96808510638311,42.1
3015200,36047015200,Brooklyn,Bay Ridge,152,52.4,46.9,Protect,918,426.0,12.0,11.0,11.982570806100217,48386.03376906318,88.28250000000003,34.9
4041400,36081041400,Queens,South Jamaica,414,46.9,46.8,Monitor,1326,476.0,13.0,100.0,75.41478129713424,32847.82805429864,83.35006973500731,46.8
4064500,36081064500,Queens,Forest Hills,645,51.4,46.8,Protect,785,434.0,12.0,9.0,11.464968152866241,44521.261146496814,92.12104283054009,44.1
3030900,36047030900,Brooklyn,Crown Heights (North),309,86.2,46.7,Protect,888,258.0,7.0,59.0,66.44144144144144,54430.507882882885,79.35582822085871,83.1
2037800,36005037800,Bronx,Williamsbridge-Olinville,378,47.3,46.7,Produce,1433,471.0,13.0,105.0,73.2728541521284,33449.56106071179,81.3315217391305,44.4
2020900,36005020900,Bronx,Mount Eden-Claremont (West),209,21.8,46.6,Produce,1769,1018.0,28.0,177.0,100.05652911249294,25879.94347088751,93.0,21.3
3069800,36047069800,Brooklyn,Marine Park-Mill Basin-Bergen Beach,698,85.2,46.6,Protect,547,260.0,7.0,13.0,23.76599634369287,75337.67824497257,88.77989130434798,90.6
3089400,36047089400,Brooklyn,Brownsville,894,67.5,46.5,Protect,1378,327.0,9.0,107.0,77.64876632801162,40811.05950653121,76.4404255319148,65.0
2021100,36005021100,Bronx,Highbridge,211,32.1,46.5,Produce,2442,691.0,19.0,132.0,54.054054054054056,30218.415233415235,79.03267973856191,32.7
4058000,36081058000,Queens,Queens Village,580,60.4,46.4,Protect,1004,363.0,10.0,34.0,33.86454183266932,39508.50597609562,83.43786295005793,61.6
1011201,36061011201,Manhattan,Midtown-Times Square,112.01,46.1,46.4,Monitor,1329,476.0,13.0,9.0,6.772009029345372,561495.8472535741,83.26666666666688,37.7
4063800,36081063800,Queens,Rosedale,638,54.5,46.4,Protect,985,403.0,11.0,22.0,22.335025380710658,40211.72588832487,85.6818713450291,52.1
4063302,36081063302,Queens,Glendale,633.02,41.6,46.3,Monitor,640,526.0,15.0,8.0,12.5,35225.71875,103.16230366492164,47.4
3064600,36047064600,Brooklyn,Marine Park-Mill Basin-Bergen Beach,646,44.8,46.3,Monitor,673,489.0,14.0,6.0,8.915304606240714,40630.475482912334,98.66793168880486,47.0
4041100,36081041100,Queens,Corona,411,42.5,46.2,Monitor,890,515.0,14.0,12.0,13.483146067415731,37108.68988764045,93.04040404040393,37.1
4045800,36081045800,Queens,Jamaica Estates-Holliswood,458,79.1,46.2,Protect,705,276.0,8.0,22.0,31.20567375886525,51338.29219858156,84.74712643678163,78.8
4011400,36081011400,Queens,Ozone Park (North),114,79.2,46.1,Protect,381,275.0,8.0,14.0,36.74540682414698,38552.913385826774,98.44444444444434,80.4
5002700,36085002700,Staten Island,Tompkinsville-Stapleton-Clifton-Fox Hills,27,77.0,46.1,Protect,487,283.0,8.0,26.0,53.38809034907597,37269.67145790554,93.12217194570167,61.0
2041100,36005041100,Bronx,Bedford Park,411,51.5,46.0,Preserve,2069,422.0,12.0,163.0,78.78202029966168,36769.29917834703,74.19117647058829,50.6
2030701,36005030701,Bronx,Riverdale-Spuyten Duyvil,307.01,40.6,46.0,Produce,3038,535.0,15.0,40.0,13.166556945358789,56798.3982883476,72.00793650793685,36.1
4073100,36081073100,Queens,Forest Hills,731,49.0,46.0,Monitor,597,444.0,12.0,3.0,5.025125628140704,77978.59296482411,99.62212943632562,75.5
3047700,36047047700,Brooklyn,East Williamsburg,477,36.5,45.9,Produce,2138,595.0,16.0,13.0,6.080449017773621,108193.19317118803,78.7835990888384,44.5
2022403,36005022403,Bronx,Pelham Parkway-Van Nest,224.03,24.2,45.9,Monitor,1333,898.0,25.0,103.0,77.26931732933232,26101.012753188297,96.29411764705878,24.3
4019200,36081019200,Queens,Baisley Park,192,54.7,45.8,Protect,674,397.0,11.0,25.0,37.0919881305638,34118.14540059347,93.3918918918921,54.6
2005100,36005005100,Bronx,Mott Haven-Port Morris,51,52.3,45.8,Preserve,4292,415.0,11.0,171.0,39.841565703634664,57511.85438024231,62.03125,52.4
2022404,36005022404,Bronx,Pelham Parkway-Van Nest,224.04,29.7,45.7,Produce,1962,729.0,20.0,137.0,69.82670744138635,28376.146788990827,83.90000000000009,29.6
3079202,36047079202,Brooklyn,East Flatbush-Erasmus,792.02,20.2,45.7,Monitor,1310,1072.0,29.0,0.0,0.0,67606.62595419848,102.97008547008568,22.2
3030000,36047030000,Brooklyn,Gravesend (West),300,56.1,45.6,Protect,1352,385.0,11.0,24.0,17.75147928994083,53635.86908284024,79.1533477321816,46.7
4052400,36081052400,Queens,St. Albans,524,65.0,45.6,Protect,546,329.0,9.0,15.0,27.47252747252747,38058.131868131866,93.93349168646091,76.7
2001902,36005001902,Bronx,Mott Haven-Port Morris,19.02,20.1,45.5,Monitor,1229,1054.0,29.0,0.0,0.0,62001.38323840521,105.5982905982903,22.1
4080900,36081080900,Queens,Kew Gardens Hills,809,25.9,45.5,Produce,2817,826.0,23.0,22.0,7.809726659566915,38590.026979055736,79.47579298831397,20.8
2022102,36005022102,Bronx,Mount Eden-Claremont (West),221.02,16.7,45.5,Produce,1916,1264.0,35.0,180.0,93.94572025052192,24969.316283924843,95.80952380952408,17.0
3041402,36047041402,Brooklyn,Gravesend (East)-Homecrest,414.02,77.8,45.4,Protect,732,270.0,7.0,14.0,19.12568306010929,113212.04918032787,83.8112244897959,67.6
4077902,36081077902,Queens,Kew Gardens Hills,779.02,34.9,45.4,Produce,1783,604.0,16.0,11.0,6.16937745372967,56724.534492428495,82.0493506493508,31.2
3084000,36047084000,Brooklyn,East Flatbush-Farragut,840,48.8,45.3,Monitor,682,430.0,12.0,14.0,20.527859237536656,35615.58651026393,94.91000000000008,52.0
3062000,36047062000,Brooklyn,Sheepshead Bay-Manhattan Beach-Gerritsen Beach,620,73.5,45.3,Protect,703,285.0,8.0,11.0,15.647226173541963,98552.60170697013,85.45106382978724,76.2
4011600,36081011600,Queens,Ozone Park (North),116,47.9,45.2,Monitor,593,436.0,12.0,19.0,32.04047217537943,32297.200674536256,99.19875776397521,39.9
1021000,36061021000,Manhattan,East Harlem (North),210,37.1,45.2,Produce,3315,565.0,15.0,154.0,46.45550527903469,34953.1221719457,71.5,39.1
4051700,36081051700,Queens,Maspeth,517,49.3,45.1,Monitor,845,422.0,11.0,9.0,10.650887573964496,47450.831952662724,89.94736842105272,60.0
3017000,36047017000,Brooklyn,Bath Beach,170,33.0,45.1,Monitor,1239,631.0,17.0,7.0,5.649717514124294,44018.82808716707,90.24632352941194,39.2
3028501,36047028501,Brooklyn,Bedford-Stuyvesant (East),285.01,92.8,45.1,Protect,384,224.0,6.0,12.0,31.25,73435.0390625,93.21621621621648,90.2
3041900,36047041900,Brooklyn,Bushwick (East),419,63.5,45.0,Preserve,1482,327.0,9.0,36.0,24.291497975708502,63437.43454790823,75.28888888888878,57.2
3042500,36047042500,Brooklyn,Bushwick (West),425,61.4,45.0,Preserve,1468,339.0,9.0,31.0,21.11716621253406,68080.11920980926,76.04368932038847,43.6
3044901,36047044901,Brooklyn,East Williamsburg,449.01,18.2,44.9,Produce,1442,1139.0,31.0,0.0,0.0,55576.56033287101,101.56153846153848,19.7
4063500,36081063500,Queens,Glendale,635,26.1,44.9,Monitor,1057,795.0,21.0,6.0,5.676442762535478,35267.96594134343,99.95298372513571,34.1
4017800,36081017800,Queens,South Ozone Park,178,65.3,44.8,Protect,573,317.0,9.0,21.0,36.64921465968586,36572.61780104712,92.16543209876568,61.9
1002500,36061002500,Manhattan,Chinatown-Two Bridges,25,46.8,44.8,Produce,1934,443.0,12.0,36.0,18.61427094105481,46465.175801447775,76.0,53.5
4051800,36081051800,Queens,St. Albans,518,67.1,44.7,Protect,585,308.0,8.0,33.0,56.41025641025641,35559.794871794875,90.90103092783511,66.2
3044200,36047044200,Brooklyn,Mapleton-Midwood (West),442,51.9,44.7,Protect,938,392.0,11.0,8.0,8.528784648187633,84384.72068230277,86.13043478260875,66.5
3035301,36047035301,Brooklyn,Crown Heights (North),353.01,21.0,44.6,Monitor,1050,967.0,26.0,0.0,0.0,60877.8,111.76744186046517,22.9
3003700,36047003700,Brooklyn,Downtown Brooklyn-DUMBO-Boerum Hill,37,35.9,44.6,Produce,4528,564.0,15.0,46.0,10.159010600706713,148023.7038427562,66.04878048780483,20.5
3012000,36047012000,Brooklyn,Dyker Heights,120,81.6,44.6,Protect,330,249.0,7.0,4.0,12.121212121212121,117706.0,100.05319148936155,82.9
4018200,36081018200,Queens,Baisley Park,182,59.6,44.5,Protect,721,338.0,9.0,33.0,45.769764216366156,35444.563106796115,88.45735027223236,61.1
4035700,36081035700,Queens,East Elmhurst,357,52.7,44.5,Protect,1270,382.0,10.0,33.0,25.984251968503937,40878.07086614173,79.8591022443893,56.0
4003900,36081003900,Queens,Queensbridge-Ravenswood-Dutch Kills,39,82.5,44.4,Protect,460,243.0,6.0,9.0,19.565217391304348,71379.13043478261,90.95348837209326,58.9
4040200,36081040200,Queens,St. Albans,402,78.7,44.4,Protect,439,255.0,7.0,19.0,43.28018223234624,39263.02961275626,93.07713498622593,81.3
3063800,36047063800,Brooklyn,Madison,638,57.2,44.3,Protect,635,350.0,9.0,11.0,17.322834645669293,40947.637795275594,92.03439153439149,59.6
4028000,36081028000,Queens,Baisley Park,280,70.7,44.3,Protect,519,284.0,8.0,41.0,78.9980732177264,35168.78612716763,91.80054644808752,69.1
3036400,36047036400,Brooklyn,Brighton Beach,364,53.8,44.2,Protect,1257,371.0,10.0,20.0,15.910898965791567,53469.561654733494,79.65116279069753,52.1
4008100,36081008100,Queens,Old Astoria-Hallets Point,81,56.2,44.2,Preserve,1778,354.0,9.0,37.0,20.80989876265467,65694.70584926884,73.9230769230769,45.0
3079201,36047079201,Brooklyn,Flatbush,792.01,18.7,44.2,Monitor,1260,1067.0,28.0,0.0,0.0,54610.880952380954,104.72784810126609,20.3
4023000,36081023000,Queens,Jamaica Hills-Briarwood,230,60.5,44.1,Protect,504,329.0,9.0,7.0,13.888888888888888,44126.78571428572,95.55487804878044,47.5
3028000,36047028000,Brooklyn,Bath Beach,280,46.4,44.1,Monitor,683,429.0,11.0,5.0,7.320644216691069,51962.345534407024,94.78059071729967,36.6
4078800,36081078800,Queens,Baisley Park,788,67.2,44.0,Protect,568,295.0,8.0,22.0,38.73239436619718,37065.369718309856,90.74407582938397,67.7
4146300,36081146300,Queens,Auburndale,1463,59.2,44.0,Protect,1022,334.0,9.0,20.0,19.569471624266143,49007.641878669274,81.24310776942366,65.3
2042100,36005042100,Bronx,Norwood,421,12.2,43.9,Produce,2476,1621.0,43.0,122.0,49.273021001615504,24034.034733441033,95.64150943396248,12.3
4011200,36081011200,Queens,Ozone Park (North),112,54.4,43.9,Protect,738,363.0,10.0,30.0,40.65040650406504,34465.813008130084,89.6422535211268,53.1
4026600,36081026600,Queens,South Jamaica,266,73.7,43.8,Protect,779,267.0,7.0,46.0,59.050064184852374,40411.03979460847,82.41868512110727,57.8
4070300,36081070300,Queens,Rego Park,703,49.5,43.8,Monitor,1018,398.0,10.0,13.0,12.770137524557956,47524.44400785855,84.74509803921569,41.5
4045500,36081045500,Queens,Corona,455,41.4,43.8,Produce,4618,476.0,13.0,709.0,153.529666522304,37133.57514075357,62.700000000000045,41.7
3074600,36047074600,Brooklyn,Flatlands,746,54.8,43.7,Protect,650,358.0,9.0,10.0,15.384615384615385,41562.04615384615,92.00810810810799,60.5
2039000,36005039000,Bronx,Williamsbridge-Olinville,390,56.1,43.7,Protect,1249,349.0,9.0,98.0,78.46277021617294,36142.95996797438,78.8929440389295,55.3
4008800,36081008800,Queens,Ozone Park,88,43.9,43.6,Monitor,1246,445.0,12.0,26.0,20.866773675762442,37451.322632423755,83.21951219512198,48.0
3033600,36047033600,Brooklyn,Coney Island-Sea Gate,336,32.5,43.6,Produce,1967,601.0,16.0,50.0,25.41942043721403,33238.55719369598,80.14721919302087,34.8
3058800,36047058800,Brooklyn,Gravesend (East)-Homecrest,588,37.6,43.5,Produce,1539,519.0,14.0,18.0,11.695906432748536,40817.742690058476,82.02399999999989,47.6
4083800,36081083800,Queens,South Ozone Park,838,38.7,43.5,Produce,1553,504.0,13.0,26.0,16.74179008370895,37691.860914359306,81.15287244401156,37.1
3019200,36047019200,Brooklyn,Borough Park,192,52.5,43.4,Protect,801,371.0,10.0,8.0,9.987515605493133,55951.94881398252,88.25657894736833,67.1
2032300,36005032300,Bronx,Riverdale-Spuyten Duyvil,323,33.7,43.4,Produce,2873,579.0,15.0,37.0,12.878524190741386,42443.46327880264,74.05202312138726,35.5
2016400,36005016400,Bronx,Throgs Neck-Schuylerville,164,64.7,43.3,Protect,442,300.0,8.0,12.0,27.149321266968325,37089.76018099547,96.57854406130286,58.7
2042300,36005042300,Bronx,Norwood,423,15.9,43.3,Produce,1451,1212.0,31.0,138.0,95.10682288077189,23134.383184011025,103.91346153846166,16.3
3023500,36047023500,Brooklyn,Bedford-Stuyvesant (West),235,55.4,43.3,Preserve,1797,350.0,9.0,31.0,17.25097384529772,103638.08736783528,73.592885375494,59.7
3073200,36047073200,Brooklyn,Flatlands,732,51.1,43.2,Protect,655,375.0,10.0,21.0,32.06106870229008,34180.35114503817,92.9515738498792,45.5
3014901,36047014901,Brooklyn,Park Slope,149.01,26.2,43.2,Monitor,747,732.0,19.0,0.0,0.0,129638.07362784471,124.5728155339807,28.3
3017200,36047017200,Brooklyn,Bath Beach,172,38.8,43.1,Monitor,1148,493.0,13.0,10.0,8.710801393728223,43434.379790940766,86.71401869158876,37.4
3047000,36047047000,Brooklyn,Borough Park,470,55.8,43.1,Protect,910,343.0,9.0,10.0,10.989010989010989,79613.98351648351,84.08823529411757,38.6
4036600,36081036600,Queens,St. Albans,366,55.4,43.0,Protect,997,343.0,9.0,38.0,38.114343029087266,37178.846539618855,82.51380368098171,55.7
5015100,36085015100,Staten Island,Westerleigh-Castleton Corners,151,34.4,43.0,Produce,2111,552.0,14.0,24.0,11.369019422074846,41726.33349123638,78.11971830985931,32.5
4042400,36081042400,Queens,St. Albans,424,58.8,42.9,Protect,760,322.0,8.0,16.0,21.052631578947366,42421.81578947369,86.34477611940315,54.9
4051100,36081051100,Queens,Maspeth,511,50.4,42.9,Protect,855,376.0,10.0,13.0,15.2046783625731,42261.43859649123,87.20238095238074,49.9
3058901,36047058901,Brooklyn,Greenpoint,589.01,23.7,42.9,Monitor,872,796.0,20.0,0.0,0.0,87969.35206422018,110.53754940711474,26.1
3014101,36047014101,Brooklyn,Park Slope,141.01,25.0,42.8,Monitor,819,752.0,19.0,0.0,0.0,127629.1221001221,111.19587628865997,27.4
4001901,36081001901,Queens,Long Island City-Hunters Point,19.01,15.3,42.8,Produce,2924,1233.0,32.0,0.0,0.0,102854.90287277702,86.29032258064512,16.9
4050600,36081050600,Queens,Hollis,506,72.1,42.7,Protect,439,260.0,7.0,11.0,25.056947608200456,41485.55808656036,93.5196629213483,62.1
4125700,36081125700,Queens,Pomonok-Electchester-Hillcrest,1257,50.9,42.7,Protect,1125,368.0,9.0,17.0,15.111111111111112,48487.736,81.25147347740676,41.4
4055600,36081055600,Queens,Queens Village,556,49.1,42.6,Monitor,631,381.0,10.0,7.0,11.093502377179082,42584.120443740096,93.94086021505359,48.2
2018102,36005018102,Bronx,Concourse-Concourse Village,181.02,13.4,42.6,Produce,2075,1394.0,36.0,155.0,74.6987951807229,22177.518072289156,96.13513513513522,13.5
3020400,36047020400,Brooklyn,Dyker Heights,204,35.0,42.5,Monitor,706,532.0,14.0,1.0,1.41643059490085,56707.05382436261,100.03463203463207,41.3
2024400,36005024400,Bronx,Morris Park,244,58.2,42.5,Protect,861,320.0,8.0,24.0,27.874564459930312,40137.70034843205,83.90858725761768,52.7
3049100,36047049100,Brooklyn,East Williamsburg,491,44.7,42.4,Produce,3282,416.0,11.0,57.0,17.36745886654479,76703.76569165144,66.34848484848476,42.9
4129103,36081129103,Queens,Oakland Gardens-Hollis Hills,1291.03,33.4,42.4,Produce,2138,555.0,14.0,18.0,8.41908325537886,47205.39289055192,77.98148148148152,39.6
4030903,36081030903,Queens,Jackson Heights,309.03,36.4,42.4,Produce,1898,511.0,13.0,25.0,13.171759747102213,40840.96944151739,78.40061791967037,37.2
4070700,36081070700,Queens,Forest Hills,707,34.3,42.3,Monitor,998,540.0,14.0,3.0,3.006012024048096,59870.86172344689,91.62693498451995,40.6
4046300,36081046300,Queens,Elmhurst,463,53.1,42.3,Protect,1119,348.0,9.0,27.0,24.128686327077748,41625.09115281501,80.44891640866877,44.8
4141700,36081141700,Queens,Auburndale,1417,51.4,42.2,Preserve,1418,360.0,9.0,21.0,14.809590973201692,60206.74118476728,77.67170445004194,49.0
4035200,36081035200,Queens,St. Albans,352,65.2,42.2,Protect,756,283.0,7.0,38.0,50.26455026455026,37782.02380952381,83.9865319865321,66.9
4026400,36081026400,Queens,South Jamaica,264,71.1,42.1,Protect,837,258.0,7.0,46.0,54.95818399044205,40980.82437275986,80.25977011494251,69.3
2016100,36005016100,Bronx,Crotona Park East,161,29.1,42.1,Produce,2629,632.0,16.0,177.0,67.32597945987068,29630.152529478888,76.93548387096803,30.0
4004300,36081004300,Queens,Queensbridge-Ravenswood-Dutch Kills,43,33.3,42.0,Monitor,1061,548.0,14.0,23.0,21.677662582469367,31785.83411875589,90.625,42.3
4012500,36081012500,Queens,Astoria (North)-Ditmars-Steinway,125,44.1,42.0,Monitor,766,416.0,10.0,4.0,5.221932114882507,80755.6135770235,91.70000000000005,48.3
3021600,36047021600,Brooklyn,Borough Park,216,45.2,42.0,Monitor,1065,406.0,10.0,8.0,7.511737089201878,80386.16431924883,84.27407407407395,63.8
3120200,36047120200,Brooklyn,East New York-City Line,1202,57.3,41.9,Protect,437,318.0,8.0,18.0,41.18993135011441,33159.40503432494,98.73148148148152,58.5
2044400,36005044400,Bronx,Wakefield-Woodlawn,444,31.9,41.9,Monitor,1287,571.0,14.0,64.0,49.728049728049726,28840.53613053613,87.2965116279072,33.3
3006902,36047006902,Brooklyn,Carroll Gardens-Cobble Hill-Gowanus-Red Hook,69.02,24.3,41.8,Monitor,918,750.0,19.0,0.0,0.0,167996.56753812637,102.9406779661017,26.7
4006501,36081006501,Queens,Astoria (Central),65.01,15.6,41.8,Produce,2024,1167.0,29.0,0.0,0.0,58237.44713438735,93.00392156862767,17.0
3057200,36047057200,Brooklyn,Sheepshead Bay-Manhattan Beach-Gerritsen Beach,572,36.0,41.7,Produce,2204,504.0,13.0,49.0,22.23230490018149,36846.30217785844,76.0,40.1
4079200,36081079200,Queens,Baisley Park,792,50.8,41.7,Protect,1400,358.0,9.0,39.0,27.857142857142858,40964.7,77.73980582524291,56.9
4053601,36081053601,Queens,Queens Village,536.01,61.3,41.6,Protect,464,296.0,7.0,8.0,17.241379310344826,41183.599137931036,95.07969151670954,68.4
3033701,36047033701,Brooklyn,Crown Heights (North),337.01,21.3,41.6,Monitor,905,850.0,21.0,0.0,0.0,61175.769060773484,113.82722513088993,23.2
4069702,36081069702,Queens,Rego Park,697.02,33.8,41.5,Produce,1502,535.0,13.0,10.0,6.657789613848202,49132.924101198405,83.19216182048035,37.6
4071701,36081071701,Queens,Rego Park,717.01,43.1,41.5,Produce,3124,417.0,10.0,57.0,18.24583866837388,57978.640845070426,67.07317073170725,38.2
2016500,36005016500,Bronx,Claremont Village-Claremont (East),165,46.7,41.5,Monitor,425,384.0,10.0,28.0,65.88235294117648,29090.258823529413,109.5769230769231,45.1
3087600,36047087600,Brooklyn,Prospect Lefferts Gardens-Wingate,876,79.1,41.4,Protect,814,226.0,6.0,45.0,55.28255528255528,48602.50614250614,78.7468879668047,75.4
4055400,36081055400,Queens,Queens Village,554,59.8,41.4,Protect,723,298.0,7.0,16.0,22.130013831258644,42606.47302904564,85.8645418326696,55.7
2037300,36005037300,Bronx,Tremont,373,38.7,41.3,Produce,2506,461.0,11.0,216.0,86.19313647246608,33598.57541899441,72.72727272727275,38.1
4060100,36081060100,Queens,Maspeth,601,43.5,41.3,Monitor,844,409.0,10.0,13.0,15.402843601895734,37481.45616113744,89.3722627737227,45.7
5014700,36085014700,Staten Island,Westerleigh-Castleton Corners,147,34.6,41.2,Produce,1532,512.0,13.0,15.0,9.7911227154047,41137.61292428199,81.76795005202916,33.9
4091900,36081091900,Queens,College Point,919,35.3,41.2,Produce,1767,504.0,12.0,25.0,14.148273910582908,38915.35653650255,79.18838862559232,30.8
3064800,36047064800,Brooklyn,Marine Park-Mill Basin-Bergen Beach,648,38.3,41.1,Monitor,628,460.0,11.0,4.0,6.369426751592357,42167.770700636946,98.95823665893272,51.3
2042200,36005042200,Bronx,Wakefield-Woodlawn,422,44.0,41.1,Monitor,1132,399.0,10.0,76.0,67.13780918727916,32373.763250883392,83.06646525679753,44.9
3041000,36047041000,Brooklyn,Gravesend (West),410,39.2,41.1,Monitor,712,448.0,11.0,3.0,4.213483146067416,57524.36797752809,94.87147335423197,38.0
4007300,36081007300,Queens,Astoria (Central),73,42.8,41.0,Produce,2650,409.0,10.0,41.0,15.471698113207546,59632.29735849056,69.83068783068802,40.3
4083700,36081083700,Queens,Queensboro Hill,837,39.8,41.0,Produce,1800,438.0,11.0,21.0,11.666666666666668,49280.13333333333,77.09595559080071,39.1
3020200,36047020200,Brooklyn,Dyker Heights,202,34.8,40.9,Monitor,735,498.0,12.0,2.0,2.7210884353741496,53376.857142857145,96.50109890109911,46.5
4041300,36081041300,Queens,Corona,413,58.1,40.9,Protect,1150,298.0,7.0,25.0,21.73913043478261,52018.29652173913,77.90625,60.9
4048200,36081048200,Queens,Hollis,482,85.6,40.8,Protect,417,201.0,5.0,17.0,40.7673860911271,46525.90167865707,89.1568627450979,88.2
2029500,36005029500,Bronx,Riverdale-Spuyten Duyvil,295,47.3,40.8,Produce,2338,366.0,9.0,65.0,27.80153977758768,46189.46364414029,70.06508875739632,46.6
4019600,36081019600,Queens,South Jamaica,196,41.1,40.7,Monitor,853,414.0,10.0,47.0,55.09964830011723,30560.644783118405,89.39407744874711,43.3
4052800,36081052800,Queens,St. Albans,528,68.3,40.7,Protect,510,250.0,6.0,26.0,50.98039215686274,36485.35294117647,89.6114457831327,62.5
3050001,36047050001,Brooklyn,Windsor Terrace-South Slope,500.01,20.5,40.6,Monitor,936,828.0,20.0,0.0,0.0,61830.653846153844,107.6026785714289,22.6
4050201,36081050201,Queens,Hollis,502.01,73.2,40.6,Protect,415,232.0,6.0,31.0,74.6987951807229,35621.132530120485,92.32384341637044,75.4
4052500,36081052500,Queens,Maspeth,525,37.3,40.6,Monitor,802,456.0,11.0,10.0,12.468827930174564,35766.50872817955,92.79772727272712,31.1
4024300,36081024300,Queens,Woodside,243,38.5,40.5,Produce,1900,437.0,11.0,35.0,18.421052631578945,39665.51052631579,76.01879327398638,42.4
1020101,36061020101,Manhattan,Morningside Heights,201.01,42.0,40.5,Monitor,512,404.0,10.0,1.0,1.953125,102841.69921875,101.53846153846166,51.5
3067200,36047067200,Brooklyn,Flatlands,672,64.6,40.4,Protect,414,260.0,6.0,18.0,43.47826086956522,34965.217391304344,94.84249084249086,64.0
4063000,36081063000,Queens,Laurelton,630,68.2,40.4,Protect,504,246.0,6.0,12.0,23.809523809523807,43112.44047619047,89.44957983193285,75.5
2037400,36005037400,Bronx,Williamsbridge-Olinville,374,36.2,40.3,Produce,1670,461.0,11.0,139.0,83.23353293413174,30934.688622754493,78.69565217391323,35.8
4040000,36081040000,Queens,St. Albans,400,85.9,40.3,Protect,430,195.0,5.0,31.0,72.09302325581396,42455.51162790698,87.7589285714289,86.0
2043000,36005043000,Bronx,Wakefield-Woodlawn,430,32.0,40.2,Monitor,1012,517.0,12.0,25.0,24.703557312252965,30505.1976284585,90.3214285714289,35.9
3051500,36047051500,Brooklyn,Williamsburg,515,39.3,40.2,Produce,1407,423.0,10.0,9.0,6.3965884861407245,131748.9317697228,79.8376068376067,33.6
4118900,36081118900,Queens,East Flushing,1189,61.0,40.2,Protect,732,274.0,7.0,14.0,19.12568306010929,48167.53961748634,83.96614583333371,52.2
4143500,36081143500,Queens,Bayside,1435,54.9,40.1,Protect,765,301.0,7.0,9.0,11.76470588235294,59227.8431372549,84.8301282051284,39.3
2045800,36005045800,Bronx,Eastchester-Edenwald-Baychester,458,33.8,40.1,Produce,2255,487.0,12.0,64.0,28.38137472283814,34648.40354767184,75.0,38.8
4025900,36081025900,Queens,Woodside,259,44.3,40.0,Monitor,1163,369.0,9.0,16.0,13.757523645743767,44311.26397248495,80.8832684824904,24.1
4019400,36081019400,Queens,South Jamaica,194,43.6,40.0,Monitor,863,373.0,9.0,24.0,27.80996523754345,34454.35689455388,86.89968152866231,51.4
2028600,36005028600,Bronx,Morris Park,286,57.2,39.9,Protect,518,283.0,7.0,13.0,25.096525096525095,37368.70656370656,91.76717557251914,57.7
3056400,36047056400,Brooklyn,Madison,564,28.8,39.9,Monitor,1034,561.0,13.0,3.0,2.9013539651837523,45339.69052224371,91.6543209876545,29.5
3085400,36047085400,Brooklyn,East Flatbush-Farragut,854,32.1,39.8,Monitor,764,502.0,12.0,27.0,35.340314136125656,28574.41492146597,95.73015873015879,33.2
2022800,36005022800,Bronx,Pelham Parkway-Van Nest,228,25.1,39.8,Produce,2567,642.0,15.0,150.0,58.4339696143358,28788.62874951305,77.41279069767438,24.7
5020100,36085020100,Staten Island,Westerleigh-Castleton Corners,201,30.1,39.7,Monitor,1302,530.0,13.0,15.0,11.520737327188941,34997.768049155144,85.48099891422362,34.3
4052000,36081052000,Queens,St. Albans,520,68.3,39.7,Protect,425,235.0,6.0,12.0,28.23529411764706,39482.470588235294,92.12972972972966,78.3
3030200,36047030200,Brooklyn,Gravesend (West),302,29.9,39.7,Produce,1531,537.0,13.0,9.0,5.878510777269758,44737.36316133246,82.9779286926996,27.8
3017600,36047017600,Brooklyn,Bath Beach,176,47.2,39.6,Monitor,914,337.0,8.0,20.0,21.88183807439825,38441.69474835886,83.79999999999995,55.4
4014500,36081014500,Queens,Astoria (East)-Woodside (North),145,40.1,39.6,Monitor,1039,397.0,9.0,9.0,8.662175168431183,47518.58517805582,84.3527851458889,40.4
3047600,36047047600,Brooklyn,Borough Park,476,34.9,39.5,Monitor,1177,454.0,11.0,5.0,4.248088360237893,74407.63721325404,84.53243847874728,41.5
2019400,36005019400,Bronx,Throgs Neck-Schuylerville,194,62.1,39.5,Protect,700,255.0,6.0,27.0,38.57142857142857,38641.71428571428,83.58917197452229,60.6
4018000,36081018000,Queens,South Ozone Park,180,78.4,39.4,Protect,352,201.0,5.0,27.0,76.70454545454545,36696.98863636364,92.85964912280724,79.6
4025800,36081025800,Queens,South Jamaica,258,65.9,39.4,Protect,555,239.0,6.0,33.0,59.45945945945946,36259.2972972973,86.744680851064,65.7
4099100,36081099100,Queens,Whitestone-Beechhurst,991,24.6,39.3,Produce,3021,634.0,15.0,12.0,3.972194637537239,62668.21416749421,74.70254237288168,27.6
2034300,36005034300,Bronx,Riverdale-Spuyten Duyvil,343,76.6,39.3,Protect,633,203.0,5.0,39.0,61.611374407582936,42341.090047393365,81.03076923076924,77.2
2024700,36005024700,Bronx,University Heights (South)-Morris Heights,247,44.2,39.3,Monitor,749,353.0,8.0,67.0,89.45260347129506,30479.799732977302,88.56521739130449,45.1
4046700,36081046700,Queens,Elmhurst,467,41.5,39.2,Produce,2041,374.0,9.0,80.0,39.19647231749143,36602.13277804998,72.7269736842104,39.0
4074100,36081074100,Queens,Forest Hills,741,24.5,39.2,Produce,1622,634.0,15.0,4.0,2.466091245376079,47789.08631319359,84.71969696969677,30.7
4070900,36081070900,Queens,Forest Hills,709,32.9,39.1,Monitor,1093,472.0,11.0,4.0,3.6596523330283626,59189.560841720035,86.866779089376,42.0
2028500,36005028500,Bronx,Kingsbridge-Marble Hill,285,34.5,39.1,Produce,1853,449.0,11.0,62.0,33.459255261737724,33632.15596330275,76.98148148148152,36.4
2033500,36005033500,Bronx,Riverdale-Spuyten Duyvil,335,37.1,39.0,Monitor,942,415.0,10.0,4.0,4.246284501061571,79371.72929936305,87.22000000000003,40.6
4101700,36081101700,Queens,Bay Terrace-Clearview,1017,29.8,39.0,Produce,2502,516.0,12.0,19.0,7.593924860111911,49095.69544364508,74.42656765676566,35.7
4035800,36081035800,Queens,Laurelton,358,44.3,38.9,Monitor,1321,347.0,8.0,63.0,47.69114307342922,34736.88872066616,78.16743119266084,44.5
3005201,36047005201,Brooklyn,Bay Ridge,52.01,16.4,38.9,Monitor,1166,936.0,22.0,0.0,0.0,49828.4819897084,102.18978102189794,18.0
3079002,36047079002,Brooklyn,East Flatbush-Erasmus,790.02,11.6,38.8,Produce,1470,1315.0,31.0,0.0,0.0,38165.06054421769,108.79207920792078,12.5
3029200,36047029200,Brooklyn,Bath Beach,292,56.6,38.8,Protect,1087,271.0,6.0,35.0,32.19871205151794,42372.71573137074,77.40555555555557,54.4
3067600,36047067600,Brooklyn,Flatlands,676,61.7,38.8,Protect,521,248.0,6.0,18.0,34.5489443378119,37236.73704414587,88.81917808219191,68.3
3004600,36047004600,Brooklyn,Bay Ridge,46,42.7,38.7,Monitor,445,356.0,8.0,1.0,2.247191011235955,100983.30337078651,102.02180685358235,54.1
2036400,36005036400,Bronx,Eastchester-Edenwald-Baychester,364,39.1,38.7,Monitor,820,390.0,9.0,43.0,52.4390243902439,30237.036585365855,88.74200426439234,41.7
4050202,36081050202,Queens,Hollis,502.02,72.0,38.6,Protect,408,211.0,5.0,16.0,39.21568627450981,38265.73529411765,90.62866449511398,68.9
4018600,36081018600,Queens,Baisley Park,186,60.3,38.6,Protect,510,252.0,6.0,27.0,52.94117647058823,34826.35294117647,89.72020725388597,64.2
4051500,36081051500,Queens,Maspeth,515,28.1,38.5,Monitor,1345,537.0,12.0,11.0,8.178438661710038,36754.19628252788,85.00395256917,31.5
4066701,36081066701,Queens,Maspeth,667.01,37.5,38.5,Monitor,1114,404.0,9.0,13.0,11.669658886894075,40124.94614003591,83.5107816711593,43.6
2040302,36005040302,Bronx,Bedford Park,403.02,14.3,38.4,Produce,1484,1050.0,24.0,131.0,88.27493261455525,23551.071428571428,97.86666666666679,14.4
4051600,36081051600,Queens,Queens Village,516,42.2,38.4,Monitor,582,356.0,8.0,10.0,17.182130584192443,34909.58762886598,94.29861111111131,46.0
3033702,36047033702,Brooklyn,Crown Heights (South),337.02,24.1,38.4,Monitor,647,622.0,14.0,0.0,0.0,80700.19629057187,119.01020408163276,26.5
4121500,36081121500,Queens,Queensboro Hill,1215,40.5,38.3,Monitor,1402,370.0,9.0,19.0,13.552068473609129,44146.66904422254,78.2337962962963,46.2
3058600,36047058600,Brooklyn,Sheepshead Bay-Manhattan Beach-Gerritsen Beach,586,45.4,38.3,Monitor,761,330.0,8.0,8.0,10.512483574244415,46398.94480946124,86.94117647058829,57.0
3065800,36047065800,Brooklyn,Marine Park-Mill Basin-Bergen Beach,658,37.9,38.2,Monitor,742,395.0,9.0,8.0,10.781671159029651,37867.601078167114,91.17924528301887,47.8
3064000,36047064000,Brooklyn,Marine Park-Mill Basin-Bergen Beach,640,42.7,38.2,Monitor,524,351.0,8.0,3.0,5.7251908396946565,51983.12977099237,96.07424593967517,64.9
2033700,36005033700,Bronx,Riverdale-Spuyten Duyvil,337,25.4,38.1,Monitor,1250,587.0,13.0,6.0,4.8,39571.6344,88.50857142857171,28.3
4045700,36081045700,Queens,Elmhurst,457,41.6,38.1,Monitor,1078,359.0,8.0,16.0,14.84230055658627,40472.25695732838,81.69892473118284,32.1
4052200,36081052200,Queens,St. Albans,522,74.7,38.0,Protect,416,198.0,5.0,24.0,57.69230769230769,37792.067307692305,88.79569892473114,72.9
2009301,36005009301,Bronx,Hunts Point,93.01,9.5,38.0,Produce,2654,1566.0,36.0,0.0,0.0,38530.196307460435,93.4275618374561,10.4
3112200,36047112200,Brooklyn,East New York-New Lots,1122,64.9,37.9,Protect,1124,228.0,5.0,109.0,96.97508896797153,40640.52491103203,74.130319148936,64.3
4006502,36081006502,Queens,Astoria (Central),65.02,15.2,37.9,Produce,2002,973.0,22.0,0.0,0.0,69904.76323676323,89.39810426540271,16.8
2025000,36005025000,Bronx,Morris Park,250,31.3,37.9,Monitor,1051,473.0,11.0,16.0,15.223596574690772,33313.15889628925,87.61574074074088,36.1
4071900,36081071900,Queens,Forest Hills,719,58.7,37.8,Protect,1041,251.0,6.0,38.0,36.50336215177714,42287.95485110471,76.94612794612794,53.1
3051100,36047051100,Brooklyn,East Williamsburg,511,51.7,37.8,Preserve,2038,286.0,6.0,43.0,21.099116781157996,84871.24877330716,67.84768211920527,48.5
4124700,36081124700,Queens,Pomonok-Electchester-Hillcrest,1247,42.2,37.7,Monitor,1200,347.0,8.0,11.0,9.166666666666666,59478.55,79.33147113594032,34.7
3047400,36047047400,Brooklyn,Borough Park,474,37.5,37.7,Monitor,910,393.0,9.0,4.0,4.395604395604396,83569.78241758242,86.89583333333371,49.1
4029400,36081029400,Queens,Springfield Gardens (North)-Rochdale Village,294,35.1,37.6,Produce,2525,417.0,9.0,120.0,47.524752475247524,34425.00594059406,71.01105845181678,33.9
4086900,36081086900,Queens,Flushing-Willets Point,869,68.5,37.6,Preserve,1506,213.0,5.0,51.0,33.86454183266932,130732.61155378487,68.03305785123962,70.3
4074700,36081074700,Queens,Forest Hills,747,48.5,37.5,Produce,1409,301.0,7.0,31.0,22.0014194464159,45945.35344215756,74.87375415282395,46.3
2044901,36005044901,Bronx,Wakefield-Woodlawn,449.01,28.7,37.5,Monitor,998,507.0,11.0,11.0,11.022044088176353,33837.715430861725,90.1839464882944,32.1
4028200,36081028200,Queens,Baisley Park,282,66.5,37.5,Protect,528,218.0,5.0,27.0,51.13636363636364,37351.53409090909,85.85897435897436,68.6
3109800,36047109800,Brooklyn,East New York-New Lots,1098,80.6,37.4,Protect,706,179.0,4.0,44.0,62.32294617563739,51496.181303116144,77.67659574468075,77.7
3009202,36047009202,Brooklyn,Sunset Park (East)-Borough Park (West),92.02,17.1,37.4,Monitor,1021,845.0,19.0,0.0,0.0,50977.344760039174,103.3722627737227,18.6
3056800,36047056800,Brooklyn,Madison,568,44.6,37.3,Monitor,514,322.0,7.0,5.0,9.72762645914397,41007.90077821012,94.6864406779664,57.9
4124100,36081124100,Queens,Pomonok-Electchester-Hillcrest,1241,45.7,37.3,Monitor,1319,314.0,7.0,17.0,12.88855193328279,57449.26080363912,76.72383720930247,45.8
4029500,36081029500,Queens,Astoria (East)-Woodside (North),295,27.0,37.2,Produce,1676,529.0,12.0,22.0,13.126491646778042,34335.42959427208,80.75875486381324,30.7
2039500,36005039500,Bronx,Tremont,395,40.0,37.2,Produce,2002,358.0,8.0,177.0,88.41158841158841,34021.67832167832,72.28571428571445,40.2
4077903,36081077903,Queens,Kew Gardens Hills,779.03,37.1,37.1,Monitor,1269,384.0,9.0,18.0,14.184397163120567,39328.81875492514,80.0,42.5
2037504,36005037504,Bronx,Tremont,375.04,49.6,37.1,Produce,1861,285.0,6.0,122.0,65.55615260612574,39349.78613648576,69.68421052631606,49.4
5003300,36085003300,Staten Island,West New Brighton-Silver Lake-Grymes Hill,33,40.7,37.1,Produce,1463,347.0,8.0,51.0,34.859876965140124,35481.88380041011,76.64830508474552,34.4
3014800,36047014800,Brooklyn,Dyker Heights,148,37.0,37.0,Monitor,543,382.0,8.0,1.0,1.8416206261510129,67858.45303867404,97.63580246913602,20.4
4126500,36081126500,Queens,Pomonok-Electchester-Hillcrest,1265,54.1,37.0,Protect,574,261.0,6.0,9.0,15.679442508710801,43449.3031358885,87.90136986301354,57.1
2011800,36005011800,Bronx,Throgs Neck-Schuylerville,118,38.2,36.9,Produce,1685,368.0,8.0,26.0,15.43026706231454,42486.907418397626,75.1484375,44.0
3115000,36047115000,Brooklyn,East New York (North),1150,37.2,36.9,Monitor,976,378.0,8.0,81.0,82.99180327868852,29852.305327868853,84.5786516853932,38.4
4145900,36081145900,Queens,Auburndale,1459,32.7,36.8,Monitor,976,430.0,9.0,4.0,4.0983606557377055,54848.729508196724,87.20297699594039,31.1
5001700,36085001700,Staten Island,Tompkinsville-Stapleton-Clifton-Fox Hills,17,55.2,36.8,Protect,667,255.0,6.0,18.0,26.986506746626688,39298.83058470765,84.29619565217399,56.2
4053401,36081053401,Queens,Cambria Heights,534.01,48.1,36.7,Monitor,610,292.0,6.0,24.0,39.34426229508197,33380.55737704918,88.90928725701951,46.5
4065702,36081065702,Queens,Middle Village,657.02,47.6,36.7,Monitor,788,294.0,6.0,9.0,11.421319796954315,49858.73223350254,83.96024464831794,55.9
4017600,36081017600,Queens,South Ozone Park,176,45.1,36.6,Monitor,635,310.0,7.0,18.0,28.346456692913385,34048.81889763779,89.4243119266057,44.3
4048500,36081048500,Queens,Elmhurst,485,31.1,36.6,Produce,2356,449.0,10.0,17.0,7.215619694397283,60733.68505942275,73.33165829145719,31.4
4071303,36081071303,Queens,Forest Hills,713.03,30.2,36.6,Produce,2778,462.0,10.0,35.0,12.59899208063355,41050.72030237581,71.25925925925912,26.6
4020600,36081020600,Queens,Jamaica,206,50.1,36.5,Protect,559,277.0,6.0,17.0,30.411449016100182,35006.77996422182,89.83650190114076,55.1
5007500,36085007500,Staten Island,West New Brighton-Silver Lake-Grymes Hill,75,19.7,36.5,Produce,1505,704.0,15.0,60.0,39.86710963455149,26834.82657807309,88.455927051672,19.5
2038301,36005038301,Bronx,Fordham Heights,383.01,19.9,36.4,Produce,1600,697.0,15.0,195.0,121.875,26124.05625,87.00934579439286,20.1
2033202,36005033202,Bronx,Allerton,332.02,35.4,36.4,Produce,1908,390.0,9.0,163.0,85.42976939203355,31989.245283018867,74.21951219512198,35.2
4024500,36081024500,Queens,Woodside,245,33.5,36.3,Produce,2219,411.0,9.0,26.0,11.716989634970707,45506.15592609283,72.89308176100644,37.5
4062000,36081062000,Queens,Laurelton,620,69.5,36.3,Protect,477,199.0,4.0,14.0,29.350104821802937,42694.654088050316,85.97430406852231,63.1
4049900,36081049900,Queens,Elmhurst,499,29.4,36.2,Produce,1674,467.0,10.0,16.0,9.557945041816009,39182.58064516129,78.79231692677081,31.7
3035602,36047035602,Brooklyn,Coney Island-Sea Gate,356.02,36.0,36.2,Produce,3002,382.0,8.0,47.0,15.656229180546301,50927.90006662225,66.36363636363649,37.0
2029700,36005029700,Bronx,Riverdale-Spuyten Duyvil,297,37.2,36.2,Produce,2166,370.0,8.0,26.0,12.003693444136657,54144.61680517082,71.53719008264488,36.2
4047100,36081047100,Queens,Elmhurst,471,47.2,36.1,Produce,1427,291.0,6.0,31.0,21.723896285914506,46094.39523475823,74.18210862619799,46.9
3010601,36047010601,Brooklyn,Sunset Park (Central),106.01,21.6,36.1,Monitor,806,633.0,14.0,0.0,0.0,86712.32009925558,101.43346007604555,23.6
2028800,36005028800,Bronx,Morris Park,288,32.4,36.0,Monitor,1201,422.0,9.0,16.0,13.322231473771858,36247.17152373023,82.99526066350722,34.5
4069701,36081069701,Queens,Rego Park,697.01,50.2,36.0,Preserve,2120,272.0,6.0,65.0,30.660377358490567,52808.75,66.37735849056594,45.6
4049700,36081049700,Queens,Maspeth,497,34.8,35.9,Monitor,1042,390.0,8.0,8.0,7.677543186180422,44485.53742802303,83.9782244556111,37.8
2029301,36005029301,Bronx,Riverdale-Spuyten Duyvil,293.01,33.2,35.9,Monitor,1095,411.0,9.0,6.0,5.47945205479452,53115.94063926941,84.0,36.9
4094700,36081094700,Queens,College Point,947,54.0,35.8,Protect,831,251.0,5.0,28.0,33.69434416365824,38895.884476534295,79.99074074074088,49.7
2045101,36005045101,Bronx,Wakefield-Woodlawn,451.01,21.2,35.8,Monitor,912,639.0,14.0,20.0,21.929824561403507,27624.52192982456,97.58064516129048,17.5
3010402,36047010402,Brooklyn,Sunset Park (East)-Borough Park (West),104.02,21.5,35.7,Monitor,824,626.0,13.0,0.0,0.0,101546.50121359223,100.29596412556089,23.5
4016300,36081016300,Queens,Astoria (East)-Woodside (North),163,28.1,35.7,Produce,1705,476.0,10.0,28.0,16.422287390029325,33922.803519061585,78.83561643835606,24.5
3025000,36047025000,Brooklyn,Bensonhurst,250,46.9,35.7,Monitor,524,287.0,6.0,5.0,9.541984732824428,45830.20229007633,91.81385281385269,53.6
3065400,36047065400,Brooklyn,Marine Park-Mill Basin-Bergen Beach,654,33.9,35.6,Monitor,555,393.0,8.0,2.0,3.6036036036036037,46076.0,97.8782961460447,48.8
2039200,36005039200,Bronx,Williamsbridge-Olinville,392,49.6,35.6,Monitor,589,269.0,6.0,98.0,166.383701188455,31703.073005093378,87.98709677419356,49.6
3066000,36047066000,Brooklyn,Marine Park-Mill Basin-Bergen Beach,660,34.1,35.5,Monitor,619,390.0,8.0,3.0,4.846526655896607,44079.575121163165,94.92152917505041,13.6
4032900,36081032900,Queens,East Elmhurst,329,43.7,35.5,Monitor,1030,303.0,6.0,15.0,14.563106796116505,44083.57281553398,79.52482269503571,30.3
4113900,36081113900,Queens,Auburndale,1139,40.2,35.4,Produce,1471,327.0,7.0,21.0,14.276002719238612,45907.116927260366,75.45483870967769,33.1
4077907,36081077907,Queens,Kew Gardens Hills,779.07,50.4,35.4,Protect,1061,261.0,6.0,33.0,31.10273327049953,40155.38171536286,77.28611898016993,52.6
3073000,36047073000,Brooklyn,Flatlands,730,34.0,35.3,Monitor,679,387.0,8.0,9.0,13.254786450662738,34196.907216494845,92.84988962472403,46.4
2020502,36005020502,Bronx,University Heights (South)-Morris Heights,205.02,28.5,35.3,Monitor,945,461.0,10.0,45.0,47.61904761904761,28036.825396825396,89.437908496732,30.9
4059800,36081059800,Queens,Cambria Heights,598,59.4,35.3,Protect,541,221.0,5.0,17.0,31.423290203327173,38564.75046210721,85.58904109589048,50.4
4005200,36081005200,Queens,Ozone Park (North),52,38.9,35.2,Monitor,823,336.0,7.0,22.0,26.731470230862698,33659.96354799514,85.5,42.5
2008900,36005008900,Bronx,Hunts Point,89,30.0,35.2,Produce,1495,436.0,9.0,72.0,48.16053511705685,29789.859531772574,79.42857142857156,30.4
4093401,36081093401,Queens,Breezy Point-Belle Harbor-Rockaway Park-Broad Channel,934.01,20.8,35.1,Produce,1804,626.0,13.0,9.0,4.988913525498891,39235.38248337029,82.69885641677274,16.1
4042700,36081042700,Queens,Corona,427,55.7,35.1,Protect,1274,233.0,5.0,35.0,27.47252747252747,52692.58163265306,72.66357308584679,56.1
5000900,36085000900,Staten Island,St. George-New Brighton,9,35.0,35.0,Monitor,861,369.0,8.0,69.0,80.13937282229965,28932.926829268294,86.68713450292398,34.9
5012100,36085012100,Staten Island,West New Brighton-Silver Lake-Grymes Hill,121,33.6,35.0,Monitor,1212,384.0,8.0,9.0,7.425742574257425,48112.05445544554,80.76937101185035,31.2
3030400,36047030400,Brooklyn,Gravesend (West),304,44.9,34.9,Produce,1624,287.0,6.0,38.0,23.39901477832512,44594.051108374384,72.0670995670996,46.6
2024800,36005024800,Bronx,Morris Park,248,29.6,34.9,Monitor,1231,435.0,9.0,22.0,17.871649065800163,32913.58245329001,83.07713498622593,30.5
2036300,36005036300,Bronx,West Farms,363,47.0,34.8,Produce,3185,274.0,6.0,309.0,97.01726844583987,42604.2863422292,59.564356435643504,46.8
3115200,36047115200,Brooklyn,East New York (North),1152,54.6,34.8,Protect,985,236.0,5.0,90.0,91.37055837563452,36270.745177664976,76.82010582010594,54.2
3042100,36047042100,Brooklyn,Bushwick (West),421,52.8,34.8,Preserve,1613,244.0,5.0,37.0,22.938623682579042,68155.40793552386,69.44591029023763,53.5
2018301,36005018301,Bronx,Concourse-Concourse Village,183.01,18.6,34.7,Produce,2074,690.0,14.0,155.0,74.73481195756992,26624.20443587271,81.68181818181847,17.7
4098700,36081098700,Queens,Whitestone-Beechhurst,987,51.0,34.7,Protect,953,251.0,5.0,13.0,13.641133263378805,64584.363064008394,78.16934306569351,42.8
5012200,36085012200,Staten Island,New Dorp-Midland Beach,122,30.3,34.6,Produce,1573,419.0,9.0,12.0,7.628734901462174,43728.968213604574,78.3175853018372,29.7
2015700,36005015700,Bronx,Crotona Park East,157,42.4,34.6,Produce,2565,300.0,6.0,209.0,81.4814814814815,37395.47953216374,64.96899224806202,43.1
3050402,36047050402,Brooklyn,Kensington,504.02,15.7,34.5,Monitor,888,804.0,17.0,0.0,0.0,44960.2240990991,109.65573770491801,17.4
4046400,36081046400,Queens,Jamaica Estates-Holliswood,464,80.7,34.5,Protect,536,157.0,3.0,19.0,35.44776119402985,62647.39552238806,79.46153846153834,56.5
3010602,36047010602,Brooklyn,Sunset Park (East)-Borough Park (West),106.02,22.8,34.4,Monitor,647,550.0,11.0,0.0,0.0,90956.27666151468,105.04255319148956,25.0
2035800,36005035800,Bronx,Eastchester-Edenwald-Baychester,358,29.6,34.4,Produce,2294,424.0,9.0,128.0,55.79773321708806,31159.06713164778,72.85902401239355,30.3
3056200,36047056200,Brooklyn,Madison,562,36.3,34.4,Monitor,533,347.0,7.0,1.0,1.876172607879925,71236.66041275798,95.50660792951567,20.0
3010401,36047010401,Brooklyn,Sunset Park (Central),104.01,20.9,34.3,Monitor,822,600.0,12.0,0.0,0.0,100044.19221411193,98.8133333333335,22.9
4092200,36081092200,Queens,Breezy Point-Belle Harbor-Rockaway Park-Broad Channel,922,35.7,34.3,Monitor,894,351.0,7.0,4.0,4.47427293064877,78284.6644295302,84.77608142493636,39.8
3034902,36047034902,Brooklyn,Crown Heights (South),349.02,10.9,34.2,Monitor,1383,1144.0,23.0,0.0,0.0,37537.131597975414,103.3466666666668,11.8
4025500,36081025500,Queens,Woodside,255,40.3,34.2,Monitor,544,307.0,6.0,4.0,7.352941176470588,45281.856617647056,92.64499999999998,44.2
4056000,36081056000,Queens,Queens Village,560,44.1,34.1,Monitor,479,281.0,6.0,5.0,10.438413361169102,40579.29018789144,93.30810810810794,56.5
3035302,36047035302,Brooklyn,Crown Heights (South),353.02,14.7,34.1,Monitor,915,840.0,17.0,0.0,0.0,42696.55737704918,111.15760869565202,16.1
3042300,36047042300,Brooklyn,Bushwick (West),423,52.6,34.0,Preserve,1856,235.0,5.0,45.0,24.245689655172413,82861.16810344828,66.17759562841525,48.9
4032000,36081032000,Queens,Springfield Gardens (South)-Brookville,320,48.3,34.0,Monitor,1166,255.0,5.0,61.0,52.315608919382505,36690.051457975984,75.20917678812407,49.2
3092800,36047092800,Brooklyn,East Flatbush-Remsen Village,928,36.8,33.9,Monitor,1017,334.0,7.0,49.0,48.18092428711898,31576.84365781711,81.30205278592393,37.8
3096800,36047096800,Brooklyn,Canarsie,968,55.9,33.9,Protect,428,221.0,4.0,18.0,42.05607476635514,34493.193925233645,90.56198347107443,61.2
4077908,36081077908,Queens,Kew Gardens Hills,779.08,60.9,33.9,Preserve,1520,202.0,4.0,138.0,90.78947368421053,45072.01973684211,67.01351351351354,61.4
2006700,36005006700,Bronx,Melrose,67,27.3,33.8,Produce,2583,448.0,9.0,117.0,45.29616724738676,31151.93379790941,71.74863387978166,24.4
2036000,36005036000,Bronx,Pelham Gardens,360,43.6,33.8,Monitor,923,281.0,6.0,37.0,40.08667388949079,34422.67605633803,80.11417322834632,44.9
4157101,36081157101,Queens,Bellerose,1571.01,19.3,33.7,Produce,2554,634.0,13.0,7.0,2.7407987470634296,48067.64682850431,77.37624861265272,21.9
4134100,36081134100,Queens,Fresh Meadows-Utopia,1341,40.4,33.7,Monitor,1089,303.0,6.0,9.0,8.264462809917356,65826.66666666667,78.7636152954808,35.9
3036100,36047036100,Brooklyn,Ocean Hill,361,39.0,33.6,Monitor,1029,313.0,6.0,104.0,101.0689990281827,31048.278911564626,80.05172413793116,38.6
3041700,36047041700,Brooklyn,Bushwick (East),417,57.0,33.6,Preserve,1495,214.0,4.0,51.0,34.11371237458194,54863.1364548495,68.45049504950475,53.8
3096400,36047096400,Brooklyn,Canarsie,964,44.5,33.5,Monitor,728,274.0,6.0,51.0,70.05494505494505,32153.49313186813,84.03856749311285,44.7
3101000,36047101000,Brooklyn,Canarsie,1010,31.9,33.5,Monitor,719,381.0,8.0,34.0,47.28789986091794,28458.859527121,91.03092783505167,34.2
2015200,36005015200,Bronx,Throgs Neck-Schuylerville,152,39.4,33.5,Monitor,883,309.0,6.0,23.0,26.047565118912797,34651.93657984145,82.87242798353918,40.4
4053200,36081053200,Queens,St. Albans,532,52.9,33.4,Protect,551,229.0,5.0,20.0,36.29764065335753,35646.58802177858,85.96949891067516,56.7
3017400,36047017400,Brooklyn,Bath Beach,174,42.9,33.4,Monitor,745,282.0,6.0,8.0,10.738255033557046,45732.085906040265,84.18090452261322,50.0
4053901,36081053901,Queens,Ridgewood,539.01,13.8,33.3,Produce,1587,876.0,18.0,0.0,0.0,51507.845620667926,92.07255520504714,15.1
1001002,36061001002,Manhattan,Lower East Side,10.02,12.5,33.3,Produce,2427,967.0,19.0,0.0,0.0,55383.745364647715,85.0,13.3
4079701,36081079701,Queens,Flushing-Willets Point,797.01,29.5,33.2,Produce,3033,408.0,8.0,38.0,12.52884932410155,43549.17375535773,67.17073170731715,32.6
4029300,36081029300,Queens,Woodside,293,67.0,33.2,Protect,368,180.0,4.0,7.0,19.021739130434785,46512.26358695652,89.4565217391305,70.2
4085900,36081085900,Queens,Flushing-Willets Point,859,44.0,33.1,Produce,2293,273.0,5.0,51.0,22.241604884430878,55899.62494548626,65.375,45.5
4037300,36081037300,Queens,East Elmhurst,373,43.1,33.1,Monitor,1081,279.0,6.0,12.0,11.100832562442182,56185.70120259019,77.85664335664319,48.2
2024501,36005024501,Bronx,University Heights (South)-Morris Heights,245.01,12.5,33.0,Produce,1584,954.0,19.0,105.0,66.28787878787878,23189.071969696968,93.91946308724846,12.3
3035102,36047035102,Brooklyn,Crown Heights (South),351.02,13.7,33.0,Monitor,1046,876.0,17.0,0.0,0.0,42293.40439770555,104.0212765957449,14.9
4028400,36081028400,Queens,Baisley Park,284,40.3,33.0,Monitor,1095,297.0,6.0,47.0,42.922374429223744,33794.53881278539,78.49863013698632,43.4
4114100,36081114100,Queens,Murray Hill-Broadway Flushing,1141,29.8,32.9,Monitor,878,398.0,8.0,1.0,1.1389521640091116,66740.36446469248,87.88131313131316,34.6
4072300,36081072300,Queens,Forest Hills,723,19.7,32.9,Monitor,918,605.0,12.0,0.0,0.0,105193.13725490196,95.77637795275609,21.4
2043600,36005043600,Bronx,Wakefield-Woodlawn,436,31.5,32.8,Monitor,691,376.0,7.0,24.0,34.73227206946455,28893.256150506513,91.76349614395872,35.4
3015000,36047015000,Brooklyn,Dyker Heights,150,31.4,32.8,Monitor,728,377.0,7.0,2.0,2.7472527472527473,52370.78571428572,90.6542857142856,14.5
3004700,36047004700,Brooklyn,Carroll Gardens-Cobble Hill-Gowanus-Red Hook,47,56.0,32.7,Protect,938,211.0,4.0,14.0,14.925373134328359,127259.12046908315,75.60784313725526,60.3
1016200,36061016200,Manhattan,East Harlem (South),162,43.0,32.7,Produce,4279,275.0,5.0,154.0,35.98971722365039,59977.8803458752,54.5,43.2
3059403,36047059403,Brooklyn,Sheepshead Bay-Manhattan Beach-Gerritsen Beach,594.03,13.1,32.6,Produce,1453,902.0,18.0,0.0,0.0,46093.90227116311,94.52079207920792,14.2
4056200,36081056200,Queens,Queens Village,562,38.8,32.6,Monitor,427,304.0,6.0,3.0,7.02576112412178,41245.15222482436,98.05113636363649,49.0
4108500,36081108500,Queens,Auburndale,1085,42.0,32.6,Monitor,956,281.0,5.0,9.0,9.414225941422595,56734.55020920502,79.49486049926554,31.7
3035701,36047035701,Brooklyn,Crown Heights (North),357.01,12.7,32.5,Monitor,1050,928.0,18.0,0.0,0.0,39668.65904761905,107.58333333333371,13.4
4060800,36081060800,Queens,Cambria Heights,608,62.4,32.5,Protect,444,189.0,4.0,15.0,33.78378378378378,38560.81081081081,86.43380281690156,47.3
3068800,36047068800,Brooklyn,Flatlands,688,50.1,32.4,Protect,591,234.0,5.0,11.0,18.612521150592215,40440.35532994924,84.92342342342363,55.4
4045900,36081045900,Queens,Elmhurst,459,35.5,32.4,Monitor,1077,330.0,6.0,13.0,12.070566388115136,40013.44475394615,80.16750000000002,35.6
2042400,36005042400,Bronx,Wakefield-Woodlawn,424,39.3,32.3,Monitor,825,298.0,6.0,49.0,59.3939393939394,31219.30909090909,83.49295774647885,41.0
3010801,36047010801,Brooklyn,Sunset Park (Central),108.01,21.3,32.3,Monitor,676,550.0,11.0,0.0,0.0,76352.48372781066,102.7419354838712,23.2
3049302,36047049302,Brooklyn,East Williamsburg,493.02,12.8,32.2,Produce,2809,914.0,18.0,0.0,0.0,79071.8262726949,81.17543859649118,13.7
4119900,36081119900,Queens,East Flushing,1199,51.3,32.2,Protect,464,228.0,4.0,4.0,8.620689655172413,60034.07327586207,89.61473087818717,40.0
4043400,36081043400,Queens,St. Albans,434,57.9,32.1,Protect,525,201.0,4.0,34.0,64.76190476190476,35237.71428571428,84.48122065727671,56.7
4002000,36081002000,Queens,Woodhaven,20,56.2,32.1,Protect,512,207.0,4.0,12.0,23.4375,40504.04296875,85.21202531645554,63.2
3093600,36047093600,Brooklyn,East Flatbush-Rugby,936,40.4,32.1,Monitor,616,289.0,6.0,32.0,51.948051948051955,30670.51948051948,88.46232876712315,43.0
4043702,36081043702,Queens,Corona,437.02,36.4,32.0,Produce,2360,319.0,6.0,47.0,19.915254237288135,43505.605508474575,67.20795107033632,32.3
2005002,36005005002,Bronx,Soundview-Bruckner-Bronx River,50.02,8.7,32.0,Produce,2001,1337.0,26.0,0.0,0.0,36469.970014992505,96.03932584269683,9.4
2038304,36005038304,Bronx,Belmont,383.04,15.8,31.9,Monitor,960,735.0,14.0,0.0,0.0,49165.5,100.51666666666688,17.4
2011502,36005011502,Bronx,Hunts Point,115.02,16.9,31.9,Produce,1641,688.0,13.0,130.0,79.21998781230957,25783.18159658745,86.13888888888869,16.9
3035101,36047035101,Brooklyn,Crown Heights (North),351.01,16.4,31.8,Monitor,776,707.0,13.0,0.0,0.0,46786.427835051545,110.41129032258073,18.1
2022902,36005022902,Bronx,Mount Eden-Claremont (West),229.02,28.6,31.8,Monitor,1268,406.0,8.0,143.0,112.77602523659307,28203.643533123028,81.009708737864,28.4
4127700,36081127700,Queens,Jamaica Estates-Holliswood,1277,29.2,31.7,Monitor,1185,396.0,8.0,2.0,1.6877637130801688,101804.60759493671,81.80865800865809,31.9
4104700,36081104700,Queens,Murray Hill-Broadway Flushing,1047,22.2,31.7,Produce,2883,521.0,10.0,17.0,5.896635449184877,47400.47866805411,72.40891321344793,18.8
4044302,36081044302,Queens,Corona,443.02,46.0,31.7,Produce,1467,251.0,5.0,26.0,17.72324471710975,55412.90524880709,71.5965346534656,42.4
1026700,36061026700,Manhattan,Washington Heights (North),267,38.4,31.6,Monitor,671,301.0,6.0,34.0,50.67064083457526,30404.8435171386,87.5454545454545,38.2
2032600,36005032600,Bronx,Pelham Gardens,326,30.5,31.6,Monitor,1075,378.0,7.0,15.0,13.953488372093023,34667.19069767442,83.03465346534631,34.3
3005202,36047005202,Brooklyn,Bay Ridge,52.02,13.6,31.5,Produce,1512,847.0,16.0,0.0,0.0,50611.90476190476,92.4032258064517,14.8
4119500,36081119500,Queens,East Flushing,1195,53.5,31.5,Protect,449,215.0,4.0,5.0,11.135857461024498,51455.99777282851,89.05373134328352,60.3
4068000,36081068000,Queens,Springfield Gardens (South)-Brookville,680,40.2,31.4,Produce,1549,286.0,5.0,66.0,42.60813428018076,35801.2130406714,72.7787193973636,40.7
3001501,36047001501,Brooklyn,Downtown Brooklyn-DUMBO-Boerum Hill,15.01,12.5,31.4,Produce,3196,918.0,17.0,0.0,0.0,99041.274718398,79.24489795918362,13.3
3050002,36047050002,Brooklyn,Kensington,500.02,18.3,31.3,Monitor,706,623.0,12.0,0.0,0.0,51984.40084985836,107.5563909774437,19.9
4051300,36081051300,Queens,Maspeth,513,34.1,31.3,Monitor,857,336.0,6.0,9.0,10.501750291715286,38549.3698949825,84.79835390946528,46.1
4105900,36081105900,Queens,Murray Hill-Broadway Flushing,1059,37.3,31.2,Monitor,1338,303.0,6.0,11.0,8.221225710014949,67488.81165919283,75.73202054794524,37.9
4029700,36081029700,Queens,Astoria (East)-Woodside (North),297,61.2,31.2,Protect,827,183.0,3.0,24.0,29.020556227327692,51145.565900846435,75.39240506329111,48.0
4059900,36081059900,Queens,Maspeth,599,29.0,31.2,Monitor,628,386.0,7.0,4.0,6.369426751592357,36921.12420382166,94.44598337950151,32.6
2022401,36005022401,Bronx,Pelham Parkway-Van Nest,224.01,15.4,31.1,Monitor,1150,727.0,14.0,102.0,88.69565217391303,24593.295652173914,94.94736842105272,14.7
3078601,36047078601,Brooklyn,Flatbush,786.01,15.2,31.1,Monitor,1056,733.0,14.0,0.0,0.0,49997.500946969696,97.22058823529437,16.7
3039100,36047039100,Brooklyn,Bushwick (West),391,45.9,31.0,Produce,3029,241.0,4.0,85.0,28.06206668867613,79939.99735886432,57.90673575129517,32.7
4075702,36081075702,Queens,Forest Hills,757.02,20.6,31.0,Produce,2797,540.0,10.0,10.0,3.575259206292456,56392.3310690025,73.5239616613419,23.4
3078801,36047078801,Brooklyn,Flatbush,788.01,15.6,30.9,Monitor,884,708.0,13.0,0.0,0.0,47338.472850678736,102.09595959595958,17.1
2051601,36005051601,Bronx,Pelham Bay-Country Club-City Island,516.01,10.6,30.9,Produce,2141,1044.0,19.0,0.0,0.0,42633.01681457263,89.4198664440737,11.5
4034700,36081034700,Queens,East Elmhurst,347,38.6,30.8,Monitor,954,286.0,5.0,21.0,22.0125786163522,36255.69182389937,79.8259187620888,31.4
3099000,36047099000,Brooklyn,Canarsie,990,40.9,30.8,Monitor,472,270.0,5.0,25.0,52.96610169491525,30065.593220338982,92.89259259259279,39.2
1012901,36061012901,Manhattan,Hell's Kitchen,129.01,11.0,30.8,Produce,5050,1004.0,19.0,0.0,0.0,157828.37287128714,73.87804878048792,11.9
4060600,36081060600,Queens,Cambria Heights,606,77.3,30.7,Protect,443,143.0,3.0,22.0,49.66139954853273,44466.433408577876,81.0716112531968,73.8
3005601,36047005601,Brooklyn,Bay Ridge,56.01,13.7,30.7,Produce,1537,803.0,15.0,0.0,0.0,53046.07026675341,90.81735159817367,14.9
4112300,36081112300,Queens,Bayside,1123,53.1,30.6,Protect,881,205.0,4.0,15.0,17.0261066969353,59602.0953461975,76.13841807909603,41.3
4079000,36081079000,Queens,Baisley Park,790,45.0,30.6,Monitor,822,243.0,4.0,40.0,48.661800486618006,34381.20437956204,79.6516634050879,46.4
4031700,36081031700,Queens,Astoria (North)-Ditmars-Steinway,317,37.8,30.5,Produce,1735,288.0,5.0,36.0,20.749279538904897,41497.45014409222,71.1827676240207,42.0
4157901,36081157901,Queens,Glen Oaks-Floral Park-New Hyde Park,1579.01,31.7,30.5,Produce,1760,341.0,6.0,15.0,8.522727272727272,50568.66477272727,73.54251316779528,36.5
3097000,36047097000,Brooklyn,Canarsie,970,41.3,30.4,Monitor,673,261.0,5.0,36.0,53.491827637444274,31754.353640416048,84.58103975535164,42.6
3066200,36047066200,Brooklyn,Marine Park-Mill Basin-Bergen Beach,662,48.2,30.4,Monitor,545,222.0,4.0,10.0,18.34862385321101,39391.266055045875,85.47398843930637,51.8
4118700,36081118700,Queens,East Flushing,1187,49.7,30.4,Monitor,763,215.0,4.0,13.0,17.03800786369594,47529.18086500655,78.98427672955995,60.6
5003900,36085003900,Staten Island,West New Brighton-Silver Lake-Grymes Hill,39,44.7,30.3,Monitor,1126,239.0,4.0,54.0,47.95737122557726,36098.89875666075,74.77500000000009,38.8
4093900,36081093900,Queens,College Point,939,36.2,30.3,Produce,1865,295.0,5.0,34.0,18.230563002680963,42354.3908847185,70.35402298850568,42.7
4085700,36081085700,Queens,Flushing-Willets Point,857,34.3,30.2,Produce,2260,310.0,6.0,52.0,23.008849557522122,39920.845132743365,67.44680851063845,33.3
3037402,36047037402,Brooklyn,Gravesend (South),374.02,22.2,30.2,Produce,2260,478.0,9.0,48.0,21.238938053097346,32035.22699115044,74.75,22.0
4077906,36081077906,Queens,Kew Gardens Hills,779.06,28.4,30.1,Produce,1514,370.0,7.0,27.0,17.8335535006605,34181.35402906209,77.13043478260875,23.3
4112900,36081112900,Queens,Bayside,1129,27.9,30.1,Monitor,908,379.0,7.0,1.0,1.1013215859030838,59382.654185022024,86.00847457627128,32.4
4094203,36081094203,Queens,Rockaway Beach-Arverne-Edgemere,942.03,15.0,30.0,Produce,2776,698.0,13.0,66.0,23.77521613832853,28507.50180115274,77.54838709677438,13.9
2016200,36005016200,Bronx,Throgs Neck-Schuylerville,162,42.1,30.0,Monitor,608,249.0,4.0,11.0,18.092105263157894,36717.97697368421,85.600558659218,49.1
4024700,36081024700,Queens,Woodside,247,53.0,29.9,Protect,536,196.0,4.0,9.0,16.791044776119403,44824.869402985074,83.67625899280551,64.5
4048900,36081048900,Queens,Woodside,489,47.5,29.9,Monitor,1050,219.0,4.0,14.0,13.333333333333334,72844.07238095238,74.69387755102048,38.1
3035400,36047035400,Brooklyn,Coney Island-Sea Gate,354,31.2,29.9,Produce,3416,335.0,6.0,38.0,11.124121779859484,66012.82055035129,62.200000000000045,28.1
3032600,36047032600,Brooklyn,Coney Island-Sea Gate,326,38.2,29.8,Produce,3810,272.0,5.0,133.0,34.90813648293963,47227.61417322834,56.423940149626105,35.5
4067100,36081067100,Queens,Middle Village,671,32.4,29.8,Monitor,874,321.0,6.0,5.0,5.720823798627002,50482.86041189932,83.69839307787402,44.6
3005301,36047005301,Brooklyn,Carroll Gardens-Cobble Hill-Gowanus-Red Hook,53.01,17.7,29.7,Monitor,1105,585.0,10.0,0.0,0.0,105819.54932126697,90.99435028248604,19.2
1010200,36061010200,Manhattan,Midtown-Times Square,102,47.4,29.7,Monitor,401,218.0,4.0,2.0,4.987531172069826,864409.5885286783,91.72727272727275,73.5
4060000,36081060000,Queens,Cambria Heights,600,61.2,29.6,Protect,379,169.0,3.0,10.0,26.385224274406333,40218.0474934037,87.3711048158641,65.5
4065900,36081065900,Queens,Middle Village,659,29.3,29.6,Monitor,747,352.0,6.0,3.0,4.016064257028112,44690.5609103079,88.55833333333362,12.1
4148300,36081148300,Queens,Douglaston-Little Neck,1483,27.7,29.5,Monitor,1085,371.0,7.0,1.0,0.9216589861751152,80787.76589861751,82.23700623700643,31.3
4116100,36081116100,Queens,Flushing-Willets Point,1161,57.6,29.5,Preserve,1604,179.0,3.0,89.0,55.48628428927681,52063.395261845384,64.0839694656488,53.2
3009402,36047009402,Brooklyn,Sunset Park (East)-Borough Park (West),94.02,19.2,29.5,Monitor,794,536.0,9.0,0.0,0.0,78007.60831234256,96.36413043478274,21.0
3045000,36047045000,Brooklyn,Mapleton-Midwood (West),450,76.0,29.4,Protect,182,134.0,2.0,2.0,10.989010989010989,82419.56043956045,99.2578125,77.9
3039000,36047039000,Brooklyn,Gravesend (East)-Homecrest,390,35.6,29.4,Monitor,834,289.0,5.0,5.0,5.995203836930456,60576.11510791367,82.66846361186003,49.6
4146700,36081146700,Queens,Bayside,1467,46.7,29.3,Monitor,1340,216.0,4.0,28.0,20.895522388059703,53329.928358208956,70.51632047477756,47.2
3009201,36047009201,Brooklyn,Sunset Park (Central),92.01,20.0,29.3,Monitor,622,502.0,9.0,0.0,0.0,66707.86173633441,102.35256410256397,21.6
3084600,36047084600,Brooklyn,East Flatbush-Farragut,846,33.2,29.2,Monitor,680,302.0,5.0,13.0,19.117647058823533,32994.48529411765,87.36228287841209,36.8
2037600,36005037600,Bronx,Williamsbridge-Olinville,376,29.2,29.2,Monitor,724,344.0,6.0,71.0,98.06629834254143,27338.370165745855,88.7216494845361,29.4
4014800,36081014800,Queens,South Richmond Hill,148,29.0,29.1,Monitor,542,345.0,6.0,6.0,11.07011070110701,32715.49815498155,95.00619195046443,23.7
4033401,36081033401,Queens,Springfield Gardens (North)-Rochdale Village,334.01,46.5,29.1,Produce,1490,214.0,4.0,83.0,55.70469798657718,39346.26845637584,68.46043165467631,42.1
4080301,36081080301,Queens,Queensboro Hill,803.01,37.9,29.0,Monitor,1345,260.0,5.0,19.0,14.12639405204461,46396.2780669145,73.53134328358192,40.8
3024000,36047024000,Brooklyn,Borough Park,240,31.8,29.0,Produce,1489,311.0,5.0,11.0,7.387508394895903,57931.0678307589,74.70080862533678,43.8
4067700,36081067700,Queens,Middle Village,677,25.4,29.0,Monitor,745,387.0,7.0,1.0,1.3422818791946307,45729.10067114094,90.70279720279723,13.0
4061800,36081061800,Queens,Laurelton,618,38.9,28.9,Monitor,684,250.0,4.0,12.0,17.543859649122805,36585.87719298246,83.6616541353385,37.1
4030600,36081030600,Queens,Springfield Gardens (South)-Brookville,306,42.1,28.9,Monitor,1336,233.0,4.0,64.0,47.90419161676647,36424.58308383234,71.79793340987362,44.2
4060300,36081060300,Queens,Maspeth,603,37.0,28.8,Monitor,681,263.0,5.0,8.0,11.747430249632892,38987.31864904552,84.55617977528073,38.3
3059600,36047059600,Brooklyn,Sheepshead Bay-Manhattan Beach-Gerritsen Beach,596,23.7,28.8,Monitor,1164,409.0,7.0,6.0,5.154639175257732,40616.00257731959,83.02590673575128,35.0
3061200,36047061200,Brooklyn,Sheepshead Bay-Manhattan Beach-Gerritsen Beach,612,51.3,28.7,Protect,531,189.0,3.0,5.0,9.416195856873822,92492.53295668549,83.18326693227118,36.7
1028100,36061028100,Manhattan,Washington Heights (North),281,26.5,28.7,Monitor,1381,365.0,6.0,5.0,3.620564808110065,58623.43229543809,78.25,23.5
2029600,36005029600,Bronx,Morris Park,296,29.1,28.6,Monitor,1050,330.0,6.0,62.0,59.04761904761905,28869.314285714285,80.62931034482767,28.8
4023502,36081023502,Queens,Sunnyside,235.02,15.2,28.6,Monitor,1152,631.0,11.0,0.0,0.0,59152.42621527778,91.8509316770187,16.8
4099801,36081099801,Queens,Far Rockaway-Bayswater,998.01,18.4,28.6,Produce,2539,523.0,9.0,200.0,78.77116975187081,27559.308782985427,74.2723809523809,18.2
2014900,36005014900,Bronx,Morrisania,149,31.0,28.5,Produce,1851,306.0,5.0,191.0,103.18746623446785,31060.943273905996,71.03105590062114,31.6
4080302,36081080302,Queens,Queensboro Hill,803.02,34.5,28.5,Monitor,1218,276.0,5.0,13.0,10.673234811165846,45508.12807881773,75.74586288416072,29.5
2021002,36005021002,Bronx,Parkchester,210.02,91.5,28.4,Protect,224,104.0,2.0,194.0,866.0714285714286,45296.11607142857,88.25,91.7
2033000,36005033000,Bronx,Allerton,330,12.3,28.4,Produce,2219,771.0,13.0,123.0,55.43037404236142,25252.199188823794,82.72282608695673,11.8
2012901,36005012901,Bronx,Longwood,129.01,36.6,28.3,Produce,1865,259.0,4.0,216.0,115.8176943699732,33889.332975871315,67.59836065573768,36.9
4133300,36081133300,Queens,Fresh Meadows-Utopia,1333,24.8,28.3,Monitor,1358,382.0,6.0,3.0,2.2091310751104567,64808.24005891016,78.94164456233443,26.0
4056500,36081056500,Queens,Glendale,565,51.7,28.2,Protect,596,182.0,3.0,19.0,31.879194630872487,38437.30033557047,80.15116279069753,53.7
4046100,36081046100,Queens,Elmhurst,461,53.4,28.2,Protect,739,176.0,3.0,15.0,20.29769959404601,50943.17726657645,76.72535211267609,62.3
4129104,36081129104,Queens,Oakland Gardens-Hollis Hills,1291.04,22.9,28.1,Produce,1928,411.0,7.0,9.0,4.668049792531121,51167.785269709544,74.84304932735449,27.9
4150702,36081150702,Queens,Douglaston-Little Neck,1507.02,33.4,28.1,Monitor,1213,282.0,5.0,8.0,6.595218466611707,72260.28029678483,76.10495283018872,41.6
3059000,36047059000,Brooklyn,Sheepshead Bay-Manhattan Beach-Gerritsen Beach,590,48.4,28.1,Monitor,668,195.0,3.0,11.0,16.467065868263475,46046.40419161677,79.42758620689688,32.0
1002202,36061002202,Manhattan,East Village,22.02,14.7,28.0,Produce,1672,637.0,11.0,0.0,0.0,121969.68301435407,84.24691358024711,16.1
2021501,36005021501,Bronx,University Heights (South)-Morris Heights,215.01,20.4,28.0,Produce,1540,460.0,8.0,77.0,50.0,27705.83766233766,79.76923076923072,21.3
2027401,36005027401,Bronx,Pelham Bay-Country Club-City Island,274.01,18.7,27.9,Produce,1852,498.0,8.0,15.0,8.099352051835854,35257.208423326134,78.39291736930886,13.6
2038200,36005038200,Bronx,Williamsbridge-Olinville,382,36.8,27.9,Monitor,858,253.0,4.0,55.0,64.1025641025641,31222.727272727272,79.58104738154634,37.9
4050000,36081050000,Queens,Hollis,500,16.5,27.8,Produce,1967,564.0,9.0,177.0,89.98474834773768,26311.913573970513,79.22297297297291,16.2
3018400,36047018400,Brooklyn,Bensonhurst,184,21.9,27.8,Monitor,919,425.0,7.0,2.0,2.176278563656148,41933.568008705115,88.23362445414841,30.2
4103201,36081103201,Queens,Far Rockaway-Bayswater,1032.01,24.4,27.7,Produce,2191,381.0,6.0,161.0,73.48242811501598,29507.40301232314,71.7777777777776,24.0
1011202,36061011202,Manhattan,Midtown-Times Square,112.02,51.2,27.7,Protect,631,182.0,3.0,6.0,9.508716323296355,716671.0142630745,79.28571428571445,62.0
2019900,36005019900,Bronx,Highbridge,199,16.8,27.7,Produce,3112,553.0,9.0,233.0,74.87146529562982,27665.424807197942,72.16153846153838,16.5
3072400,36047072400,Brooklyn,Flatlands,724,60.1,27.6,Protect,610,154.0,3.0,14.0,22.950819672131146,53758.27868852459,77.63212435233163,75.6
2004800,36005004800,Bronx,Soundview-Bruckner-Bronx River,48,12.7,27.6,Monitor,1349,730.0,12.0,122.0,90.4373610081542,21462.54262416605,91.64646464646489,12.9
4043200,36081043200,Queens,St. Albans,432,56.7,27.5,Protect,412,164.0,3.0,22.0,53.398058252427184,35324.854368932036,84.93493150684958,43.1
4103300,36081103300,Queens,Whitestone-Beechhurst,1033,31.8,27.5,Produce,1605,291.0,5.0,13.0,8.09968847352025,55514.91588785047,72.5186533212011,30.0
3096600,36047096600,Brooklyn,Canarsie,966,32.6,27.4,Monitor,715,283.0,5.0,29.0,40.55944055944056,30018.31888111888,84.90765171503949,35.3
4038400,36081038400,Queens,St. Albans,384,32.5,27.4,Monitor,855,284.0,5.0,16.0,18.71345029239766,34285.89473684211,81.58173076923072,36.3
3039600,36047039600,Brooklyn,Gravesend (East)-Homecrest,396,39.5,27.3,Monitor,768,233.0,4.0,5.0,6.510416666666667,114210.8828125,80.03835616438369,39.8
3091200,36047091200,Brooklyn,Brownsville,912,33.5,27.3,Produce,2335,275.0,5.0,77.0,32.97644539614561,37270.98501070664,65.0,38.7
4145102,36081145102,Queens,Auburndale,1451.02,38.3,27.2,Monitor,842,240.0,4.0,8.0,9.501187648456057,50199.184085510686,79.19863013698637,41.5
3010802,36047010802,Brooklyn,Sunset Park (East)-Borough Park (West),108.02,17.4,27.2,Monitor,822,525.0,9.0,0.0,0.0,65301.7603406326,95.14507772020715,18.8
4046901,36081046901,Queens,Elmhurst,469.01,9.7,27.2,Produce,1419,947.0,15.0,0.0,0.0,37528.53347427766,96.0078125,10.5
4101002,36081101002,Queens,Far Rockaway-Bayswater,1010.02,51.0,27.1,Preserve,1783,178.0,3.0,195.0,109.36623667975323,42712.76332024678,62.32558139534876,46.3
3047200,36047047200,Brooklyn,Borough Park,472,32.8,27.1,Monitor,822,278.0,5.0,3.0,3.6496350364963503,95141.89659367397,82.02803738317766,39.4
2038600,36005038600,Bronx,Eastchester-Edenwald-Baychester,386,20.9,27.0,Produce,2803,434.0,7.0,261.0,93.11452015697468,28733.03246521584,69.83948863636351,20.5
4107201,36081107201,Queens,Breezy Point-Belle Harbor-Rockaway Park-Broad Channel,1072.01,17.9,27.0,Monitor,966,506.0,8.0,6.0,6.211180124223602,33356.50207039338,90.86742857142872,19.8
4084500,36081084500,Queens,East Flushing,845,34.2,26.9,Produce,2051,265.0,4.0,70.0,34.129692832764505,36812.25255972696,66.47080291970792,34.7
4062200,36081062200,Queens,Cambria Heights,622,52.2,26.9,Protect,619,173.0,3.0,16.0,25.84814216478191,41762.7140549273,78.92055267702949,59.1
4049301,36081049301,Queens,Maspeth,493.01,43.5,26.8,Monitor,777,206.0,3.0,13.0,16.73101673101673,42870.96525096525,78.27038626609442,48.3
4116700,36081116700,Queens,Murray Hill-Broadway Flushing,1167,64.6,26.8,Protect,708,139.0,2.0,19.0,26.836158192090394,68350.0663841808,73.79906542056074,69.8
4002500,36081002500,Queens,Queensbridge-Ravenswood-Dutch Kills,25,6.5,26.8,Produce,3149,1371.0,22.0,66.0,20.959034614163226,24006.478247062558,87.0,7.6
4027301,36081027301,Queens,Jackson Heights,273.01,14.2,26.7,Monitor,836,624.0,10.0,0.0,0.0,45072.52751196172,99.78378378378397,15.6
3085000,36047085000,Brooklyn,East Flatbush-Rugby,850,38.1,26.7,Monitor,460,232.0,4.0,11.0,23.91304347826087,32907.782608695656,90.08383233532959,42.9
4109700,36081109700,Queens,Bayside,1097,31.3,26.6,Monitor,708,278.0,4.0,2.0,2.824858757062147,66878.62146892655,84.80115830115847,14.3
3057000,36047057000,Brooklyn,Sheepshead Bay-Manhattan Beach-Gerritsen Beach,570,25.8,26.6,Produce,1485,338.0,5.0,11.0,7.407407407407407,42519.63097643098,75.79026217228488,30.6
3030600,36047030600,Brooklyn,Gravesend (South),306,37.4,26.5,Monitor,746,231.0,4.0,9.0,12.064343163538874,41136.581769437,80.38047138047114,44.1
2002300,36005002300,Bronx,Mott Haven-Port Morris,23,25.0,26.5,Produce,1732,347.0,6.0,31.0,17.89838337182448,34139.37644341801,74.0,28.8
4074900,36081074900,Queens,Forest Hills,749,21.1,26.4,Monitor,582,408.0,6.0,0.0,0.0,126293.71134020618,97.60114503816794,23.1
3116000,36047116000,Brooklyn,East New York (North),1160,55.6,26.4,Protect,857,154.0,2.0,61.0,71.17852975495916,39927.82963827305,72.29203539822993,53.6
2045600,36005045600,Bronx,Eastchester-Edenwald-Baychester,456,36.1,26.3,Monitor,1074,233.0,4.0,66.0,61.452513966480446,32682.45810055866,75.01315789473688,38.4
3035200,36047035200,Brooklyn,Coney Island-Sea Gate,352,58.4,26.3,Protect,888,145.0,2.0,29.0,32.65765765765766,53153.14189189189,70.9375,53.8
3059404,36047059404,Brooklyn,Sheepshead Bay-Manhattan Beach-Gerritsen Beach,594.04,9.3,26.3,Produce,1561,910.0,14.0,0.0,0.0,38470.135810377964,93.15028901734127,10.3
4115100,36081115100,Queens,Murray Hill-Broadway Flushing,1151,36.7,26.2,Monitor,386,228.0,4.0,1.0,2.5906735751295336,72922.38341968913,93.45209580838309,48.6
4142900,36081142900,Queens,Auburndale,1429,27.2,26.2,Monitor,1317,309.0,5.0,6.0,4.555808656036446,57934.419134396354,76.24877571008801,34.0
3123700,36047123700,Brooklyn,Bedford-Stuyvesant (West),1237,25.6,26.1,Produce,2228,327.0,5.0,11.0,4.937163375224416,114788.1472172352,68.71481481481487,27.6
3009401,36047009401,Brooklyn,Sunset Park (Central),94.01,17.0,26.1,Monitor,724,492.0,8.0,0.0,0.0,57476.10635359116,96.55737704918033,18.5
3034901,36047034901,Brooklyn,Crown Heights (North),349.01,10.4,26.0,Monitor,877,799.0,12.0,0.0,0.0,36502.37172177879,110.375,11.4
4122300,36081122300,Queens,Fresh Meadows-Utopia,1223,45.1,26.0,Monitor,1206,184.0,3.0,22.0,18.24212271973466,56679.86152570481,69.62681159420276,40.1
4094500,36081094500,Queens,College Point,945,35.3,25.9,Produce,1453,235.0,4.0,14.0,9.635237439779766,68959.83000688232,70.560224089636,25.1
1029900,36061029900,Manhattan,Inwood,299,27.0,25.9,Produce,3105,307.0,5.0,25.0,8.051529790660224,71842.62608695652,62.25,26.8
4157903,36081157903,Queens,Glen Oaks-Floral Park-New Hyde Park,1579.03,23.2,25.9,Monitor,1377,356.0,6.0,5.0,3.631082062454612,50723.28976034858,77.89138240574516,9.7
2016000,36005016000,Bronx,Throgs Neck-Schuylerville,160,26.5,25.8,Produce,1480,311.0,5.0,25.0,16.89189189189189,34688.321621621624,74.71280276816606,27.9
3065200,36047065200,Brooklyn,Marine Park-Mill Basin-Bergen Beach,652,28.4,25.8,Monitor,433,290.0,4.0,1.0,2.3094688221709005,42230.92378752887,96.1143695014664,36.0
3113000,36047113000,Brooklyn,East New York-New Lots,1130,51.2,25.7,Preserve,1506,160.0,2.0,163.0,108.23373173970784,42156.49933598938,63.604700854700695,50.9
3075400,36047075400,Brooklyn,Midwood,754,22.3,25.7,Monitor,440,369.0,6.0,0.0,0.0,83779.02272727272,104.15294117647045,24.5
5000600,36085000600,Staten Island,Rosebank-Shore Acres-Park Hill,6,36.2,25.6,Produce,1439,226.0,3.0,32.0,22.237665045170257,40208.580264072276,70.25352112676069,33.5
4027701,36081027701,Queens,Jackson Heights,277.01,12.9,25.6,Monitor,1011,630.0,10.0,0.0,0.0,45112.84470820969,94.5593220338983,13.9
4027000,36081027000,Queens,South Jamaica,270,46.6,25.5,Monitor,510,174.0,3.0,30.0,58.8235294117647,33649.882352941175,82.15404699738929,48.6
4059501,36081059501,Queens,Ridgewood,595.01,13.8,25.5,Monitor,897,585.0,9.0,0.0,0.0,46881.277591973245,95.57605177993514,15.0
5024800,36085024800,Staten Island,Tottenville-Charleston,248,28.1,25.4,Produce,1907,286.0,4.0,24.0,12.585212375458836,40469.79863660199,69.22020520915567,17.9
4140902,36081140902,Queens,Auburndale,1409.02,38.5,25.4,Monitor,886,209.0,3.0,8.0,9.029345372460496,60074.42437923251,76.36731843575444,41.6
3079001,36047079001,Brooklyn,Flatbush,790.01,16.6,25.4,Monitor,566,482.0,7.0,0.0,0.0,48890.88339222615,105.14406779661044,18.3
4137700,36081137700,Queens,Oakland Gardens-Hollis Hills,1377,33.9,25.3,Produce,2494,235.0,4.0,42.0,16.840417000801924,52667.37690457097,61.93537964458801,30.4
2021302,36005021302,Bronx,Mount Eden-Claremont (West),213.02,11.2,25.3,Produce,2393,713.0,11.0,148.0,61.84705390722942,25121.64646886753,79.75,10.6
4085500,36081085500,Queens,Flushing-Willets Point,855,26.4,25.2,Produce,2708,300.0,5.0,60.0,22.156573116691284,36628.78545051699,64.02325581395371,24.3
4013700,36081013700,Queens,Astoria (North)-Ditmars-Steinway,137,41.5,25.2,Monitor,913,190.0,3.0,10.0,10.95290251916758,67043.44797371303,74.66932270916323,29.2
4059502,36081059502,Queens,Maspeth,595.02,13.5,25.1,Monitor,943,583.0,9.0,0.0,0.0,47755.06892895016,94.495024875622,14.7
3093400,36047093400,Brooklyn,East Flatbush-Remsen Village,934,20.5,25.1,Monitor,896,384.0,6.0,28.0,31.25,27961.84151785714,86.678137651822,21.1
2037000,36005037000,Bronx,Williamsbridge-Olinville,370,36.9,25.0,Monitor,798,210.0,3.0,43.0,53.884711779448615,32303.947368421053,78.20551378446112,37.3
3094600,36047094600,Brooklyn,East Flatbush-Rugby,946,26.8,25.0,Monitor,726,290.0,4.0,21.0,28.925619834710744,29215.909090909092,85.02234636871526,26.9
4025700,36081025700,Queens,Woodside,257,38.1,25.0,Monitor,592,205.0,3.0,8.0,13.513513513513514,39396.68412162162,82.69346733668363,43.9
4095400,36081095400,Queens,Rockaway Beach-Arverne-Edgemere,954,39.2,24.9,Produce,2218,196.0,3.0,138.0,62.21821460775474,39381.77817853922,60.18885448916399,41.2
4026200,36081026200,Queens,South Jamaica,262,57.8,24.9,Protect,401,133.0,2.0,32.0,79.80049875311721,35439.426433915214,81.52941176470608,58.7
2014702,36005014702,Bronx,Claremont Village-Claremont (East),147.02,11.9,24.8,Produce,1667,641.0,10.0,48.0,28.794241151769647,26047.900419916015,84.5,12.8
2014400,36005014400,Bronx,Throgs Neck-Schuylerville,144,22.4,24.8,Produce,2419,338.0,5.0,44.0,18.18933443571724,34894.514262091776,67.7647058823527,28.0
5019700,36085019700,Staten Island,Westerleigh-Castleton Corners,197,23.6,24.7,Monitor,744,320.0,5.0,4.0,5.376344086021506,38290.32258064516,86.82587859424916,19.3
4147100,36081147100,Queens,Bayside,1471,25.7,24.7,Monitor,1347,294.0,4.0,7.0,5.1967334818114335,52494.00445434298,75.05503144654085,21.9
4157102,36081157102,Queens,Bellerose,1571.02,48.2,24.6,Monitor,585,156.0,2.0,11.0,18.803418803418804,44077.333333333336,78.31058823529429,37.5
5013400,36085013400,Staten Island,New Dorp-Midland Beach,134,30.7,24.6,Produce,1654,245.0,4.0,21.0,12.696493349455865,43011.970374848854,69.00725294650965,17.3
2024600,36005024600,Bronx,Morris Park,246,29.5,24.6,Monitor,802,255.0,4.0,22.0,27.43142144638404,31242.643391521196,80.9848942598187,29.5
4144100,36081144100,Queens,Bayside,1441,21.7,24.5,Monitor,1198,345.0,5.0,3.0,2.5041736227045073,50284.98330550918,79.29863481228676,26.1
1022302,36061022302,Manhattan,Manhattanville-West Harlem,223.02,27.7,24.5,Monitor,359,271.0,4.0,16.0,44.56824512534819,26811.977715877438,100.0,26.5
4120500,36081120500,Queens,East Flushing,1205,36.7,24.4,Monitor,1028,202.0,3.0,11.0,10.700389105058365,53849.337548638134,73.81792717086842,29.7
2020100,36005020100,Bronx,Highbridge,201,9.5,24.4,Produce,2012,784.0,11.0,113.0,56.163021868787276,23842.619284294233,84.70833333333371,9.1
3061600,36047061600,Brooklyn,Sheepshead Bay-Manhattan Beach-Gerritsen Beach,616,33.1,24.3,Monitor,591,224.0,3.0,2.0,3.3840947546531304,85517.36040609136,84.15061728395085,47.1
4045200,36081045200,Queens,Jamaica Hills-Briarwood,452,65.4,24.3,Protect,202,113.0,2.0,6.0,29.7029702970297,38035.09900990099,92.41249999999991,70.8
3094401,36047094401,Brooklyn,Flatlands,944.01,41.0,24.2,Monitor,1072,180.0,3.0,47.0,43.843283582089555,36518.31156716418,71.4080338266383,37.9
4059600,36081059600,Queens,Cambria Heights,596,39.1,24.2,Monitor,433,189.0,3.0,5.0,11.547344110854503,39463.78752886836,87.03713527851437,50.2
4040702,36081040702,Queens,North Corona,407.02,14.3,24.1,Monitor,979,516.0,7.0,0.0,0.0,55366.30643513789,90.9493333333337,15.6
3083600,36047083600,Brooklyn,East Flatbush-Farragut,836,19.0,24.1,Monitor,704,384.0,6.0,19.0,26.988636363636363,27208.636363636364,91.76630434782601,21.2
1013601,36061013601,Manhattan,Upper East Side-Yorkville,136.01,16.2,24.1,Monitor,1084,449.0,6.0,0.0,0.0,186524.1697416974,85.9230769230769,17.8
4059400,36081059400,Queens,Cambria Heights,594,52.1,24.0,Protect,491,140.0,2.0,12.0,24.43991853360489,42180.0,79.1462365591401,57.9
4079702,36081079702,Queens,Flushing-Willets Point,797.02,40.0,24.0,Produce,1834,181.0,3.0,35.0,19.083969465648856,62914.53598691385,62.2206572769951,42.2
3093200,36047093200,Brooklyn,East Flatbush-Farragut,932,27.9,23.9,Monitor,470,259.0,4.0,4.0,8.51063829787234,34449.51063829787,91.97154471544718,7.3
4140300,36081140300,Queens,Bayside,1403,35.8,23.9,Monitor,784,201.0,3.0,6.0,7.653061224489796,58943.3418367347,77.80219780219795,25.4
3101200,36047101200,Brooklyn,Canarsie,1012,28.0,23.8,Monitor,738,257.0,4.0,22.0,29.81029810298103,29939.739837398374,82.75791855203602,30.8
4157902,36081157902,Queens,Glen Oaks-Floral Park-New Hyde Park,1579.02,27.3,23.8,Monitor,1108,261.0,4.0,5.0,4.512635379061372,58761.68772563177,76.34389561975763,32.9
2023702,36005023702,Bronx,Fordham Heights,237.02,18.9,23.7,Monitor,414,367.0,5.0,28.0,67.6328502415459,24975.289855072464,108.0,18.9
4136700,36081136700,Queens,Oakland Gardens-Hollis Hills,1367,16.8,23.7,Produce,2492,417.0,6.0,9.0,3.611556982343499,48570.88483146067,71.35135135135124,19.7
4027101,36081027101,Queens,Elmhurst,271.01,8.0,23.7,Produce,1796,888.0,13.0,0.0,0.0,37229.46158129176,89.77215189873436,8.8
3025500,36047025500,Brooklyn,Bedford-Stuyvesant (West),255,40.8,23.6,Monitor,1372,169.0,2.0,30.0,21.865889212827987,49499.01603498542,66.0,51.0
3008500,36047008500,Brooklyn,Carroll Gardens-Cobble Hill-Gowanus-Red Hook,85,7.0,23.6,Produce,2884,971.0,14.0,54.0,18.72399445214979,25121.827323162273,82.0,7.6
2040900,36005040900,Bronx,Bedford Park,409,10.0,23.5,Produce,1465,677.0,10.0,41.0,27.986348122866897,25031.139931740614,88.20000000000005,11.3
2027402,36005027402,Bronx,Pelham Bay-Country Club-City Island,274.02,26.9,23.5,Monitor,1336,251.0,4.0,16.0,11.976047904191617,38259.89221556886,73.17899408284029,25.9
4129102,36081129102,Queens,Oakland Gardens-Hollis Hills,1291.02,24.1,23.4,Monitor,1272,280.0,4.0,4.0,3.1446540880503147,69022.92924528301,75.2738461538463,26.9
4020500,36081020500,Queens,Sunnyside,205,24.0,23.4,Monitor,358,281.0,4.0,3.0,8.379888268156424,31731.536312849163,101.39634146341473,30.6
2001901,36005001901,Bronx,Mott Haven-Port Morris,19.01,11.1,23.3,Produce,2312,604.0,8.0,0.0,0.0,68269.7625432526,78.10638297872356,12.0
4023501,36081023501,Queens,Sunnyside,235.01,9.2,23.3,Monitor,1345,731.0,10.0,0.0,0.0,38986.795539033454,91.71308016877629,10.1
4061601,36081061601,Queens,Laurelton,616.01,43.3,23.2,Monitor,666,154.0,2.0,13.0,19.51951951951952,42153.06306306306,76.08024691358037,39.7
5004700,36085004700,Staten Island,West New Brighton-Silver Lake-Grymes Hill,47,30.0,23.2,Monitor,1220,223.0,3.0,15.0,12.295081967213115,40289.251639344264,72.68730650154794,20.9
5000800,36085000800,Staten Island,Rosebank-Shore Acres-Park Hill,8,26.0,23.2,Produce,2004,258.0,4.0,37.0,18.46307385229541,36561.96107784431,66.43539325842721,20.5
3059800,36047059800,Brooklyn,Sheepshead Bay-Manhattan Beach-Gerritsen Beach,598,30.7,23.1,Monitor,1333,216.0,3.0,23.0,17.2543135783946,38242.58589647412,70.62168674698796,27.7
2008600,36005008600,Bronx,Castle Hill-Unionport,86,17.0,23.1,Produce,1493,391.0,5.0,18.0,12.056262558606832,31981.20562625586,78.1339285714289,20.4
2036100,36005036100,Bronx,West Farms,361,42.6,23.0,Produce,2344,154.0,2.0,119.0,50.7679180887372,48707.9569112628,54.77922077922085,45.0
4061400,36081061400,Queens,Cambria Heights,614,66.8,23.0,Protect,346,99.0,1.0,12.0,34.68208092485549,44782.543352601155,79.21148036253771,41.4
3048500,36047048500,Brooklyn,East Williamsburg,485,57.6,22.9,Protect,868,114.0,2.0,24.0,27.64976958525346,90827.7741935484,66.62195121951208,55.8
3069200,36047069200,Brooklyn,Flatlands,692,21.7,22.9,Monitor,763,302.0,4.0,9.0,11.795543905635649,32279.05635648755,84.90361445783128,31.7
2015300,36005015300,Bronx,Crotona Park East,153,31.7,22.8,Produce,1852,206.0,3.0,161.0,86.9330453563715,33588.822894168465,64.05999999999995,31.8
3041401,36047041401,Brooklyn,Gravesend (East)-Homecrest,414.01,42.6,22.8,Monitor,523,152.0,2.0,4.0,7.648183556405353,107904.09560229446,79.42162162162163,35.1
4053501,36081053501,Queens,Maspeth,535.01,18.9,22.8,Monitor,403,344.0,5.0,0.0,0.0,55517.94044665012,105.16778523489916,20.6
1021400,36061021400,Manhattan,Harlem (North),214,27.8,22.7,Produce,2006,232.0,3.0,226.0,112.66201395812563,31353.738783649052,64.83333333333371,26.7
4068200,36081068200,Queens,Laurelton,682,40.2,22.7,Monitor,388,161.0,2.0,7.0,18.04123711340206,35983.37628865979,85.94927536231876,46.2
2036700,36005036700,Bronx,Tremont,367,45.4,22.6,Monitor,1079,142.0,2.0,75.0,69.50880444856348,38522.169601482856,66.62595419847321,45.5
4111300,36081111300,Queens,Bayside,1113,34.8,22.6,Monitor,901,185.0,3.0,7.0,7.769145394006659,69184.76137624861,74.25476839237035,29.9
4027702,36081027702,Queens,Jackson Heights,277.02,5.8,22.5,Produce,1772,1108.0,15.0,0.0,0.0,32549.068848758467,94.59999999999991,6.6
4065600,36081065600,Queens,Rosedale,656,26.0,22.5,Produce,1530,247.0,3.0,47.0,30.71895424836601,32685.60980392157,70.55037919826646,28.6
3062600,36047062600,Brooklyn,Sheepshead Bay-Manhattan Beach-Gerritsen Beach,626,20.6,22.4,Monitor,1130,311.0,4.0,12.0,10.619469026548673,34409.761061946905,78.69002695417794,27.2
3070201,36047070201,Brooklyn,Marine Park-Mill Basin-Bergen Beach,702.01,23.7,22.4,Produce,2528,268.0,4.0,19.0,7.515822784810127,58814.444224683546,63.48880597014909,21.4
3099200,36047099200,Brooklyn,Canarsie,992,32.2,22.3,Monitor,585,195.0,3.0,18.0,30.76923076923077,31666.613675213674,81.76721311475399,32.9
2032800,36005032800,Bronx,Allerton,328,16.5,22.3,Produce,1519,380.0,5.0,78.0,51.34957208689927,27227.063857801186,77.5081300813008,16.6
5013301,36085013301,Staten Island,West New Brighton-Silver Lake-Grymes Hill,133.01,11.7,22.3,Monitor,648,534.0,7.0,22.0,33.95061728395061,21209.305555555555,103.20000000000005,13.7
2016600,36005016600,Bronx,Throgs Neck-Schuylerville,166,30.8,22.2,Monitor,730,202.0,3.0,14.0,19.178082191780824,34109.42465753425,78.74586776859519,30.9
3020300,36047020300,Brooklyn,Prospect Heights,203,27.6,22.2,Monitor,1205,226.0,3.0,5.0,4.149377593360996,116494.44481327801,73.15909090909122,32.8
5011402,36085011402,Staten Island,New Dorp-Midland Beach,114.02,29.0,22.1,Produce,1419,213.0,3.0,21.0,14.799154334038054,39576.36927413672,69.244680851064,25.6
4021602,36081021602,Queens,Kew Gardens,216.02,16.7,22.1,Monitor,525,370.0,5.0,0.0,0.0,55198.70285714286,97.7439024390244,18.3
2036901,36005036901,Bronx,Tremont,369.01,41.7,22.0,Monitor,924,147.0,2.0,89.0,96.32034632034632,34922.5,70.41269841269832,40.5
4086300,36081086300,Queens,Murray Hill-Broadway Flushing,863,31.1,22.0,Produce,2874,198.0,3.0,63.0,21.920668058455117,46487.839944328465,56.076190476190504,33.5
5015601,36085015601,Staten Island,Great Kills-Eltingville,156.01,17.5,21.9,Produce,2662,351.0,5.0,18.0,6.7618332081142,42727.61833208114,66.76032660902956,14.2
4061000,36081061000,Queens,Cambria Heights,610,56.3,21.9,Protect,373,108.0,1.0,10.0,26.80965147453083,43056.51474530831,79.30346820809245,66.3
4044301,36081044301,Queens,Corona,443.01,41.1,21.9,Produce,1606,149.0,2.0,48.0,29.887920298879205,48317.387297633875,61.135746606334806,36.6
3065600,36047065600,Brooklyn,Marine Park-Mill Basin-Bergen Beach,656,14.0,21.8,Monitor,623,431.0,6.0,0.0,0.0,46221.62118780096,97.13888888888869,15.4
1011203,36061011203,Manhattan,East Midtown-Turtle Bay,112.03,25.8,21.8,Produce,1524,232.0,3.0,6.0,3.937007874015748,547401.282808399,69.5625,28.5
2037100,36005037100,Bronx,Tremont,371,28.3,21.7,Produce,2093,210.0,3.0,125.0,59.72288580984233,33326.11562350693,62.42652329749126,28.2
2008300,36005008300,Bronx,Longwood,83,18.8,21.7,Produce,2196,317.0,4.0,135.0,61.47540983606557,28851.638433515483,68.46606334841636,18.3
4097300,36081097300,Queens,Whitestone-Beechhurst,973,31.7,21.6,Monitor,758,187.0,2.0,4.0,5.277044854881266,74070.75197889181,77.2965722801789,27.7
3005602,36047005602,Brooklyn,Bay Ridge,56.02,12.1,21.6,Monitor,1061,487.0,6.0,0.0,0.0,49821.73138548539,88.08988764044966,13.1
3075200,36047075200,Brooklyn,Midwood,752,22.4,21.5,Monitor,333,262.0,3.0,0.0,0.0,107671.44144144144,101.45302013422793,24.6
4066301,36081066301,Queens,Middle Village,663.01,12.3,21.5,Monitor,1022,478.0,6.0,0.0,0.0,49283.83561643836,88.44591346153834,13.2
1011300,36061011300,Manhattan,Midtown-Times Square,113,56.7,21.4,Protect,160,103.0,1.0,1.0,6.25,428481.61875,95.20000000000005,23.7
4030904,36081030904,Queens,Jackson Heights,309.04,32.9,21.4,Monitor,1137,176.0,2.0,17.0,14.951627088830254,42654.56288478452,69.93522267206481,26.4
2042600,36005042600,Bronx,Eastchester-Edenwald-Baychester,426,13.3,21.4,Produce,2079,438.0,6.0,83.0,39.92303992303992,27066.914862914862,74.72719594594605,14.5
5024700,36085024700,Staten Island,Port Richmond,247,24.0,21.3,Monitor,975,242.0,3.0,33.0,33.84615384615385,29857.846153846152,77.37209302325596,25.1
4061200,36081061200,Queens,Cambria Heights,612,38.0,21.3,Monitor,471,152.0,2.0,5.0,10.615711252653927,43770.57324840764,81.09649122807036,36.6
2039800,36005039800,Bronx,Williamsbridge-Olinville,398,22.7,21.2,Monitor,1034,253.0,3.0,82.0,79.3036750483559,28063.027079303676,77.27021696252473,21.4
4119100,36081119100,Queens,East Flushing,1191,34.7,21.2,Monitor,1116,167.0,2.0,14.0,12.544802867383513,51276.25089605735,69.15991902834003,34.4
4079900,36081079900,Queens,Queensboro Hill,799,25.4,21.1,Monitor,1157,225.0,3.0,7.0,6.050129645635264,51215.61624891962,73.57223264540312,37.3
2031200,36005031200,Bronx,Pelham Gardens,312,30.4,21.1,Monitor,593,188.0,2.0,9.0,15.17706576728499,34619.54468802698,80.939393939394,28.9
2013500,36005013500,Bronx,Morrisania,135,21.5,21.0,Produce,1482,265.0,3.0,93.0,62.75303643724696,28853.016869095816,72.28140703517602,22.3
2036800,36005036800,Bronx,Williamsbridge-Olinville,368,37.7,21.0,Monitor,784,150.0,2.0,31.0,39.54081632653062,35029.36224489796,73.459731543624,38.5
2023000,36005023000,Bronx,Pelham Parkway-Van Nest,230,13.0,21.0,Monitor,998,437.0,6.0,64.0,64.12825651302605,25021.442885771543,87.0822510822511,13.8
4133900,36081133900,Queens,Fresh Meadows-Utopia,1339,37.9,20.9,Monitor,463,149.0,2.0,3.0,6.479481641468682,72546.55939524838,81.05116279069762,47.9
3096200,36047096200,Brooklyn,Canarsie,962,27.1,20.9,Monitor,494,207.0,3.0,13.0,26.31578947368421,29562.813765182185,86.14624505928873,22.7
3017900,36047017900,Brooklyn,Fort Greene,179,33.0,20.8,Produce,1439,169.0,2.0,15.0,10.423905489923557,75351.12717164698,64.98230088495598,43.4
2040400,36005040400,Bronx,Williamsbridge-Olinville,404,19.1,20.8,Monitor,1061,291.0,4.0,80.0,75.40056550424127,27123.53440150801,78.62548262548285,19.6
3024200,36047024200,Brooklyn,Borough Park,242,28.6,20.7,Monitor,1001,191.0,2.0,5.0,4.995004995004995,87224.48551448551,73.38826815642483,38.7
4086100,36081086100,Queens,East Flushing,861,29.9,20.7,Monitor,1099,183.0,2.0,9.0,8.18926296633303,52011.58325750683,71.28048780487802,30.4
3057901,36047057901,Brooklyn,Greenpoint,579.01,17.3,20.6,Monitor,633,315.0,4.0,0.0,0.0,127252.90205371247,89.9252336448601,18.8
4045600,36081045600,Queens,Jamaica Hills-Briarwood,456,31.2,20.6,Monitor,314,175.0,2.0,1.0,3.1847133757961785,47642.67515923567,92.2743362831859,43.2
4094202,36081094202,Queens,Rockaway Beach-Arverne-Edgemere,942.02,28.5,20.5,Produce,1863,190.0,2.0,73.0,39.18411164787977,34528.73590982287,62.5157232704405,31.0
2015900,36005015900,Bronx,Longwood,159,43.7,20.5,Monitor,1186,123.0,2.0,33.0,27.82462057335582,52020.58094435076,62.76315789473688,44.0
4013500,36081013500,Queens,Astoria (North)-Ditmars-Steinway,135,30.2,20.5,Monitor,651,180.0,2.0,4.0,6.1443932411674345,49517.74193548387,78.7155172413793,9.9
4026501,36081026501,Queens,Elmhurst,265.01,11.9,20.4,Monitor,1212,449.0,5.0,0.0,0.0,54275.24257425743,83.87421383647802,12.7
2012300,36005012300,Bronx,Crotona Park East,123,35.7,20.4,Produce,2009,150.0,2.0,202.0,100.54753608760578,37269.42259830762,57.03048780487802,36.4
4003302,36081003302,Queens,Queensbridge-Ravenswood-Dutch Kills,33.02,14.9,20.3,Monitor,712,357.0,4.0,0.0,0.0,61772.12359550562,90.04411764705878,16.4
3093000,36047093000,Brooklyn,East Flatbush-Remsen Village,930,18.6,20.3,Monitor,847,287.0,3.0,23.0,27.15466351829988,28279.728453364816,82.04524886877834,21.1
4018800,36081018800,Queens,Baisley Park,188,44.2,20.2,Monitor,419,120.0,1.0,15.0,35.79952267303103,35442.38663484487,79.22260273972597,50.6
3095800,36047095800,Brooklyn,Canarsie,958,30.1,20.2,Monitor,1133,176.0,2.0,50.0,44.1306266548985,32745.999117387466,69.93726235741451,31.5
3009001,36047009001,Brooklyn,Sunset Park (Central),90.01,17.1,20.1,Monitor,500,308.0,4.0,0.0,0.0,66612.694,94.46236559139811,18.7
4040102,36081040102,Queens,North Corona,401.02,12.9,20.1,Monitor,1167,409.0,5.0,0.0,0.0,73425.86803770352,82.88851351351354,14.1
2002701,36005002701,Bronx,Mott Haven-Port Morris,27.01,7.2,20.1,Monitor,1277,735.0,9.0,0.0,0.0,35436.88488645262,93.0,8.1
4102900,36081102900,Queens,Whitestone-Beechhurst,1029,29.9,20.0,Monitor,1217,176.0,2.0,12.0,9.860312243221035,48938.61462612983,68.51318101933202,20.2
4027400,36081027400,Queens,Baisley Park,274,32.3,20.0,Monitor,561,163.0,2.0,17.0,30.303030303030305,32426.951871657755,79.40547263681606,25.9
4026000,36081026000,Queens,South Jamaica,260,48.0,19.9,Monitor,864,109.0,1.0,65.0,75.23148148148148,39701.99074074074,66.17499999999995,50.1
4084601,36081084601,Queens,South Ozone Park,846.01,31.4,19.9,Monitor,926,167.0,2.0,14.0,15.11879049676026,39108.666306695464,72.31541218637994,29.9
2034200,36005034200,Bronx,Allerton,342,38.8,19.8,Monitor,608,134.0,2.0,39.0,64.14473684210527,33313.96381578947,75.21491228070158,40.5
3113400,36047113400,Brooklyn,East New York (North),1134,56.2,19.8,Protect,1141,92.0,1.0,61.0,53.46187554776512,71442.93865030675,57.954545454545496,56.9
4044601,36081044601,Queens,Jamaica,446.01,37.4,19.7,Produce,2712,138.0,2.0,114.0,42.0353982300885,50278.77249262537,51.70588235294122,36.0
4118500,36081118500,Queens,East Flushing,1185,44.4,19.7,Monitor,764,116.0,1.0,14.0,18.32460732984293,54591.59293193717,69.5528169014085,51.1
4037100,36081037100,Queens,East Elmhurst,371,23.5,19.6,Monitor,494,215.0,3.0,1.0,2.0242914979757085,44747.85425101215,86.99328859060392,11.6
4118100,36081118100,Queens,Auburndale,1181,36.6,19.6,Monitor,742,140.0,2.0,8.0,10.781671159029651,54332.467654986525,73.23888888888882,34.6
4100801,36081100801,Queens,Far Rockaway-Bayswater,1008.01,39.6,19.6,Monitor,640,128.0,2.0,20.0,31.25,36843.84375,73.97119341563803,40.0
3072200,36047072200,Brooklyn,Flatlands,722,22.1,19.5,Monitor,889,228.0,3.0,19.0,21.372328458942633,31074.364454443195,77.79389312977128,22.8
4138501,36081138501,Queens,Bayside,1385.01,32.0,19.5,Produce,1499,158.0,2.0,18.0,12.00800533689126,57766.70713809206,63.367662203913596,33.7
4120300,36081120300,Queens,East Flushing,1203,29.3,19.4,Monitor,501,172.0,2.0,2.0,3.992015968063872,53122.99401197605,82.40978593272166,32.3
2001600,36005001600,Bronx,Soundview-Clason Point,16,17.5,19.4,Produce,2378,288.0,3.0,91.0,38.26745164003364,30084.68881412952,65.70303030303035,15.4
4066000,36081066000,Queens,Rosedale,660,31.5,19.3,Monitor,1011,158.0,2.0,36.0,35.60830860534125,34332.97823936697,70.0507982583456,33.8
5022300,36085022300,Staten Island,Mariner's Harbor-Arlington-Graniteville,223,22.7,19.3,Monitor,974,219.0,3.0,27.0,27.720739219712527,30604.620123203287,75.60488505747117,25.4
4109300,36081109300,Queens,Bayside,1093,25.9,19.2,Monitor,1095,186.0,2.0,5.0,4.5662100456621,85083.91780821918,71.4648862512363,26.2
3035000,36047035000,Brooklyn,Coney Island-Sea Gate,350,24.9,19.2,Produce,1586,195.0,2.0,19.0,11.97982345523329,41168.758511979824,66.0,27.1
3053700,36047053700,Brooklyn,South Williamsburg,537,14.3,19.2,Monitor,925,338.0,4.0,0.0,0.0,114478.3027027027,83.65540540540565,15.7
2022101,36005022101,Bronx,Mount Eden-Claremont (West),221.01,10.3,19.1,Monitor,1288,467.0,5.0,128.0,99.37888198757763,22051.537267080745,83.54166666666674,10.1
4059000,36081059000,Queens,Cambria Heights,590,33.3,19.1,Monitor,351,144.0,2.0,3.0,8.547008547008549,39888.80341880342,85.69255663430431,29.9
3035601,36047035601,Brooklyn,Coney Island-Sea Gate,356.01,28.2,19.0,Produce,1547,170.0,2.0,21.0,13.574660633484163,43517.35617323853,64.0,33.6
3090600,36047090600,Brooklyn,Brownsville,906,30.9,19.0,Produce,1683,154.0,2.0,63.0,37.4331550802139,36555.59714795009,60.79487179487205,33.4
4059200,36081059200,Queens,Cambria Heights,592,49.4,18.9,Monitor,353,96.0,1.0,9.0,25.495750708215297,40675.240793201134,78.59627329192563,63.3
2017901,36005017901,Bronx,Concourse-Concourse Village,179.01,19.5,18.9,Produce,1795,245.0,3.0,213.0,118.66295264623955,28615.019498607242,67.2419354838712,19.2
3116400,36047116400,Brooklyn,East New York (North),1164,36.6,18.8,Monitor,982,128.0,1.0,53.0,53.9714867617108,35735.00610997964,66.56870229007632,37.2
4139900,36081139900,Queens,Bayside,1399,26.4,18.8,Monitor,572,178.0,2.0,1.0,1.7482517482517483,68436.98601398601,80.49256505576204,33.0
4047600,36081047600,Queens,Jamaica Estates-Holliswood,476,51.8,18.8,Protect,455,91.0,1.0,7.0,15.384615384615385,85049.27472527472,74.04608294930881,11.0
3038200,36047038200,Brooklyn,Gravesend (South),382,15.1,18.7,Produce,2118,310.0,3.0,33.0,15.580736543909348,32402.87865911237,68.671875,20.3
4099704,36081099704,Queens,Bay Terrace-Clearview,997.04,23.1,18.7,Produce,4027,203.0,2.0,55.0,13.657809783958282,54663.60690340203,51.5,22.8
3099400,36047099400,Brooklyn,Canarsie,994,43.8,18.6,Monitor,623,105.0,1.0,45.0,72.23113964686999,35964.72873194222,71.44565217391323,45.4
3063600,36047063600,Brooklyn,Marine Park-Mill Basin-Bergen Beach,636,14.6,18.6,Monitor,455,318.0,4.0,0.0,0.0,47540.043956043955,97.47160493827164,15.9
4050500,36081050500,Queens,Middle Village,505,37.7,18.5,Monitor,657,122.0,1.0,12.0,18.2648401826484,41487.488584474886,72.89605734767042,28.1
3023800,36047023800,Brooklyn,Borough Park,238,22.0,18.5,Produce,1544,208.0,2.0,8.0,5.181347150259067,66074.83419689118,67.17613636363649,25.2
1010900,36061010900,Manhattan,Midtown-Times Square,109,38.0,18.4,Monitor,782,120.0,1.0,8.0,10.230179028132993,105077.30179028133,69.79999999999995,40.9
4046600,36081046600,Queens,Jamaica Estates-Holliswood,466,33.1,18.4,Produce,1563,137.0,2.0,36.0,23.032629558541267,44490.27895073577,59.983333333333576,33.7
5014100,36085014100,Staten Island,Port Richmond,141,26.3,18.3,Monitor,974,171.0,2.0,32.0,32.85420944558522,32126.22997946612,71.95081967213127,20.7
2005200,36005005200,Bronx,Soundview-Bruckner-Bronx River,52,10.7,18.3,Monitor,974,417.0,5.0,74.0,75.97535934291581,23896.74024640657,86.61249999999995,10.8
2035600,36005035600,Bronx,Eastchester-Edenwald-Baychester,356,26.7,18.3,Monitor,668,168.0,2.0,26.0,38.92215568862276,29936.721556886227,77.51662404092076,25.5
3070000,36047070000,Brooklyn,Marine Park-Mill Basin-Bergen Beach,700,29.7,18.2,Monitor,720,149.0,2.0,8.0,11.11111111111111,40391.76666666667,74.45297029702965,41.8
3016800,36047016800,Brooklyn,Bath Beach,168,26.8,18.2,Monitor,750,166.0,2.0,6.0,8.0,41755.296,75.39024390243912,21.8
4145101,36081145101,Queens,Auburndale,1451.01,40.7,18.1,Monitor,503,108.0,1.0,6.0,11.928429423459244,54058.74751491054,74.9254143646408,25.6
4113300,36081113300,Queens,Auburndale,1133,21.4,18.1,Monitor,659,207.0,2.0,1.0,1.5174506828528074,51435.88770864947,80.5769230769231,11.2
3009002,36047009002,Brooklyn,Sunset Park (East)-Borough Park (West),90.02,18.0,18.0,Monitor,418,242.0,3.0,0.0,0.0,80809.73923444976,93.04950495049525,19.3
3102400,36047102400,Brooklyn,Canarsie,1024,23.0,18.0,Monitor,623,191.0,2.0,11.0,17.656500802568218,31478.191011235955,80.15850144092246,24.7
4114700,36081114700,Queens,Murray Hill-Broadway Flushing,1147,14.7,17.9,Monitor,626,296.0,3.0,0.0,0.0,65774.76038338659,88.66347992351848,16.0
3067000,36047067000,Brooklyn,Marine Park-Mill Basin-Bergen Beach,670,19.1,17.9,Monitor,1003,228.0,2.0,29.0,28.913260219341975,29297.199401794616,75.7791666666667,19.0
3111600,36047111600,Brooklyn,East New York-New Lots,1116,30.9,17.9,Monitor,1004,139.0,1.0,81.0,80.67729083665338,32215.3984063745,67.58415841584156,32.4
4086500,36081086500,Queens,Flushing-Willets Point,865,28.7,17.8,Produce,2694,148.0,2.0,43.0,15.961395694135113,60923.4573125464,52.511904761904816,31.2
4152902,36081152902,Queens,Douglaston-Little Neck,1529.02,15.5,17.8,Produce,2302,275.0,3.0,10.0,4.344048653344918,50089.36576889661,65.38654353561992,17.4
3100800,36047100800,Brooklyn,Canarsie,1008,17.4,17.7,Monitor,678,243.0,3.0,17.0,25.073746312684367,28089.557522123894,83.31165311653126,15.6
5031902,36085031902,Staten Island,Mariner's Harbor-Arlington-Graniteville,319.02,22.6,17.7,Produce,1730,187.0,2.0,193.0,111.5606936416185,30171.554913294796,63.92478421701594,21.8
4043701,36081043701,Queens,Corona,437.01,40.6,17.6,Monitor,926,104.0,1.0,17.0,18.358531317494602,58971.19222462203,64.16170212765951,43.8
1013501,36061013501,Manhattan,Hell's Kitchen,135.01,9.7,17.6,Produce,2727,433.0,5.0,0.0,0.0,164824.9266593326,70.40000000000009,10.7
3023400,36047023400,Brooklyn,Borough Park,234,26.3,17.5,Produce,1637,160.0,2.0,13.0,7.94135613927917,71901.83811850946,62.1910447761195,35.0
3068600,36047068600,Brooklyn,Marine Park-Mill Basin-Bergen Beach,686,33.6,17.5,Monitor,672,125.0,1.0,17.0,25.297619047619047,36199.50892857143,72.90836653386486,30.2
4025402,36081025402,Queens,South Jamaica,254.02,8.7,17.4,Produce,1774,475.0,5.0,0.0,0.0,47182.97350620067,78.33269230769247,9.3
2006100,36005006100,Bronx,Concourse-Concourse Village,61,11.3,17.4,Monitor,940,366.0,4.0,74.0,78.72340425531915,24333.989361702126,84.66666666666674,11.6
2013200,36005013200,Bronx,Throgs Neck-Schuylerville,132,12.9,17.4,Produce,2209,325.0,3.0,30.0,13.580805794477138,31969.90357627886,68.96290322580649,13.5
5025100,36085025100,Staten Island,Westerleigh-Castleton Corners,251,16.5,17.3,Produce,2141,246.0,3.0,18.0,8.407286314806166,39623.6809901915,64.78085808580886,19.2
4069000,36081069000,Queens,Springfield Gardens (South)-Brookville,690,27.5,17.3,Monitor,1005,149.0,2.0,37.0,36.81592039800995,32664.68656716418,69.11437908496714,27.3
3105801,36047105801,Brooklyn,Spring Creek-Starrett City,1058.01,10.3,17.2,Produce,6247,392.0,4.0,148.0,23.691371858492076,30852.985433007845,54.0,12.0
3092000,36047092000,Brooklyn,Brownsville,920,41.9,17.2,Produce,2029,96.0,1.0,187.0,92.16362740266142,49171.8334154756,50.156097560975695,39.0
3036501,36047036501,Brooklyn,Ocean Hill,365.01,7.6,17.1,Produce,1679,527.0,5.0,72.0,42.88266825491364,23389.225729600952,80.6272189349113,7.6
3053101,36047053101,Brooklyn,South Williamsburg,531.01,14.8,17.1,Monitor,659,271.0,3.0,0.0,0.0,90121.03793626706,85.73381294964042,16.2
3046800,36047046800,Brooklyn,Mapleton-Midwood (West),468,25.3,17.0,Monitor,575,156.0,2.0,1.0,1.7391304347826089,76753.89391304347,78.46899224806202,32.1
2005300,36005005300,Bronx,University Heights (South)-Morris Heights,53,40.6,17.0,Produce,1654,97.0,1.0,370.0,223.70012091898428,42208.585247883915,53.0,41.1
3045800,36047045800,Brooklyn,Mapleton-Midwood (West),458,26.2,17.0,Monitor,597,151.0,2.0,1.0,1.6750418760469012,131991.31993299833,77.59756097560967,32.5
5018100,36085018100,Staten Island,Todt Hill-Emerson Hill-Lighthouse Hill-Manor Heights,181,30.6,16.9,Monitor,1269,128.0,1.0,11.0,8.668242710795903,114823.80378250591,62.433856502242406,22.4
2009000,36005009000,Bronx,Castle Hill-Unionport,90,17.2,16.9,Monitor,1258,229.0,2.0,26.0,20.66772655007949,30952.320349761525,72.54863813229599,16.7
4037502,36081037502,Queens,North Corona,375.02,11.4,16.8,Monitor,702,340.0,3.0,0.0,0.0,44294.24501424501,89.29487179487205,12.1
4019901,36081019901,Queens,Sunnyside,199.01,21.2,16.8,Monitor,211,184.0,2.0,0.0,0.0,67970.90047393365,106.5967741935483,23.2
3078802,36047078802,Brooklyn,East Flatbush-Farragut,788.02,10.7,16.7,Monitor,658,362.0,4.0,0.0,0.0,41103.51367781155,91.91071428571445,11.5
2042800,36005042800,Bronx,Wakefield-Woodlawn,428,20.2,16.7,Monitor,710,191.0,2.0,19.0,26.76056338028169,29515.225352112677,78.35251798561171,23.0
4032800,36081032800,Queens,Laurelton,328,35.7,16.6,Monitor,775,107.0,1.0,30.0,38.70967741935484,36279.414193548386,67.4968684759915,38.3
4140901,36081140901,Queens,Auburndale,1409.01,42.4,16.6,Monitor,322,91.0,1.0,3.0,9.316770186335404,60571.67701863354,78.98148148148152,36.7
4027302,36081027302,Queens,Jackson Heights,273.02,6.2,16.5,Produce,1708,603.0,6.0,0.0,0.0,36223.29800936768,83.0769230769231,6.8
2003300,36005003300,Bronx,Mott Haven-Port Morris,33,31.2,16.5,Produce,1750,122.0,1.0,120.0,68.57142857142857,36162.94285714286,56.24489795918362,31.9
5009701,36085009701,Staten Island,West New Brighton-Silver Lake-Grymes Hill,97.01,6.1,16.5,Produce,1540,620.0,6.0,0.0,0.0,35270.632467532465,85.15092024539877,6.8
3098200,36047098200,Brooklyn,Canarsie,982,10.6,16.4,Produce,1620,350.0,3.0,25.0,15.432098765432098,28305.0,75.0,12.2
4050700,36081050700,Queens,Middle Village,507,13.2,16.4,Monitor,1381,279.0,3.0,4.0,2.896451846488052,40242.66690803765,74.07448107448113,14.4
2046000,36005046000,Bronx,Eastchester-Edenwald-Baychester,460,41.3,16.3,Monitor,1007,89.0,1.0,50.0,49.65243296921549,42078.67924528302,60.1102040816329,42.0
5020702,36085020702,Staten Island,Port Richmond,207.02,6.4,16.3,Monitor,1137,575.0,6.0,0.0,0.0,34585.3817062445,90.09293680297401,7.1
4008700,36081008700,Queens,Old Astoria-Hallets Point,87,26.6,16.2,Produce,3492,137.0,1.0,60.0,17.182130584192443,69785.91093928981,48.25,21.9
4150701,36081150701,Queens,Douglaston-Little Neck,1507.01,11.8,16.2,Monitor,1130,310.0,3.0,0.0,0.0,76792.76017699116,78.6516264428119,12.6
3030800,36047030800,Brooklyn,Gravesend (South),308,25.2,16.1,Monitor,876,143.0,1.0,7.0,7.9908675799086755,44776.65296803653,70.8690476190477,33.0
2016700,36005016700,Bronx,Claremont Village-Claremont (East),167,20.7,16.1,Monitor,1115,175.0,2.0,88.0,78.9237668161435,28850.125560538116,70.17391304347848,20.8
4066900,36081066900,Queens,Maspeth,669,24.8,16.1,Monitor,772,146.0,1.0,8.0,10.362694300518134,38917.150259067355,73.2542016806724,12.5
1006900,36061006900,Manhattan,West Village,69,17.2,16.0,Produce,1917,207.0,2.0,4.0,2.0865936358894106,220163.50495565988,63.83333333333371,17.2
4001903,36081001903,Queens,Long Island City-Hunters Point,19.03,8.1,16.0,Produce,3626,440.0,4.0,0.0,0.0,108771.55791505791,65.76666666666688,8.8
3100600,36047100600,Brooklyn,Canarsie,1006,20.8,15.9,Monitor,835,170.0,2.0,35.0,41.91616766467065,29040.8622754491,74.17256637168157,22.5
3089800,36047089800,Brooklyn,Brownsville,898,35.8,15.9,Monitor,736,99.0,1.0,45.0,61.141304347826086,35052.79891304348,67.15937499999995,36.2
4047801,36081047801,Queens,Jamaica Estates-Holliswood,478.01,7.9,15.8,Produce,1919,444.0,4.0,0.0,0.0,46416.74570088588,76.06842105263149,8.6
3078602,36047078602,Brooklyn,East Flatbush-Farragut,786.02,9.1,15.8,Monitor,1077,385.0,4.0,0.0,0.0,43678.356545961,83.26451612903247,9.8
4028801,36081028801,Queens,Baisley Park,288.01,7.5,15.7,Monitor,815,464.0,4.0,0.0,0.0,35920.08588957055,92.81760000000008,8.4
4097204,36081097204,Queens,Rockaway Beach-Arverne-Edgemere,972.04,30.3,15.7,Produce,2060,115.0,1.0,68.0,33.00970873786408,41551.7859223301,52.72685185185196,24.1
1018400,36061018400,Manhattan,East Harlem (North),184,32.1,15.6,Produce,3237,108.0,1.0,125.0,38.61600247142416,53403.0342910102,46.56390977443607,34.1
2028300,36005028300,Bronx,Kingsbridge-Marble Hill,283,9.9,15.6,Monitor,1288,348.0,3.0,45.0,34.93788819875776,25763.66459627329,78.4545454545455,10.2
2007500,36005007500,Bronx,Melrose,75,19.3,15.6,Produce,2915,177.0,2.0,199.0,68.26758147512864,32426.034648370496,53.145631067961176,19.4
4120100,36081120100,Queens,East Flushing,1201,22.3,15.5,Monitor,514,153.0,1.0,1.0,1.9455252918287937,52908.38521400778,79.68910256410231,11.2
4134702,36081134702,Queens,Fresh Meadows-Utopia,1347.02,8.8,15.5,Produce,1408,385.0,4.0,0.0,0.0,47340.19176136364,78.59745762711873,9.4
5018901,36085018901,Staten Island,Westerleigh-Castleton Corners,189.01,14.6,15.4,Produce,2165,232.0,2.0,16.0,7.390300230946882,40305.630484988455,63.71052631578959,17.8
4085300,36081085300,Queens,Flushing-Willets Point,853,22.6,15.4,Produce,2472,149.0,1.0,25.0,10.11326860841424,65296.73786407767,53.125,29.3
3063200,36047063200,Brooklyn,Sheepshead Bay-Manhattan Beach-Gerritsen Beach,632,21.8,15.3,Monitor,718,154.0,1.0,4.0,5.571030640668524,44465.41225626741,74.90625,25.2
4047300,36081047300,Queens,Elmhurst,473,19.4,15.3,Produce,2206,173.0,2.0,15.0,6.799637352674524,67941.50770625567,57.424892703862724,20.7
4122703,36081122703,Queens,Pomonok-Electchester-Hillcrest,1227.03,6.3,15.2,Produce,2694,527.0,5.0,0.0,0.0,42060.11135857461,73.64150943396248,7.0
5016901,36085016901,Staten Island,Westerleigh-Castleton Corners,169.01,20.3,15.2,Monitor,1153,164.0,1.0,10.0,8.673026886383347,40475.69817866435,68.04431137724555,21.6
2038800,36005038800,Bronx,Williamsbridge-Olinville,388,15.9,15.2,Monitor,849,208.0,2.0,46.0,54.18138987043581,27063.39222614841,77.28468899521522,15.7
4144700,36081144700,Queens,Bayside,1447,19.6,15.1,Monitor,1049,167.0,2.0,5.0,4.7664442326024785,52114.94184938036,70.40000000000009,16.6
4068300,36081068300,Queens,Elmhurst,683,30.5,15.1,Monitor,1143,106.0,1.0,26.0,22.747156605424323,40409.483814523184,61.02439024390242,31.8
3095600,36047095600,Brooklyn,Canarsie,956,18.3,15.0,Monitor,1211,173.0,2.0,35.0,28.90173410404624,30796.123864574733,68.42961608775113,21.7
5005000,36085005000,Staten Island,Grasmere-Arrochar-South Beach-Dongan Hills,50,28.9,15.0,Monitor,1394,110.0,1.0,27.0,19.368723098995694,43023.619081779056,57.8627684964199,11.6
4066100,36081066100,Queens,Middle Village,661,23.1,14.9,Monitor,674,136.0,1.0,5.0,7.4183976261127595,41762.13649851632,74.05605381165924,29.3
4134701,36081134701,Queens,Fresh Meadows-Utopia,1347.01,7.5,14.9,Produce,2607,417.0,4.0,0.0,0.0,54567.35519754507,70.42016806722677,8.4
4099701,36081099701,Queens,Bay Terrace-Clearview,997.01,15.0,14.8,Monitor,1298,208.0,2.0,4.0,3.0816640986132513,47128.82126348228,70.50390625,23.7
2035000,36005035000,Bronx,Pelham Gardens,350,25.3,14.8,Monitor,694,124.0,1.0,36.0,51.87319884726225,30120.951008645534,72.17567567567562,24.9
2036501,36005036501,Bronx,Tremont,365.01,35.2,14.7,Produce,1542,89.0,1.0,214.0,138.78080415045397,38936.459143968874,52.87619047619046,35.7
2031400,36005031400,Bronx,Pelham Gardens,314,14.8,14.7,Monitor,625,207.0,2.0,2.0,3.2,37210.4112,81.5777262180975,23.8
2015800,36005015800,Bronx,Throgs Neck-Schuylerville,158,28.0,14.7,Monitor,569,111.0,1.0,10.0,17.574692442882252,35305.78207381371,73.60515021459241,20.2
4152901,36081152901,Queens,Douglaston-Little Neck,1529.01,15.8,14.6,Produce,2310,194.0,2.0,15.0,6.493506493506494,50099.944155844154,58.957516339869244,17.2
4090700,36081090700,Queens,College Point,907,32.8,14.6,Monitor,471,93.0,1.0,7.0,14.8619957537155,39953.63057324841,73.8587360594795,39.4
4047802,36081047802,Queens,Hollis,478.02,10.2,14.5,Monitor,442,293.0,3.0,0.0,0.0,38899.343891402714,95.92086330935285,11.3
4017901,36081017901,Queens,Sunnyside,179.01,11.8,14.5,Monitor,491,257.0,2.0,0.0,0.0,44397.06720977597,90.85185185185196,12.5
2025100,36005025100,Bronx,University Heights (South)-Morris Heights,251,13.4,14.4,Produce,2441,222.0,2.0,210.0,86.03031544448997,28223.437115936093,60.6710097719872,13.2
3121000,36047121000,Brooklyn,East New York-City Line,1210,11.7,14.4,Produce,1444,254.0,2.0,25.0,17.31301939058172,28937.742382271466,72.0,14.0
4069400,36081069400,Queens,Springfield Gardens (South)-Brookville,694,25.7,14.3,Monitor,1059,114.0,1.0,57.0,53.82436260623229,32460.56657223796,63.82165605095565,26.0
3031401,36047031401,Brooklyn,Gravesend (South),314.01,6.8,14.3,Produce,2090,434.0,4.0,0.0,0.0,43156.25645933014,74.65771812080561,7.5
5013800,36085013800,Staten Island,Oakwood-Richmondtown,138,13.9,14.3,Produce,2481,212.0,2.0,14.0,5.642885933091495,47436.85933091495,59.23807251908397,10.0
5013204,36085013204,Staten Island,Oakwood-Richmondtown,132.04,17.3,14.2,Produce,1972,168.0,1.0,22.0,11.156186612576064,39666.65010141988,59.1364605543713,17.3
2033801,36005033801,Bronx,Allerton,338.01,5.8,14.2,Monitor,838,502.0,4.0,0.0,0.0,32771.67064439141,93.76763485477204,6.6
2000200,36005000200,Bronx,Soundview-Clason Point,2,10.3,14.1,Produce,1427,281.0,2.0,45.0,31.53468815697267,26684.842326559214,73.8193939393941,11.0
4049500,36081049500,Queens,Maspeth,495,17.8,14.1,Monitor,528,162.0,1.0,3.0,5.681818181818182,36632.670454545456,80.18897637795271,24.8
2038303,36005038303,Bronx,Fordham Heights,383.03,6.8,14.0,Monitor,1307,415.0,3.0,0.0,0.0,38324.16296863045,80.96000000000004,7.5
3067800,36047067800,Brooklyn,Flatlands,678,19.0,14.0,Monitor,834,152.0,1.0,25.0,29.97601918465228,30056.978417266186,72.58441558441564,19.0
4061602,36081061602,Queens,Rosedale,616.02,47.8,13.9,Monitor,361,59.0,0.0,11.0,30.470914127423825,43601.717451523546,70.97647058823509,48.5
4066501,36081066501,Queens,Middle Village,665.01,12.0,13.9,Produce,1482,234.0,2.0,5.0,3.373819163292848,39892.435222672066,70.30865746549557,14.0
4040502,36081040502,Queens,North Corona,405.02,13.4,13.8,Monitor,543,205.0,2.0,0.0,0.0,72956.45303867404,84.1029411764705,14.6
2012101,36005012101,Bronx,Crotona Park East,121.01,19.6,13.8,Monitor,1245,142.0,1.0,76.0,61.04417670682731,30075.63855421687,64.49038461538476,21.2
3033000,36047033000,Brooklyn,Coney Island-Sea Gate,330,32.3,13.8,Produce,2008,85.0,1.0,131.0,65.2390438247012,42094.8406374502,48.90654205607484,31.6
2004400,36005004400,Bronx,Soundview-Bruckner-Bronx River,44,9.6,13.7,Produce,1941,278.0,2.0,25.0,12.87995878413189,29767.217928902628,68.44047619047592,12.1
1024302,36061024302,Manhattan,Harlem (North),243.02,24.4,13.7,Produce,2598,112.0,1.0,71.0,27.328714395688994,42194.86143187067,49.0,29.1
5012806,36085012806,Staten Island,Oakwood-Richmondtown,128.06,18.8,13.6,Produce,2575,139.0,1.0,135.0,52.42718446601942,33420.023300970875,52.4085739282591,17.9
3023600,36047023600,Brooklyn,Borough Park,236,16.1,13.6,Produce,1828,164.0,1.0,9.0,4.923413566739606,61207.47921225383,60.56097560975604,19.6
5004003,36085004003,Staten Island,Rosebank-Shore Acres-Park Hill,40.03,5.4,13.5,Produce,1776,479.0,4.0,0.0,0.0,36446.80743243243,78.4296875,5.9
3090200,36047090200,Brooklyn,Brownsville,902,33.0,13.5,Produce,1420,79.0,1.0,42.0,29.577464788732392,48728.09154929577,52.61219512195112,33.2
4027800,36081027800,Queens,Baisley Park,278,19.6,13.4,Monitor,1276,131.0,1.0,32.0,25.078369905956112,33714.47492163009,62.522292993630344,25.3
3098800,36047098800,Brooklyn,Canarsie,988,15.6,13.4,Monitor,972,164.0,1.0,41.0,42.181069958847736,28224.166666666668,71.44010416666674,16.5
3103401,36047103401,Brooklyn,Canarsie,1034.01,7.0,13.4,Produce,1610,368.0,3.0,0.0,0.0,42517.73291925466,76.0,7.7
2004300,36005004300,Bronx,Mott Haven-Port Morris,43,29.5,13.3,Produce,2365,85.0,1.0,134.0,56.65961945031712,41588.09302325582,47.62121212121201,29.8
4033405,36081033405,Queens,Springfield Gardens (North)-Rochdale Village,334.05,14.0,13.3,Monitor,393,181.0,1.0,0.0,0.0,60057.93893129771,88.10862619808313,15.3
5007700,36085007700,Staten Island,St. George-New Brighton,77,21.9,13.2,Monitor,601,114.0,1.0,55.0,91.51414309484193,28413.14475873544,73.27532467532478,20.6
4065401,36081065401,Queens,Rosedale,654.01,5.5,13.2,Monitor,909,454.0,4.0,0.0,0.0,33296.46864686468,89.94892915980245,6.0
1018500,36061018500,Manhattan,Upper West Side-Manhattan Valley,185,19.8,13.1,Produce,3363,126.0,1.0,36.0,10.70472792149866,111505.44216473387,47.923076923076906,26.3
2012500,36005012500,Bronx,Crotona Park East,125,25.9,13.1,Produce,1519,96.0,1.0,136.0,89.53258722843977,34020.98946675444,54.0443037974685,26.3
3069602,36047069602,Brooklyn,Marine Park-Mill Basin-Bergen Beach,696.02,16.2,13.0,Produce,2260,152.0,1.0,37.0,16.371681415929203,36881.14026548673,55.63708260105432,17.6
3088001,36047088001,Brooklyn,Prospect Lefferts Gardens-Wingate,880.01,8.3,13.0,Monitor,812,296.0,2.0,0.0,0.0,40422.33866995074,83.62244897959204,8.9
4040902,36081040902,Queens,North Corona,409.02,9.8,12.9,Monitor,761,247.0,2.0,0.0,0.0,48568.86990801577,81.1279620853079,10.8
2018501,36005018501,Bronx,Morrisania,185.01,6.2,12.9,Produce,2267,391.0,3.0,0.0,0.0,42937.11865902073,71.7017543859647,6.9
3095000,36047095000,Brooklyn,Canarsie,950,24.7,12.9,Monitor,915,100.0,1.0,26.0,28.41530054644809,34627.11475409836,63.94063926940635,24.1
2026100,36005026100,Bronx,University Heights (North)-Fordham,261,9.4,12.8,Monitor,1116,255.0,2.0,23.0,20.60931899641577,26954.435483870966,76.0,8.0
3102000,36047102000,Brooklyn,Canarsie,1020,30.4,12.8,Monitor,599,79.0,1.0,20.0,33.3889816360601,34743.80634390651,66.90196078431359,33.8
1006200,36061006200,Manhattan,Murray Hill-Kips Bay,62,27.5,12.7,Produce,1471,86.0,1.0,16.0,10.876954452753228,130302.37933378654,53.0,21.0
4155104,36081155104,Queens,Glen Oaks-Floral Park-New Hyde Park,1551.04,8.4,12.7,Monitor,1284,278.0,2.0,0.0,0.0,50806.70560747664,75.00285714285724,8.9
2036502,36005036502,Bronx,Tremont,365.02,22.0,12.6,Monitor,999,104.0,1.0,77.0,77.07707707707708,30646.966966966967,63.08730158730168,22.1
2005902,36005005902,Bronx,Concourse-Concourse Village,59.02,4.6,12.6,Monitor,1394,502.0,4.0,0.0,0.0,34068.293400286944,83.41666666666674,5.2
4039901,36081039901,Queens,Corona,399.01,10.2,12.5,Monitor,586,223.0,2.0,0.0,0.0,45952.73037542662,84.2177419354839,11.1
3099600,36047099600,Brooklyn,Canarsie,996,16.1,12.5,Monitor,1117,140.0,1.0,33.0,29.54341987466428,30326.30259623993,66.1582733812952,19.6
3116200,36047116200,Brooklyn,East New York (North),1162,23.9,12.5,Monitor,799,95.0,1.0,33.0,41.30162703379224,32294.072590738422,65.12669683257923,27.0
4040301,36081040301,Queens,Corona,403.01,11.6,12.4,Monitor,612,190.0,1.0,0.0,0.0,58040.297385620914,80.4397905759165,12.2
5012804,36085012804,Staten Island,New Dorp-Midland Beach,128.04,16.1,12.4,Produce,1792,136.0,1.0,26.0,14.508928571428571,36889.15178571428,57.09384384384407,15.1
3097400,36047097400,Brooklyn,Canarsie,974,26.7,12.3,Monitor,630,82.0,1.0,36.0,57.14285714285714,31740.095238095237,66.55238095238087,28.1
2031000,36005031000,Bronx,Pelham Gardens,310,13.1,12.3,Monitor,1216,166.0,1.0,9.0,7.401315789473684,36598.37171052631,67.43976608187131,18.1
3102200,36047102200,Brooklyn,Canarsie,1022,15.5,12.2,Monitor,718,138.0,1.0,22.0,30.64066852367688,28585.604456824512,73.46753246753246,15.9
4040302,36081040302,Queens,North Corona,403.02,10.1,12.2,Monitor,1005,213.0,2.0,0.0,0.0,78908.0815920398,74.75912408759109,11.1
4098100,36081098100,Queens,Whitestone-Beechhurst,981,19.8,12.1,Monitor,895,108.0,1.0,4.0,4.4692737430167595,76568.32067039105,65.64492753623199,22.7
2044800,36005044800,Bronx,Wakefield-Woodlawn,448,15.1,12.1,Monitor,703,141.0,1.0,30.0,42.674253200568984,27664.054054054053,73.97136038186159,15.5
1017402,36061017402,Manhattan,East Harlem (South),174.02,33.7,12.1,Produce,1822,63.0,0.0,52.0,28.54006586169045,101133.6262349067,46.823529411764866,33.9
2034400,36005034400,Bronx,Pelham Gardens,344,19.5,12.0,Monitor,583,109.0,1.0,17.0,29.159519725557463,30102.658662092625,73.15210355987051,18.4
4033403,36081033403,Queens,Springfield Gardens (North)-Rochdale Village,334.03,3.3,12.0,Produce,5860,643.0,5.0,0.0,0.0,35760.33276450512,64.0,3.4
2019300,36005019300,Bronx,Highbridge,193,6.9,11.9,Produce,2656,300.0,2.0,178.0,67.01807228915662,25229.18674698795,64.23376623376635,7.1
2015500,36005015500,Bronx,Crotona Park East,155,18.4,11.9,Monitor,1133,113.0,1.0,82.0,72.37422771403354,29795.58693733451,62.25714285714275,16.4
5018701,36085018701,Staten Island,Westerleigh-Castleton Corners,187.01,20.0,11.8,Monitor,678,103.0,1.0,6.0,8.849557522123893,39510.44247787611,69.5481481481479,16.5
5005901,36085005901,Staten Island,West New Brighton-Silver Lake-Grymes Hill,59.01,7.7,11.8,Monitor,1192,267.0,2.0,0.0,0.0,46784.328859060406,75.60458452722082,8.5
2032400,36005032400,Bronx,Allerton,324,7.4,11.7,Monitor,1268,276.0,2.0,35.0,27.60252365930599,25657.854889589904,75.03289473684231,7.8
5013203,36085013203,Staten Island,Great Kills-Eltingville,132.03,11.5,11.7,Produce,2201,178.0,1.0,16.0,7.269422989550204,38530.01817355747,58.40050219711247,12.6
5007400,36085007400,Staten Island,Grasmere-Arrochar-South Beach-Dongan Hills,74,25.5,11.6,Produce,1635,79.0,1.0,39.0,23.853211009174313,43562.11009174312,50.65746421267909,20.0
4099703,36081099703,Queens,Bay Terrace-Clearview,997.03,13.9,11.6,Produce,2051,146.0,1.0,12.0,5.850804485616773,51633.47927840078,56.41876430205957,19.1
2000400,36005000400,Bronx,Soundview-Clason Point,4,11.3,11.6,Produce,2059,179.0,1.0,62.0,30.11170471102477,29044.052452646916,59.903039073805985,10.9
1013502,36061013502,Manhattan,Hell's Kitchen,135.02,6.6,11.5,Produce,3987,305.0,2.0,0.0,0.0,161184.87985954352,57.16666666666674,7.3
3092400,36047092400,Brooklyn,Brownsville,924,37.5,11.5,Produce,1564,53.0,0.0,142.0,90.7928388746803,51388.6010230179,46.804511278195605,36.2
2034800,36005034800,Bronx,Pelham Gardens,348,5.0,11.4,Produce,2080,400.0,3.0,61.0,29.326923076923077,24333.87980769231,73.47705146036151,6.2
4089201,36081089201,Queens,Howard Beach-Lindenwood,892.01,6.7,11.4,Produce,2540,296.0,2.0,0.0,0.0,59097.67322834646,64.88797023563438,7.4
4048301,36081048301,Queens,Elmhurst,483.01,9.0,11.3,Monitor,709,215.0,1.0,0.0,0.0,46219.04090267983,80.0140845070423,9.7
4120701,36081120701,Queens,East Flushing,1207.01,9.1,11.3,Monitor,926,217.0,1.0,0.0,0.0,54853.26025917927,76.30873493975923,9.9
3121400,36047121400,Brooklyn,East New York-City Line,1214,9.8,11.2,Produce,1919,195.0,1.0,29.0,15.112037519541428,30447.107868681604,62.5,12.7
3113200,36047113200,Brooklyn,East New York-New Lots,1132,41.4,11.2,Monitor,1083,46.0,0.0,64.0,59.095106186518926,59126.306555863346,48.91169451074006,34.0
2028400,36005028400,Bronx,Hutchinson Metro Center,284,39.7,11.2,Monitor,217,48.0,0.0,2.0,9.216589861751151,70380.41474654379,75.44444444444434,42.8
4004001,36081004001,Queens,Ozone Park (North),40.01,7.6,11.1,Monitor,729,250.0,2.0,0.0,0.0,40058.600823045264,82.44904458598717,8.5
3095400,36047095400,Brooklyn,Canarsie,954,11.2,11.1,Produce,1417,170.0,1.0,45.0,31.75723359209598,28073.563867325334,65.55686853766633,11.9
3098600,36047098600,Brooklyn,Canarsie,986,10.9,11.0,Monitor,893,170.0,1.0,31.0,34.71444568868981,26688.913773796194,73.3139013452917,10.6
2002002,36005002002,Bronx,Soundview-Clason Point,20.02,3.0,11.0,Produce,1458,623.0,4.0,0.0,0.0,28678.20987654321,86.53427895981076,3.0
4040101,36081040101,Queens,Corona,401.01,10.0,10.9,Monitor,715,181.0,1.0,0.0,0.0,57622.18461538461,77.61864406779682,10.9
4099802,36081099802,Queens,Far Rockaway-Bayswater,998.02,9.2,10.9,Produce,2786,195.0,1.0,177.0,63.53194544149318,27393.71895190237,56.30540540540551,9.1
5023900,36085023900,Staten Island,Mariner's Harbor-Arlington-Graniteville,239,15.4,10.8,Monitor,1098,116.0,1.0,31.0,28.233151183970858,31017.950819672133,63.46174142480231,13.8
2007300,36005007300,Bronx,Melrose,73,16.0,10.8,Produce,1785,110.0,1.0,133.0,74.50980392156863,30772.016806722688,53.36363636363649,15.8
2013100,36005013100,Bronx,Longwood,131,9.0,10.7,Produce,2466,192.0,1.0,196.0,79.48094079480941,26858.16098945661,57.38996138996163,9.0
2005001,36005005001,Bronx,Soundview-Bruckner-Bronx River,50.01,3.4,10.7,Produce,1854,495.0,3.0,0.0,0.0,31453.236245954693,78.32394366197195,3.5
4003301,36081003301,Queens,Queensbridge-Ravenswood-Dutch Kills,33.01,5.7,10.7,Produce,4740,307.0,2.0,0.0,0.0,95645.93544303798,54.58490566037767,6.4
2043102,36005043102,Bronx,Norwood,431.02,1.6,10.6,Produce,1917,1030.0,7.0,0.0,0.0,26375.46165884194,91.36111111111131,1.6
4049202,36081049202,Queens,Queens Village,492.02,7.3,10.6,Monitor,521,231.0,1.0,0.0,0.0,36949.52015355086,87.25427872860632,8.2
4040701,36081040701,Queens,Corona,407.01,9.4,10.5,Monitor,811,175.0,1.0,0.0,0.0,60660.96424167694,74.99346405228766,10.3
2023100,36005023100,Bronx,Mount Hope,231,4.9,10.5,Monitor,1109,334.0,2.0,23.0,20.739404869251576,20901.695220919748,79.9565217391305,5.0
2003700,36005003700,Bronx,Mott Haven-Port Morris,37,17.6,10.4,Monitor,96,90.0,1.0,11.0,114.58333333333333,20432.5,113.79999999999995,15.3
3101400,36047101400,Brooklyn,Canarsie,1014,14.5,10.4,Monitor,755,110.0,1.0,28.0,37.08609271523179,28517.08609271523,68.62527233115475,14.8
3094402,36047094402,Brooklyn,Flatlands,944.02,5.1,10.3,Monitor,1188,309.0,2.0,29.0,24.410774410774412,22943.939393939392,78.0,5.9
3054500,36047054500,Brooklyn,South Williamsburg,545,30.8,10.3,Produce,2043,51.0,0.0,78.0,38.1791483113069,63503.97356828194,43.71428571428555,23.8
2031800,36005031800,Bronx,Pelham Gardens,318,12.4,10.3,Monitor,590,127.0,1.0,5.0,8.474576271186441,32351.237288135595,74.9668508287291,11.7
4075701,36081075701,Queens,Forest Hills,757.01,15.3,10.2,Produce,2737,101.0,1.0,27.0,9.864815491413957,55756.58969674826,47.82608695652152,13.4
3025700,36047025700,Brooklyn,Bedford-Stuyvesant (West),257,28.3,10.2,Monitor,1215,55.0,0.0,18.0,14.814814814814815,102213.15884773663,49.46694214876038,35.1
2012701,36005012701,Bronx,Longwood,127.01,21.0,10.1,Monitor,878,73.0,0.0,59.0,67.19817767653758,31691.51480637813,58.934782608695514,21.5
3122000,36047122000,Brooklyn,East New York-City Line,1220,28.6,10.1,Produce,2297,54.0,0.0,259.0,112.75576839355682,43394.84936874184,42.83130434782606,27.7
3102600,36047102600,Brooklyn,Canarsie,1026,13.8,10.0,Monitor,851,110.0,1.0,42.0,49.35370152761457,28090.92831962397,66.47677261613671,13.0
4084602,36081084602,Queens,South Ozone Park,846.02,34.4,10.0,Monitor,258,44.0,0.0,6.0,23.25581395348837,37562.558139534885,71.64367816091954,42.3
4071702,36081071702,Queens,Rego Park,717.02,12.8,9.9,Produce,2125,116.0,1.0,8.0,3.764705882352941,99387.81129411765,52.481481481481524,13.8
5006400,36085006400,Staten Island,Grasmere-Arrochar-South Beach-Dongan Hills,64,13.6,9.9,Monitor,1325,110.0,1.0,12.0,9.056603773584905,38574.97358490566,58.75300400534047,14.6
3069601,36047069601,Brooklyn,Marine Park-Mill Basin-Bergen Beach,696.01,16.3,9.8,Monitor,1306,89.0,1.0,56.0,42.87901990811638,31846.266462480857,56.02650602409631,18.0
4037501,36081037501,Queens,Corona,375.01,12.1,9.8,Monitor,362,121.0,1.0,0.0,0.0,62997.43922651934,81.83962264150955,13.1
4027102,36081027102,Queens,Elmhurst,271.02,2.0,9.8,Monitor,889,724.0,4.0,0.0,0.0,26194.926884139484,102.77999999999997,2.1
4094201,36081094201,Queens,Rockaway Beach-Arverne-Edgemere,942.01,27.6,9.7,Produce,1406,51.0,0.0,78.0,55.47652916073969,39746.63584637269,47.8256880733943,27.4
5014604,36085014604,Staten Island,Great Kills-Eltingville,146.04,8.9,9.7,Produce,2520,161.0,1.0,17.0,6.746031746031746,37649.555555555555,54.08770917484162,9.5
5014605,36085014605,Staten Island,Great Kills-Eltingville,146.05,12.0,9.6,Produce,1430,118.0,1.0,8.0,5.594405594405594,42357.503496503494,58.67814113597251,9.6
5024401,36085024401,Staten Island,Tottenville-Charleston,244.01,12.6,9.6,Produce,2240,111.0,1.0,17.0,7.589285714285714,46180.97410714286,50.88881829733168,15.2
5003600,36085003600,Staten Island,Rosebank-Shore Acres-Park Hill,36,18.5,9.5,Monitor,884,74.0,0.0,28.0,31.674208144796378,33001.59841628959,58.813271604938336,14.1
2033201,36005033201,Bronx,Allerton,332.01,8.3,9.5,Produce,2015,165.0,1.0,103.0,51.116625310173696,26787.580148883375,58.63888888888869,8.2
3088002,36047088002,Brooklyn,East Flatbush-Rugby,880.02,8.0,9.4,Monitor,498,167.0,1.0,0.0,0.0,40721.80722891566,81.82629107981234,8.7
5030301,36085030301,Staten Island,Mariner's Harbor-Arlington-Graniteville,303.01,11.2,9.4,Produce,1635,119.0,1.0,34.0,20.795107033639145,31299.618960244647,56.7889518413599,7.9
4027600,36081027600,Queens,Baisley Park,276,23.3,9.4,Monitor,395,58.0,0.0,14.0,35.44303797468355,31710.07594936709,68.9871244635192,24.2
4155101,36081155101,Queens,Glen Oaks-Floral Park-New Hyde Park,1551.01,11.4,9.3,Produce,1844,116.0,1.0,3.0,1.6268980477223427,91270.93275488069,54.0,6.1
5017300,36085017300,Staten Island,Todt Hill-Emerson Hill-Lighthouse Hill-Manor Heights,173,21.6,9.3,Monitor,943,61.0,0.0,14.0,14.846235418875928,43214.06150583245,54.60837438423641,22.3
4048302,36081048302,Queens,Woodside,483.02,8.9,9.2,Monitor,607,147.0,1.0,0.0,0.0,51816.87479406919,77.00442477876118,9.5
3110600,36047110600,Brooklyn,East New York-New Lots,1106,28.9,9.2,Produce,1899,45.0,0.0,124.0,65.29752501316483,46609.95260663507,43.0,25.8
4040501,36081040501,Queens,Corona,405.01,13.3,9.1,Monitor,273,95.0,1.0,0.0,0.0,80499.69230769231,82.72499999999991,14.3
3101800,36047101800,Brooklyn,Canarsie,1018,14.1,9.1,Monitor,768,87.0,0.0,22.0,28.645833333333332,30071.924479166668,64.4436090225563,12.8
1001001,36061001001,Manhattan,Lower East Side,10.01,8.6,9.0,Monitor,839,138.0,1.0,0.0,0.0,70584.02860548272,71.0,9.3
5018902,36085018902,Staten Island,Todt Hill-Emerson Hill-Lighthouse Hill-Manor Heights,189.02,14.2,9.0,Produce,1702,85.0,0.0,21.0,12.338425381903642,40353.82373678026,51.45812807881771,9.4
4004401,36081004401,Queens,Ozone Park,44.01,4.9,8.9,Monitor,972,242.0,1.0,0.0,0.0,36410.58641975309,77.37987679671437,5.6
4101004,36081101004,Queens,Far Rockaway-Bayswater,1010.04,3.8,8.9,Produce,2191,298.0,2.0,0.0,0.0,35791.63943404838,67.24050632911394,3.9
5027900,36085027900,Staten Island,Todt Hill-Emerson Hill-Lighthouse Hill-Manor Heights,279,22.9,8.9,Monitor,692,51.0,0.0,6.0,8.670520231213873,66223.26589595375,56.87732919254631,18.6
2013800,36005013800,Bronx,Throgs Neck-Schuylerville,138,6.5,8.8,Monitor,1235,174.0,1.0,28.0,22.672064777327936,26260.314979757084,67.8847457627121,6.7
5015602,36085015602,Staten Island,Great Kills-Eltingville,156.02,10.5,8.8,Monitor,1199,107.0,1.0,1.0,0.8340283569641368,52826.90075062552,60.2059336823736,5.8
4099200,36081099200,Queens,Far Rockaway-Bayswater,992,15.7,8.7,Produce,1715,71.0,0.0,123.0,71.72011661807579,32502.83498542274,48.384987893462494,16.0
4030906,36081030906,Queens,Jackson Heights,309.06,4.1,8.7,Produce,1569,269.0,1.0,0.0,0.0,35692.50478011472,71.640625,4.3
2013000,36005013000,Bronx,Throgs Neck-Schuylerville,130,8.2,8.6,Monitor,446,134.0,1.0,5.0,11.210762331838565,27332.01793721973,79.8093220338983,7.7
1009902,36061009902,Manhattan,Chelsea-Hudson Yards,99.02,5.3,8.6,Produce,3900,204.0,1.0,0.0,0.0,173380.04666666666,52.0,5.8
3100400,36047100400,Brooklyn,Canarsie,1004,8.1,8.5,Monitor,785,132.0,1.0,25.0,31.84713375796178,26075.617834394903,71.37837837837833,8.3
4040901,36081040901,Queens,Corona,409.01,10.4,8.5,Monitor,448,104.0,1.0,0.0,0.0,70996.74107142857,76.08333333333371,11.4
5015603,36085015603,Staten Island,Great Kills-Eltingville,156.03,11.1,8.5,Produce,1696,91.0,0.0,13.0,7.665094339622642,40672.035377358494,52.098876404494376,3.2
1031704,36061031704,Manhattan,Financial District-Battery Park City,317.04,12.2,8.4,Produce,5462,81.0,0.0,56.0,10.252654705236177,169188.28249725376,35.631578947368325,11.7
5017702,36085017702,Staten Island,Todt Hill-Emerson Hill-Lighthouse Hill-Manor Heights,177.02,7.3,8.4,Monitor,909,135.0,1.0,0.0,0.0,56235.64356435643,69.1492734478204,8.3
3099800,36047099800,Brooklyn,Canarsie,998,8.4,8.3,Monitor,1242,114.0,1.0,40.0,32.206119162640896,27358.898550724636,60.93408662900197,10.0
4099705,36081099705,Queens,Bay Terrace-Clearview,997.05,13.0,8.3,Monitor,1116,76.0,0.0,7.0,6.272401433691757,47396.01254480287,55.850622406639104,16.3
3107800,36047107800,Brooklyn,East New York-New Lots,1078,11.5,8.2,Monitor,660,82.0,0.0,31.0,46.96969696969697,27240.272727272728,66.00258397932794,11.2
4021601,36081021601,Queens,Kew Gardens,216.01,6.7,8.2,Monitor,1352,141.0,1.0,0.0,0.0,67332.5399408284,63.19230769230762,7.4
4097206,36081097206,Queens,Rockaway Beach-Arverne-Edgemere,972.06,3.6,8.1,Monitor,1084,260.0,1.0,0.0,0.0,32587.057195571957,76.87200000000007,3.8
3098400,36047098400,Brooklyn,Canarsie,984,13.2,8.1,Monitor,582,71.0,0.0,21.0,36.08247422680412,28668.35910652921,65.81366459627316,15.0
5011401,36085011401,Staten Island,Grasmere-Arrochar-South Beach-Dongan Hills,114.01,6.9,8.0,Monitor,1378,134.0,1.0,24.0,17.41654571843251,28047.5,62.08847736625512,7.2
1015501,36061015501,Manhattan,Upper West Side-Lincoln Square,155.01,4.9,8.0,Produce,3687,189.0,1.0,0.0,0.0,138664.19392459994,51.72727272727275,5.7
4116301,36081116301,Queens,Murray Hill-Broadway Flushing,1163.01,5.6,8.0,Produce,2160,166.0,1.0,0.0,0.0,64464.73981481481,57.170068027210846,6.3
5027302,36085027302,Staten Island,Todt Hill-Emerson Hill-Lighthouse Hill-Manor Heights,273.02,14.4,7.9,Monitor,1342,64.0,0.0,16.0,11.922503725782414,41607.379284649774,50.276376146788834,12.9
5029102,36085029102,Staten Island,New Springville-Willowbrook-Bulls Head-Travis,291.02,17.7,7.9,Monitor,1118,51.0,0.0,16.0,14.311270125223613,44055.45617173524,49.5036269430052,21.7
5020804,36085020804,Staten Island,Annadale-Huguenot-Prince's Bay-Woodrow,208.04,10.7,7.8,Produce,2140,82.0,0.0,17.0,7.94392523364486,43557.2523364486,48.01937984496112,7.0
3034200,36047034200,Brooklyn,Coney Island-Sea Gate,342,16.9,7.8,Produce,3341,51.0,0.0,152.0,45.49536067045794,42076.54893744388,35.90000000000009,17.7
1014500,36061014500,Manhattan,Upper West Side-Lincoln Square,145,10.1,7.7,Produce,4728,85.0,0.0,31.0,6.55668358714044,433580.6747038917,39.11111111111131,10.4
5023100,36085023100,Staten Island,Mariner's Harbor-Arlington-Graniteville,231,8.8,7.7,Monitor,1383,98.0,0.0,42.0,30.368763557483728,28433.19884309472,56.31502590673608,5.0
4049201,36081049201,Queens,Jamaica Estates-Holliswood,492.01,3.1,7.6,Monitor,1296,276.0,1.0,0.0,0.0,31266.22685185185,74.78512396694236,3.1
5009602,36085009602,Staten Island,Grasmere-Arrochar-South Beach-Dongan Hills,96.02,4.4,7.6,Produce,1522,194.0,1.0,0.0,0.0,39832.49868593955,66.37694013303758,4.8
3120801,36047120801,Brooklyn,East New York-City Line,1208.01,2.5,7.6,Monitor,1237,339.0,2.0,0.0,0.0,29251.285367825385,78.62615101289111,2.6
2030100,36005030100,Bronx,Riverdale-Spuyten Duyvil,301,17.8,7.5,Monitor,653,47.0,0.0,4.0,6.1255742725880555,74217.79479326187,56.7704918032789,20.1
4122704,36081122704,Queens,Pomonok-Electchester-Hillcrest,1227.04,5.2,7.5,Produce,1779,162.0,1.0,0.0,0.0,51961.52107925801,60.70731707317077,5.8
4066402,36081066402,Queens,Rosedale,664.02,3.4,7.4,Monitor,1145,240.0,1.0,0.0,0.0,32557.991266375546,74.70236439499331,3.5
5013201,36085013201,Staten Island,Oakwood-Richmondtown,132.01,11.6,7.4,Monitor,601,71.0,0.0,1.0,1.663893510815308,47103.84359400998,65.1182170542636,6.4
5027705,36085027705,Staten Island,New Springville-Willowbrook-Bulls Head-Travis,277.05,11.0,7.3,Produce,1775,72.0,0.0,25.0,14.084507042253522,36458.704225352114,48.35457516339875,9.2
2031600,36005031600,Bronx,Pelham Gardens,316,6.7,7.3,Monitor,687,120.0,1.0,5.0,7.278020378457059,29499.781659388645,71.92137592137601,4.7
4077905,36081077905,Queens,Kew Gardens Hills,779.05,12.1,7.2,Monitor,1242,64.0,0.0,12.0,9.66183574879227,39863.52979066023,51.903846153846416,9.8
2003800,36005003800,Bronx,Soundview-Clason Point,38,10.8,7.2,Monitor,547,73.0,0.0,12.0,21.937842778793417,28699.689213893966,67.00751879699237,12.4
2014701,36005014701,Bronx,Claremont Village-Claremont (East),147.01,4.0,7.1,Produce,2151,192.0,1.0,83.0,38.58670385867038,22651.464435146445,60.5,4.2
2033602,36005033602,Bronx,Williamsbridge-Olinville,336.02,4.5,7.1,Monitor,690,163.0,1.0,0.0,0.0,35572.565217391304,76.375,4.9
2007700,36005007700,Bronx,Melrose,77,24.3,7.1,Monitor,636,31.0,0.0,59.0,92.76729559748426,34731.836477987425,50.62820512820531,23.9
3016400,36047016400,Brooklyn,Fort Hamilton,164,3.8,7.0,Monitor,522,190.0,1.0,2.0,3.8314176245210727,26203.96551724138,83.5454545454545,5.7
4046902,36081046902,Queens,Elmhurst,469.02,3.6,7.0,Monitor,1240,204.0,1.0,0.0,0.0,34425.1935483871,70.9776119402984,3.7
4100803,36081100803,Queens,Far Rockaway-Bayswater,1008.03,3.3,6.9,Produce,1585,218.0,1.0,0.0,0.0,34471.77981072555,67.46380090497769,3.4
5019800,36085019800,Staten Island,Annadale-Huguenot-Prince's Bay-Woodrow,198,10.5,6.9,Produce,2550,68.0,0.0,22.0,8.627450980392156,48279.41176470588,44.892193308550304,10.7
4004002,36081004002,Queens,Ozone Park,40.02,5.4,6.8,Monitor,395,129.0,1.0,0.0,0.0,35380.86075949367,81.21118012422357,6.0
1009901,36061009901,Manhattan,Chelsea-Hudson Yards,99.01,6.0,6.8,Produce,1973,116.0,0.0,0.0,0.0,378917.88342625444,53.0,6.7
2007100,36005007100,Bronx,Melrose,71,19.4,6.7,Produce,2184,35.0,0.0,66.0,30.21978021978022,53457.08745421245,36.375,17.0
1011700,36061011700,Manhattan,Chelsea-Hudson Yards,117,23.3,6.7,Produce,2935,29.0,0.0,117.0,39.86371379897785,184476.6930153322,17.799999999999955,18.7
5011201,36085011201,Staten Island,New Dorp-Midland Beach,112.01,8.2,6.7,Produce,2016,84.0,0.0,24.0,11.904761904761903,34216.74107142857,48.869047619047706,5.4
5017701,36085017701,Staten Island,Todt Hill-Emerson Hill-Lighthouse Hill-Manor Heights,177.01,5.9,6.6,Produce,1613,112.0,0.0,0.0,0.0,86953.70303781773,56.11654387139993,6.7
4006201,36081006201,Queens,Howard Beach-Lindenwood,62.01,2.6,6.6,Produce,2955,258.0,1.0,0.0,0.0,34807.034856175975,59.9375,2.7
3072000,36047072000,Brooklyn,Flatlands,720,16.0,6.5,Monitor,667,41.0,0.0,27.0,40.479760119940025,32329.745127436283,53.20973782771512,15.2
2018502,36005018502,Bronx,Morrisania,185.02,1.6,6.5,Produce,2395,406.0,2.0,0.0,0.0,29638.69770354906,71.44910179640715,1.7
5014607,36085014607,Staten Island,Great Kills-Eltingville,146.07,8.5,6.4,Produce,1714,76.0,0.0,15.0,8.751458576429405,36541.55834305718,49.16833333333352,4.8
5009601,36085009601,Staten Island,Grasmere-Arrochar-South Beach-Dongan Hills,96.01,4.3,6.4,Produce,1593,149.0,1.0,0.0,0.0,41979.52165725047,61.39915522703291,4.5
4026502,36081026502,Queens,Woodside,265.02,8.0,6.3,Monitor,439,79.0,0.0,0.0,0.0,54114.60364464692,72.33333333333371,8.7
2043101,36005043101,Bronx,Norwood,431.01,0.5,6.3,Produce,1901,1260.0,5.0,0.0,0.0,23792.872172540767,95.92000000000007,0.5
4155103,36081155103,Queens,Glen Oaks-Floral Park-New Hyde Park,1551.03,4.0,6.2,Produce,2310,154.0,1.0,0.0,0.0,43550.71428571428,55.471337579617966,4.1
4066401,36081066401,Queens,Rosedale,664.01,4.8,6.2,Monitor,529,129.0,0.0,0.0,0.0,36393.28922495274,77.16486486486474,5.5
2006900,36005006900,Bronx,Melrose,69,5.4,6.2,Produce,2881,115.0,0.0,169.0,58.66018743491843,26480.680319333565,48.28358208955251,5.6
4084901,36081084901,Queens,Flushing-Willets Point,849.01,5.8,6.1,Monitor,1348,101.0,0.0,0.0,0.0,69376.54080118694,57.043478260869506,6.5
4087100,36081087100,Queens,Flushing-Willets Point,871,14.5,6.1,Produce,2977,41.0,0.0,43.0,14.444071212630165,139162.4316425932,35.04819277108436,13.4
4006202,36081006202,Queens,Howard Beach-Lindenwood,62.02,2.9,6.0,Produce,2313,200.0,1.0,0.0,0.0,35478.750540423694,59.815457413249305,2.9
1023803,36061023803,Manhattan,Upper East Side-Lenox Hill-Roosevelt Island,238.03,5.6,6.0,Produce,1768,104.0,0.0,0.0,0.0,121950.592760181,53.0,6.1
2020501,36005020501,Bronx,University Heights (South)-Morris Heights,205.01,1.8,5.9,Produce,8140,320.0,1.0,226.0,27.764127764127764,11049.128992628992,48.25,1.7
5031901,36085031901,Staten Island,Mariner's Harbor-Arlington-Graniteville,319.01,9.3,5.9,Monitor,1093,61.0,0.0,54.0,49.40530649588289,28364.986276303753,52.72972972972957,9.6
2046203,36005046203,Bronx,Co-op City,462.03,8.5,5.8,Monitor,312,62.0,0.0,0.0,0.0,54205.28846153846,73.84615384615404,9.0
3091800,36047091800,Brooklyn,Brownsville,918,25.2,5.8,Monitor,1210,22.0,0.0,60.0,49.586776859504134,50601.09917355372,39.16516516516526,22.5
1008601,36061008601,Manhattan,Murray Hill-Kips Bay,86.01,4.7,5.8,Produce,2506,117.0,0.0,0.0,0.0,176969.56424581006,49.59999999999991,5.5
3032800,36047032800,Brooklyn,Coney Island-Sea Gate,328,17.9,5.7,Monitor,1080,28.0,0.0,52.0,48.148148148148145,37155.166666666664,44.7504488330344,17.6
2004001,36005004001,Bronx,Castle Hill-Unionport,40.01,2.8,5.7,Monitor,539,186.0,1.0,0.0,0.0,29120.816326530614,82.66666666666674,2.9
5017009,36085017009,Staten Island,Annadale-Huguenot-Prince's Bay-Woodrow,170.09,7.1,5.6,Produce,1803,70.0,0.0,9.0,4.9916805324459235,41195.97337770383,48.171824104234474,6.3
4116302,36081116302,Queens,Murray Hill-Broadway Flushing,1163.02,4.3,5.6,Monitor,1197,115.0,0.0,0.0,0.0,41610.69841269841,62.02097902097921,4.6
3028502,36047028502,Brooklyn,Bedford-Stuyvesant (East),285.02,5.2,5.5,Produce,1803,94.0,0.0,15.0,8.319467554076539,31598.83527454243,52.0,8.0
4039902,36081039902,Queens,North Corona,399.02,4.7,5.5,Monitor,715,104.0,0.0,0.0,0.0,40512.60979020979,68.6081081081079,5.3
3053900,36047053900,Brooklyn,South Williamsburg,539,18.0,5.4,Monitor,822,26.0,0.0,15.0,18.24817518248175,45496.358880778585,46.28947368421041,17.1
5017600,36085017600,Staten Island,Annadale-Huguenot-Prince's Bay-Woodrow,176,9.9,5.4,Produce,1886,47.0,0.0,14.0,7.423117709437964,55621.49522799576,44.527569775357506,10.2
5017012,36085017012,Staten Island,Great Kills-Eltingville,170.12,6.6,5.4,Produce,1691,69.0,0.0,9.0,5.322294500295683,38771.38971023063,48.36931380107967,4.9
5029104,36085029104,Staten Island,New Springville-Willowbrook-Bulls Head-Travis,291.04,5.9,5.3,Produce,2379,77.0,0.0,17.0,7.145859604875998,36188.67339218159,46.335025380710704,4.1
4088903,36081088903,Queens,Murray Hill-Broadway Flushing,889.03,2.7,5.3,Produce,1741,167.0,1.0,0.0,0.0,34692.57897759908,62.0114503816792,2.7
4101003,36081101003,Queens,Far Rockaway-Bayswater,1010.03,3.1,5.2,Produce,1494,140.0,0.0,0.0,0.0,35326.06492637216,61.92857142857156,3.1
5017011,36085017011,Staten Island,Great Kills-Eltingville,170.11,5.1,5.2,Produce,1842,84.0,0.0,6.0,3.257328990228013,37290.238870792615,49.509569377990374,4.7
4028802,36081028802,Queens,Baisley Park,288.02,3.5,5.1,Monitor,595,117.0,0.0,0.0,0.0,33069.20168067227,73.84114583333371,3.6
4097202,36081097202,Queens,Rockaway Beach-Arverne-Edgemere,972.02,23.8,5.1,Monitor,1094,17.0,0.0,271.0,247.71480804387568,43787.90676416819,36.0,23.6
5018704,36085018704,Staten Island,Todt Hill-Emerson Hill-Lighthouse Hill-Manor Heights,187.04,4.2,5.0,Monitor,1205,96.0,0.0,0.0,0.0,43752.42323651452,57.93833131801671,4.5
1015502,36061015502,Manhattan,Upper West Side-Lincoln Square,155.02,4.0,5.0,Produce,3480,102.0,0.0,0.0,0.0,147605.77931034483,45.5,4.2
3105804,36047105804,Brooklyn,Spring Creek-Starrett City,1058.04,7.6,4.9,Produce,4574,51.0,0.0,123.0,26.89112374289462,35953.36029733275,33.674999999999955,8.1
5002002,36085002002,Staten Island,Grasmere-Arrochar-South Beach-Dongan Hills,20.02,4.6,4.9,Monitor,1106,84.0,0.0,0.0,0.0,54286.53345388788,57.08319467554088,5.3
3001300,36047001300,Brooklyn,Downtown Brooklyn-DUMBO-Boerum Hill,13,8.9,4.9,Produce,2086,44.0,0.0,12.0,5.752636625119846,87233.64189837009,40.875,7.1
3070601,36047070601,Brooklyn,Marine Park-Mill Basin-Bergen Beach,706.01,4.4,4.8,Monitor,1069,87.0,0.0,0.0,0.0,46633.33021515435,58.44097693351432,4.9
4097205,36081097205,Queens,Rockaway Beach-Arverne-Edgemere,972.05,2.4,4.8,Monitor,1395,160.0,0.0,0.0,0.0,32752.90322580645,64.5,2.4
3025902,36047025902,Brooklyn,Bedford-Stuyvesant (West),259.02,3.1,4.7,Monitor,1046,115.0,0.0,19.0,18.164435946462717,22482.79158699809,64.0,3.6
4088902,36081088902,Queens,Flushing-Willets Point,889.02,3.5,4.7,Produce,2951,105.0,0.0,0.0,0.0,51879.50898000678,47.491228070175566,3.6
2016900,36005016900,Bronx,Claremont Village-Claremont (East),169,24.5,4.6,Monitor,643,14.0,0.0,38.0,59.09797822706065,43405.61430793157,42.1978021978025,24.9
3049301,36047049301,Brooklyn,East Williamsburg,493.01,0.8,4.6,Monitor,964,440.0,1.0,0.0,0.0,25354.979253112033,88.0,0.9
5017005,36085017005,Staten Island,Annadale-Huguenot-Prince's Bay-Woodrow,170.05,6.1,4.5,Produce,1902,54.0,0.0,9.0,4.73186119873817,42192.192429022085,45.22335766423362,4.6
3050700,36047050700,Brooklyn,South Williamsburg,507,10.8,4.5,Produce,1579,32.0,0.0,11.0,6.966434452184927,161757.5826472451,40.09999999999991,9.8
5007002,36085007002,Staten Island,Grasmere-Arrochar-South Beach-Dongan Hills,70.02,2.9,4.5,Produce,1896,118.0,0.0,0.0,0.0,37738.43829113924,53.92494639027882,3.0
5020803,36085020803,Staten Island,Annadale-Huguenot-Prince's Bay-Woodrow,208.03,6.0,4.4,Produce,2712,52.0,0.0,15.0,5.530973451327434,45190.099557522124,39.32448537378127,6.2
4000103,36081000103,Queens,Long Island City-Hunters Point,1.03,23.2,4.4,Monitor,17,13.0,0.0,0.0,0.0,143133.5294117647,101.20000000000005,25.4
3101600,36047101600,Brooklyn,Canarsie,1016,6.4,4.3,Monitor,451,47.0,0.0,5.0,11.086474501108649,28838.9800443459,63.198529411764866,4.0
2033601,36005033601,Bronx,Allerton,336.01,0.1,4.3,Produce,11746,3032.0,8.0,0.0,0.0,3536.983654009876,77.88888888888869,0.1
4004500,36081004500,Queens,Queensbridge-Ravenswood-Dutch Kills,45,7.9,4.2,Produce,1587,36.0,0.0,14.0,8.821676118462507,41098.37429111531,42.73456790123441,8.5
5030302,36085030302,Staten Island,Mariner's Harbor-Arlington-Graniteville,303.02,6.3,4.2,Produce,1828,47.0,0.0,38.0,20.787746170678336,31176.513676148796,44.539174389216896,6.2
2002702,36005002702,Bronx,Mott Haven-Port Morris,27.02,2.0,4.1,Produce,1779,138.0,0.0,0.0,0.0,33845.885328836426,57.230088495575274,2.1
5012805,36085012805,Staten Island,Oakwood-Richmondtown,128.05,7.8,4.1,Monitor,844,37.0,0.0,7.0,8.293838862559243,36268.791469194315,49.035114503816885,7.8
2011701,36005011701,Bronx,Hunts Point,117.01,0.6,4.0,Monitor,612,450.0,1.0,0.0,0.0,22561.666666666668,99.31578947368439,0.7
4091603,36081091603,Queens,Breezy Point-Belle Harbor-Rockaway Park-Broad Channel,916.03,0.2,4.0,Produce,2837,1296.0,3.0,0.0,0.0,12106.279520620374,88.0,0.3
4096400,36081096400,Queens,Rockaway Beach-Arverne-Edgemere,964,5.3,4.0,Produce,2013,49.0,0.0,94.0,46.69647292598112,28002.80476900149,43.14649033570731,5.2
5011203,36085011203,Staten Island,New Dorp-Midland Beach,112.03,2.4,3.9,Produce,2327,108.0,0.0,0.0,0.0,38193.674258702194,49.56380753138069,2.5
5007001,36085007001,Staten Island,Grasmere-Arrochar-South Beach-Dongan Hills,70.01,3.9,3.9,Monitor,986,66.0,0.0,0.0,0.0,41986.58215010142,55.55033557046954,4.0
3050900,36047050900,Brooklyn,South Williamsburg,509,7.8,3.8,Monitor,1063,31.0,0.0,2.0,1.8814675446848543,129636.29727187206,45.36094674556239,8.6
2008400,36005008400,Bronx,Castle Hill-Unionport,84,4.5,3.8,Monitor,744,55.0,0.0,24.0,32.25806451612903,25781.935483870966,56.91326530612241,5.4
5014608,36085014608,Staten Island,Great Kills-Eltingville,146.08,5.7,3.7,Monitor,1275,42.0,0.0,7.0,5.490196078431373,37526.75294117647,46.482364156339145,4.3
4030905,36081030905,Queens,Jackson Heights,309.05,1.4,3.7,Monitor,1206,168.0,0.0,0.0,0.0,29674.303482587064,67.76299376299357,1.4
5014606,36085014606,Staten Island,Great Kills-Eltingville,146.06,4.8,3.6,Produce,2350,49.0,0.0,20.0,8.51063829787234,35661.125957446806,40.53503562945366,3.3
3091000,36047091000,Brooklyn,Brownsville,910,8.5,3.6,Produce,2535,25.0,0.0,71.0,28.007889546351084,37601.18343195266,29.464285714285552,8.9
4100804,36081100804,Queens,Far Rockaway-Bayswater,1008.04,1.8,3.6,Monitor,1130,127.0,0.0,0.0,0.0,31670.203539823007,64.1621621621623,1.9
1001401,36061001401,Manhattan,Lower East Side,14.01,3.9,3.5,Produce,1806,54.0,0.0,0.0,0.0,97560.30564784053,45.66666666666674,4.0
5024402,36085024402,Staten Island,Tottenville-Charleston,244.02,7.1,3.5,Produce,1715,30.0,0.0,15.0,8.746355685131196,42540.74810495627,37.8523925385241,5.1
5018703,36085018703,Staten Island,Todt Hill-Emerson Hill-Lighthouse Hill-Manor Heights,187.03,3.2,3.4,Monitor,1130,65.0,0.0,0.0,0.0,40107.55752212389,52.77790697674391,3.2
1031703,36061031703,Manhattan,Financial District-Battery Park City,317.03,7.4,3.4,Produce,2805,28.0,0.0,19.0,6.773618538324421,209102.34188948307,23.818181818181984,7.2
5032300,36085032300,Staten Island,Mariner's Harbor-Arlington-Graniteville,323,12.6,3.3,Monitor,334,16.0,0.0,24.0,71.8562874251497,29926.88622754491,50.86524822695037,12.9
2002001,36005002001,Bronx,Soundview-Clason Point,20.01,0.3,3.3,Produce,1841,675.0,1.0,0.0,0.0,24800.66268332428,83.68421052631606,0.3
5027706,36085027706,Staten Island,New Springville-Willowbrook-Bulls Head-Travis,277.06,7.7,3.2,Monitor,931,26.0,0.0,9.0,9.66702470461869,38186.10848549946,45.09053497942409,7.9
4066403,36081066403,Queens,Rosedale,664.03,1.3,3.2,Monitor,1321,150.0,0.0,0.0,0.0,30259.52460257381,64.4343891402716,1.4
1014700,36061014700,Manhattan,Upper West Side-Lincoln Square,147,6.2,3.1,Produce,1650,31.0,0.0,2.0,1.2121212121212122,158596.54787878788,39.25,6.9
3001502,36047001502,Brooklyn,Downtown Brooklyn-DUMBO-Boerum Hill,15.02,2.8,3.1,Produce,4825,69.0,0.0,0.0,0.0,160094.6416580311,35.52380952380963,2.8
5004004,36085004004,Staten Island,Rosebank-Shore Acres-Park Hill,40.04,2.7,3.1,Monitor,898,71.0,0.0,0.0,0.0,35895.33407572383,57.721753794266306,2.8
5004001,36085004001,Staten Island,Tompkinsville-Stapleton-Clifton-Fox Hills,40.01,2.3,3.0,Monitor,888,80.0,0.0,0.0,0.0,33806.95945945946,60.6572668112799,2.4
3005302,36047005302,Brooklyn,Carroll Gardens-Cobble Hill-Gowanus-Red Hook,53.02,3.7,3.0,Monitor,406,51.0,0.0,0.0,0.0,36005.98522167488,66.14285714285711,3.9
3034000,36047034000,Brooklyn,Coney Island-Sea Gate,340,18.8,2.9,Monitor,970,10.0,0.0,34.0,35.05154639175258,73511.44329896907,31.0,12.4
2007400,36005007400,Bronx,Castle Hill-Unionport,74,4.1,2.9,Produce,1410,45.0,0.0,48.0,34.04255319148936,26559.23404255319,46.304487179487296,4.4
1023804,36061023804,Manhattan,Upper East Side-Lenox Hill-Roosevelt Island,238.04,1.7,2.8,Produce,10540,105.0,0.0,0.0,0.0,83026.59962049336,19.090909090909236,1.8
5027704,36085027704,Staten Island,New Springville-Willowbrook-Bulls Head-Travis,277.04,5.5,2.8,Produce,1472,33.0,0.0,10.0,6.793478260869565,38459.47622282609,42.39009900990072,6.5
5020701,36085020701,Staten Island,Port Richmond,207.01,0.5,2.7,Monitor,1047,338.0,1.0,0.0,0.0,25731.489971346706,81.07263513513522,0.6
4084902,36081084902,Queens,Flushing-Willets Point,849.02,3.7,2.7,Produce,1745,48.0,0.0,0.0,0.0,79947.07507163324,45.05454545454563,3.8
5027301,36085027301,Staten Island,New Springville-Willowbrook-Bulls Head-Travis,273.01,7.1,2.7,Produce,1502,25.0,0.0,10.0,6.657789613848202,54125.95938748336,36.450771055753194,5.1
5017016,36085017016,Staten Island,Arden Heights-Rossville,170.16,2.7,2.6,Produce,1579,60.0,0.0,0.0,0.0,41210.12032932236,48.01440922190204,2.7
4025401,36081025401,Queens,South Jamaica,254.01,1.4,2.6,Monitor,969,119.0,0.0,0.0,0.0,30116.503611971104,65.95510204081643,1.5
2030201,36005030201,Bronx,Co-op City,302.01,0.3,2.5,Produce,4573,531.0,1.0,0.0,0.0,27053.29542969604,64.87878787878799,0.4
3056302,36047056302,Brooklyn,Greenpoint,563.02,2.5,2.5,Produce,4828,61.0,0.0,0.0,0.0,127412.49005799503,34.434782608695514,2.5
5029106,36085029106,Staten Island,New Springville-Willowbrook-Bulls Head-Travis,291.06,2.2,2.4,Monitor,1154,69.0,0.0,0.0,0.0,35755.00866551127,53.08713692946071,2.2
4001902,36081001902,Queens,Long Island City-Hunters Point,19.02,1.8,2.4,Produce,8354,84.0,0.0,0.0,0.0,104845.0700263347,28.574468085106446,1.9
3053102,36047053102,Brooklyn,South Williamsburg,531.02,4.2,2.3,Monitor,1061,36.0,0.0,0.0,0.0,102517.93402450519,46.7216494845361,4.4
1015403,36061015403,Manhattan,Upper East Side-Yorkville,154.03,3.2,2.3,Produce,2249,44.0,0.0,0.0,0.0,141391.76211649622,39.71428571428555,3.3
3080800,36047080800,Brooklyn,Prospect Lefferts Gardens-Wingate,808,26.9,2.2,Monitor,502,5.0,0.0,57.0,113.54581673306772,73125.89641434263,13.0,26.8
1019701,36061019701,Manhattan,Morningside Heights,197.01,12.4,2.2,Monitor,931,11.0,0.0,12.0,12.88936627282492,128757.03544575725,34.0,15.2
4000101,36081000101,Queens,Long Island City-Hunters Point,1.01,1.9,2.2,Produce,6637,66.0,0.0,0.0,0.0,108029.32981768872,19.5,2.0
1002901,36061002901,Manhattan,Tribeca-Civic Center,29.01,7.2,2.1,Monitor,182,17.0,0.0,0.0,0.0,158568.13186813187,62.0,8.0
1015102,36061015102,Manhattan,Upper West Side-Lincoln Square,151.02,2.2,2.1,Produce,5468,55.0,0.0,0.0,0.0,229717.83321141184,17.42857142857156,2.2
3003101,36047003101,Brooklyn,Fort Greene,31.01,2.6,2.0,Produce,3381,46.0,0.0,0.0,0.0,104882.65927240462,34.83333333333371,2.6
2033802,36005033802,Bronx,Williamsbridge-Olinville,338.02,0.7,2.0,Monitor,644,164.0,0.0,0.0,0.0,26292.99689440994,77.71212121212125,0.8
5002001,36085002001,Staten Island,Rosebank-Shore Acres-Park Hill,20.01,1.5,1.9,Monitor,977,70.0,0.0,0.0,0.0,32878.997952917096,56.615384615384755,1.6
5027702,36085027702,Staten Island,New Springville-Willowbrook-Bulls Head-Travis,277.02,4.5,1.9,Produce,2400,24.0,0.0,35.0,14.583333333333334,35027.309583333335,31.276485788113632,4.5
5029105,36085029105,Staten Island,New Springville-Willowbrook-Bulls Head-Travis,291.05,1.2,1.8,Produce,1581,84.0,0.0,0.0,0.0,33496.47122074636,52.06633291614526,1.3
1009400,36061009400,Manhattan,Midtown-Times Square,94,9.6,1.8,Monitor,65,10.0,0.0,0.0,0.0,215750.76923076922,69.33333333333371,10.5
3002901,36047002901,Brooklyn,Fort Greene,29.01,3.0,1.8,Monitor,1051,32.0,0.0,0.0,0.0,47824.16745956232,45.75,3.1
4000102,36081000102,Queens,Long Island City-Hunters Point,1.02,2.1,1.7,Produce,3803,38.0,0.0,0.0,0.0,140170.32579542467,17.636363636363512,2.2
4003700,36081003700,Queens,Queensbridge-Ravenswood-Dutch Kills,37,21.9,1.7,Monitor,405,4.0,0.0,18.0,44.44444444444444,85225.55555555556,12.0,1.8
5022602,36085022602,Staten Island,Tottenville-Charleston,226.02,3.6,1.6,Monitor,578,20.0,0.0,0.0,0.0,52542.456747404845,47.063965884861545,3.7
2009302,36005009302,Bronx,Hunts Point,93.02,16.3,1.6,Monitor,8,5.0,0.0,0.0,0.0,66712.5,93.0,17.9
2046209,36005046209,Bronx,Eastchester-Edenwald-Baychester,462.09,1.3,1.5,Monitor,1174,52.0,0.0,0.0,0.0,34599.608177172064,49.440298507462785,1.3
2048401,36005048401,Bronx,Eastchester-Edenwald-Baychester,484.01,0.6,1.5,Monitor,1219,116.0,0.0,0.0,0.0,28432.79737489746,61.9392971246009,0.6
3120803,36047120803,Brooklyn,East New York-City Line,1208.03,1.9,1.4,Monitor,580,33.0,0.0,0.0,0.0,35264.963793103445,52.739644970414474,2.0
3107001,36047107001,Brooklyn,Spring Creek-Starrett City,1070.01,1.5,1.4,Produce,4411,44.0,0.0,0.0,0.0,59463.38426660621,13.022471910112472,1.5
5017013,36085017013,Staten Island,Arden Heights-Rossville,170.13,1.1,1.3,Produce,1481,45.0,0.0,0.0,0.0,36373.57191087103,46.03277545327751,1.2
2004200,36005004200,Bronx,Soundview-Clason Point,42,1.0,1.3,Produce,2781,48.0,0.0,119.0,42.790363178712695,23730.806544408486,37.38983050847446,1.0
1009903,36061009903,Manhattan,Chelsea-Hudson Yards,99.03,2.2,1.3,Produce,2153,22.0,0.0,0.0,0.0,336071.7714816535,11.400000000000091,2.3
4091800,36081091800,Queens,Jacob Riis Park-Fort Tilden-Breezy Point Tip,918,13.5,1.2,Monitor,9,3.0,0.0,0.0,0.0,120940.0,81.55555555555566,14.7
3102801,36047102801,Brooklyn,Canarsie,1028.01,0.9,1.2,Monitor,499,50.0,0.0,0.0,0.0,29551.82965931864,62.47807017543846,1.0
2004600,36005004600,Bronx,Soundview-Clason Point,46,5.0,1.1,Monitor,694,7.0,0.0,34.0,48.99135446685879,30215.0144092219,32.200000000000045,5.4
5017007,36085017007,Staten Island,Arden Heights-Rossville,170.07,2.1,1.1,Produce,1828,18.0,0.0,13.0,7.111597374179431,32972.65973741794,28.63922518159802,1.1
5017015,36085017015,Staten Island,Arden Heights-Rossville,170.15,1.1,1.0,Monitor,1071,29.0,0.0,0.0,0.0,36944.20168067227,45.01208053691289,1.2
5017014,36085017014,Staten Island,Arden Heights-Rossville,170.14,0.9,1.0,Produce,1418,31.0,0.0,0.0,0.0,35655.33568406206,40.90724946695127,0.9
3001801,36047001801,Brooklyn,Sunset Park (West),18.01,14.4,0.9,Monitor,2,1.0,0.0,0.0,0.0,48240.0,96.0,15.8
3120802,36047120802,Brooklyn,East New York-City Line,1208.02,0.8,0.9,Monitor,319,21.0,0.0,0.0,0.0,30096.39498432602,55.0,0.8
4017902,36081017902,Queens,Sunnyside,179.02,21.1,0.9,Monitor,2,1.0,0.0,0.0,0.0,221850.0,95.0,23.1
4107202,36081107202,Queens,Jamaica Bay (East),1072.02,14.1,0.8,Monitor,1,1.0,0.0,0.0,0.0,42660.0,106.0,15.5
2027600,36005027600,Bronx,Pelham Bay Park,276,18.1,0.8,Monitor,1,1.0,0.0,0.0,0.0,55440.0,101.0,19.4
5022601,36085022601,Staten Island,Annadale-Huguenot-Prince's Bay-Woodrow,226.01,0.4,0.7,Produce,2635,28.0,0.0,0.0,0.0,37832.84629981025,32.969165337586446,0.5
5020805,36085020805,Staten Island,Arden Heights-Rossville,208.05,0.4,0.7,Produce,2116,28.0,0.0,0.0,0.0,35791.43194706994,34.53718411552359,0.4
2046208,36005046208,Bronx,Eastchester-Edenwald-Baychester,462.08,0.1,0.6,Monitor,1299,110.0,0.0,0.0,0.0,26283.046189376444,59.083582089552465,0.1
4038301,36081038301,Queens,Flushing-Willets Point,383.01,1.2,0.6,Monitor,881,9.0,0.0,0.0,0.0,53445.28944381385,2.0,1.3
5020806,36085020806,Staten Island,Arden Heights-Rossville,208.06,0.9,0.5,Monitor,984,10.0,0.0,0.0,0.0,44710.85365853659,31.500792393027268,0.9
5009702,36085009702,Staten Island,Snug Harbor,97.02,9.8,0.5,Monitor,1,1.0,0.0,0.0,0.0,35340.0,127.0,10.7
3044902,36047044902,Brooklyn,East Williamsburg,449.02,8.6,0.4,Monitor,6,1.0,0.0,0.0,0.0,229949.83333333334,66.0,9.2
5004002,36085004002,Staten Island,Rosebank-Shore Acres-Park Hill,40.02,0.4,0.4,Monitor,986,10.0,0.0,0.0,0.0,38547.902636916835,27.998868778280894,0.4
4156700,36081156700,Queens,Bellerose,1567,1.3,0.4,Monitor,250,2.0,0.0,1.0,4.0,33653.04,24.0693069306933,0.2
2046205,36005046205,Bronx,Co-op City,462.05,1.7,0.3,Monitor,100,1.0,0.0,0.0,0.0,59242.5,34.0,1.8
4017101,36081017101,Queens,Sunnyside Yards (South),171.01,1.0,0.3,Monitor,185,2.0,0.0,0.0,0.0,49395.40540540541,2.0,1.1
3005303,36047005303,Brooklyn,Carroll Gardens-Cobble Hill-Gowanus-Red Hook,53.03,2.3,0.2,Monitor,70,1.0,0.0,0.0,0.0,361240.02857142856,5.0,2.3
4021900,36081021900,Queens,Maspeth,219,9.4,0.2,Monitor,1,0.0,0.0,0.0,0.0,1012500.0,68.0,10.3
5022801,36085022801,Staten Island,Freshkills Park (South),228.01,0.7,0.1,Monitor,27,1.0,0.0,0.0,0.0,33261.11111111111,46.2777777777776,0.7
2043501,36005043501,Bronx,Williamsbridge-Olinville,435.01,0.2,0.1,Monitor,484,5.0,0.0,0.0,0.0,36214.17355371901,12.200000000000045,0.2
2046204,36005046204,Bronx,Co-op City,462.04,0.0,0.0,Produce,10914,810.0,0.0,0.0,0.0,24998.790544255084,57.0,0.0
